pm10,pm2_5,carbon_monoxide,nitrogen_dioxide,sulphur_dioxide,ozone,aerosol_optical_depth,dust,uv_index,year,month,day,day_of_week,aqi_lag1,aqi_lag2,aqi_lag3,aqi_rolling_mean,day1_target,day2_target,day3_target
69.79583333333333,46.875,1091.125,39.67083333333333,16.370833333333334,88.375,0.7754166666666666,8.541666666666666,1.7125,2022,8,8,0,150.625,109.91666666666669,113.05263157894736,130.25,155.20833333333334,158.16666666666666,147.08333333333334
88.175,61.11666666666667,1624.9166666666667,57.0875,22.995833333333334,92.95833333333331,0.4920833333333334,2.1666666666666665,2.097916666666667,2022,8,9,1,130.20833333333334,150.625,109.91666666666669,145.34722222222223,158.16666666666666,147.08333333333334,82.58333333333333
97.04583333333332,67.5625,1522.5,66.175,25.879166666666663,92.41666666666669,0.5158333333333334,1.125,1.96875,2022,8,10,2,155.20833333333334,130.20833333333334,150.625,147.86111111111111,147.08333333333334,82.58333333333333,122.875
57.96666666666667,40.141666666666666,898.625,45.3125,14.333333333333334,44.25,0.5804166666666667,1.75,0.8895833333333334,2022,8,11,3,158.16666666666666,155.20833333333334,130.20833333333334,153.48611111111111,82.58333333333333,122.875,137.41666666666666
41.5375,28.9,806.25,36.145833333333336,14.129166666666668,58.208333333333336,0.1370833333333333,0.75,2.54375,2022,8,12,4,147.08333333333334,158.16666666666666,155.20833333333334,129.27777777777777,122.875,137.41666666666666,99.625
72.08333333333333,49.94583333333333,1311.5,55.36666666666667,22.1125,75.70833333333333,0.2633333333333333,1.875,2.3541666666666665,2022,8,13,5,82.58333333333333,147.08333333333334,158.16666666666666,117.5138888888889,137.41666666666666,99.625,100.58333333333331
63.97083333333333,42.1875,728.75,33.475,18.554166666666667,101.20833333333331,0.60875,10.833333333333334,1.8083333333333331,2022,8,14,6,122.875,82.58333333333333,147.08333333333334,114.29166666666667,99.625,100.58333333333331,104.83333333333331
46.17083333333333,31.245833333333334,593.4583333333334,28.02083333333333,13.645833333333334,66.16666666666667,0.52625,4.416666666666667,0.9333333333333332,2022,8,15,0,137.41666666666666,122.875,82.58333333333333,119.97222222222221,100.58333333333331,104.83333333333331,91.58333333333331
60.270833333333336,41.73333333333333,1016.625,41.90833333333333,15.945833333333333,61.625,0.2579166666666667,1.5416666666666667,1.725,2022,8,16,1,99.625,137.41666666666666,122.875,112.54166666666667,104.83333333333331,91.58333333333331,111.04166666666669
46.01666666666667,28.84583333333333,518.25,26.579166666666666,11.766666666666666,64.29166666666667,0.3141666666666666,14.375,1.7666666666666666,2022,8,17,2,100.58333333333331,99.625,137.41666666666666,101.68055555555554,91.58333333333331,111.04166666666669,130.08333333333334
58.4125,38.391666666666666,854.375,34.15,17.729166666666668,74.54166666666667,0.3270833333333333,10.0,2.029166666666667,2022,8,18,3,104.83333333333331,100.58333333333331,99.625,98.99999999999996,111.04166666666669,130.08333333333334,115.25
60.6625,39.40416666666666,1296.875,42.9625,20.9625,57.25,0.3625,12.916666666666666,1.477083333333333,2022,8,19,4,91.58333333333331,104.83333333333331,100.58333333333331,102.48611111111109,130.08333333333334,115.25,160.0
70.2375,44.5125,1275.2083333333333,47.18333333333334,20.304166666666667,82.04166666666667,0.5620833333333334,17.75,1.5458333333333334,2022,8,20,5,111.04166666666669,91.58333333333331,104.83333333333331,110.90277777777777,115.25,160.0,155.16666666666666
80.3875,49.0625,1149.6666666666667,40.99166666666667,21.6875,86.25,0.6045833333333334,27.291666666666668,1.8708333333333331,2022,8,21,6,130.08333333333334,111.04166666666669,91.58333333333331,118.79166666666667,160.0,155.16666666666666,113.70833333333331
121.73333333333332,76.94583333333334,2124.0,68.40416666666667,30.766666666666666,83.29166666666667,0.5725,31.375,1.875,2022,8,22,0,115.25,130.08333333333334,111.04166666666669,135.11111111111111,155.16666666666666,113.70833333333331,88.75
73.62083333333334,49.65416666666667,968.7916666666666,45.35833333333333,17.216666666666665,91.54166666666669,0.5575,8.375,1.8645833333333333,2022,8,23,1,160.0,115.25,130.08333333333334,143.4722222222222,113.70833333333331,88.75,123.33333333333331
48.333333333333336,28.954166666666666,469.25,21.95,13.479166666666666,79.20833333333333,0.3670833333333334,20.291666666666668,1.9208333333333332,2022,8,24,2,155.16666666666666,160.0,115.25,142.95833333333334,88.75,123.33333333333331,161.5
52.65,33.7625,594.5416666666666,26.683333333333334,15.3875,89.58333333333333,0.5404166666666667,11.75,1.725,2022,8,25,3,113.70833333333331,155.16666666666666,160.0,119.20833333333333,123.33333333333331,161.5,148.25
81.71666666666667,51.63333333333333,1254.0833333333333,43.68333333333334,22.09583333333333,83.79166666666667,0.5133333333333333,20.041666666666668,1.70625,2022,8,26,4,88.75,113.70833333333331,155.16666666666666,108.59722222222221,161.5,148.25,124.5
114.875,74.54583333333333,2335.5,65.97500000000001,34.891666666666666,89.91666666666667,0.5366666666666667,20.25,1.6416666666666666,2022,8,27,5,123.33333333333331,88.75,113.70833333333331,124.52777777777776,148.25,124.5,116.95833333333331
77.39166666666667,49.9125,1254.0,54.725,20.695833333333333,74.58333333333333,0.5470833333333333,14.125,1.675,2022,8,28,6,161.5,123.33333333333331,88.75,144.3611111111111,124.5,116.95833333333331,172.20833333333334
58.2,37.766666666666666,790.4583333333334,35.604166666666664,14.683333333333332,96.20833333333331,0.6783333333333333,10.833333333333334,1.3729166666666666,2022,8,29,0,148.25,161.5,123.33333333333331,144.75,116.95833333333331,172.20833333333334,161.66666666666666
78.94166666666666,53.55,1441.7916666666667,53.4125,24.20833333333333,99.125,0.645,6.75,1.54375,2022,8,30,1,124.5,148.25,161.5,129.90277777777774,172.20833333333334,161.66666666666666,182.0
135.21666666666667,92.50416666666666,2881.0416666666665,90.79166666666669,37.05416666666667,95.79166666666669,0.63875,7.833333333333333,1.5166666666666666,2022,8,31,2,116.95833333333331,124.5,148.25,137.88888888888889,161.66666666666666,182.0,163.875
101.81666666666666,67.77916666666667,2157.2916666666665,74.60000000000001,24.854166666666668,82.91666666666667,0.48125,11.708333333333334,1.7625000000000002,2022,9,1,3,172.20833333333334,116.95833333333331,124.5,150.27777777777774,182.0,163.875,152.625
113.2125,74.825,2017.5416666666667,70.25,25.34583333333333,132.41666666666666,0.6995833333333333,15.0,1.3416666666666668,2022,9,2,4,161.66666666666666,172.20833333333334,116.95833333333331,171.95833333333334,163.875,152.625,117.41666666666669
103.24166666666667,68.15416666666667,1617.4583333333333,51.775,22.816666666666663,105.375,0.5641666666666666,14.25,1.5208333333333333,2022,9,3,5,182.0,161.66666666666666,172.20833333333334,169.18055555555554,152.625,117.41666666666669,131.04166666666666
75.10000000000001,48.0875,975.8333333333334,40.141666666666666,16.683333333333334,95.0,0.54125,16.583333333333332,1.5604166666666666,2022,9,4,6,163.875,182.0,161.66666666666666,166.16666666666666,117.41666666666669,131.04166666666666,161.33333333333334
61.97083333333333,38.16666666666666,589.2083333333334,25.9,15.2625,102.25,0.5979166666666667,19.875,1.5375,2022,9,5,0,152.625,163.875,182.0,144.63888888888889,131.04166666666666,161.33333333333334,178.29166666666666
92.02083333333331,54.99583333333334,1138.375,43.3,19.625,102.16666666666669,0.7174999999999999,35.625,1.4145833333333335,2022,9,6,1,117.41666666666669,152.625,163.875,133.69444444444443,161.33333333333334,178.29166666666666,167.58333333333334
123.54166666666669,77.07916666666667,2024.5,66.65833333333333,29.3,94.41666666666669,0.6254166666666666,35.833333333333336,1.4125,2022,9,7,2,131.04166666666666,117.41666666666669,152.625,136.5972222222222,178.29166666666666,167.58333333333334,156.125
144.04166666666666,94.83333333333331,2717.25,84.42083333333333,34.9,104.5,0.7575,24.291666666666668,1.4229166666666666,2022,9,8,3,161.33333333333334,131.04166666666666,117.41666666666669,156.88888888888889,167.58333333333334,156.125,156.91666666666666
103.65,69.06666666666666,1164.5416666666667,44.5875,19.95833333333333,110.08333333333331,0.9745833333333334,14.875,1.1333333333333333,2022,9,9,4,178.29166666666666,161.33333333333334,131.04166666666666,169.06944444444446,156.125,156.91666666666666,158.20833333333334
95.42916666666667,64.97500000000001,1123.7916666666667,38.454166666666666,14.545833333333334,91.83333333333331,1.0954166666666667,8.541666666666666,1.0083333333333333,2022,9,10,5,167.58333333333334,178.29166666666666,161.33333333333334,167.33333333333334,156.91666666666666,158.20833333333334,167.25
97.80416666666667,66.35833333333333,1199.625,43.5125,18.1125,91.91666666666669,1.2133333333333334,9.791666666666666,0.9270833333333334,2022,9,11,6,156.125,167.58333333333334,178.29166666666666,160.20833333333334,158.20833333333334,167.25,162.33333333333334
97.23333333333332,67.02083333333333,1453.5833333333333,51.69166666666666,19.22083333333333,91.33333333333331,0.8320833333333333,5.333333333333333,1.3666666666666665,2022,9,12,0,156.91666666666666,156.125,167.58333333333334,157.08333333333334,167.25,162.33333333333334,162.70833333333334
114.58333333333331,78.9875,2276.583333333333,65.32916666666667,27.166666666666668,97.08333333333331,0.7145833333333332,5.25,1.3729166666666668,2022,9,13,1,158.20833333333334,156.91666666666666,156.125,160.79166666666666,162.33333333333334,162.70833333333334,159.33333333333334
99.1125,68.47083333333333,1850.0833333333333,62.8625,20.8375,94.08333333333331,0.7166666666666667,4.416666666666667,1.2729166666666667,2022,9,14,2,167.25,158.20833333333334,156.91666666666666,162.59722222222223,162.70833333333334,159.33333333333334,162.70833333333334
103.2125,70.83333333333333,1559.4583333333333,61.575,23.120833333333334,96.875,0.6933333333333334,6.75,1.34375,2022,9,15,3,162.33333333333334,167.25,158.20833333333334,164.0972222222222,159.33333333333334,162.70833333333334,171.375
106.82916666666668,71.87083333333332,993.9166666666666,41.583333333333336,18.941666666666663,107.41666666666669,1.06,13.833333333333334,1.18125,2022,9,16,4,162.70833333333334,162.33333333333334,167.25,161.45833333333334,162.70833333333334,171.375,175.91666666666666
113.94166666666666,76.8125,1456.5,42.60833333333333,25.025,110.625,0.975,14.0,1.16875,2022,9,17,5,159.33333333333334,162.70833333333334,162.33333333333334,161.58333333333334,171.375,175.91666666666666,171.41666666666666
136.11666666666667,92.4,2458.333333333333,65.24583333333334,32.05833333333333,88.66666666666667,0.6816666666666666,12.708333333333334,1.25625,2022,9,18,6,162.70833333333334,159.33333333333334,162.70833333333334,164.4722222222222,175.91666666666666,171.41666666666666,171.5
140.74583333333334,94.42916666666667,2796.208333333333,89.25833333333333,33.075,96.5,0.6091666666666666,16.291666666666668,1.43125,2022,9,19,0,171.375,162.70833333333334,159.33333333333334,169.99999999999997,171.41666666666666,171.5,128.5
128.38750000000002,86.12083333333334,1737.9166666666667,66.6875,30.15833333333333,93.66666666666669,0.8554166666666667,15.791666666666666,0.9291666666666668,2022,9,20,1,175.91666666666666,171.375,162.70833333333334,172.90277777777774,171.5,128.5,96.33333333333331
116.94583333333333,79.11666666666666,1452.1666666666667,54.49583333333334,26.1875,90.29166666666669,0.9054166666666666,11.583333333333334,1.1020833333333333,2022,9,21,2,171.41666666666666,175.91666666666666,171.375,172.94444444444443,128.5,96.33333333333331,76.70833333333333
50.325,34.52916666666667,705.8333333333334,31.65,13.591666666666669,63.583333333333336,0.4179166666666666,3.0,1.5916666666666668,2022,9,22,3,171.5,171.41666666666666,175.91666666666666,157.13888888888889,96.33333333333331,76.70833333333333,70.875
45.49583333333334,31.42083333333333,731.7916666666666,34.11666666666667,16.0125,72.58333333333333,0.2733333333333334,1.5,1.6020833333333335,2022,9,23,4,128.5,171.5,171.41666666666666,132.1111111111111,76.70833333333333,70.875,93.08333333333331
29.758333333333336,20.83333333333333,570.4166666666666,29.066666666666663,9.308333333333334,68.20833333333333,0.3841666666666667,0.0,0.4604166666666667,2022,9,24,5,96.33333333333331,128.5,171.5,100.51388888888887,70.875,93.08333333333331,168.66666666666666
33.579166666666666,23.45,675.5833333333334,27.641666666666666,9.508333333333333,80.08333333333333,0.3587499999999999,0.25,1.5125,2022,9,25,6,76.70833333333333,96.33333333333331,128.5,81.30555555555554,93.08333333333331,168.66666666666666,170.70833333333334
71.64999999999999,48.5625,1458.3333333333333,45.333333333333336,23.825,78.125,0.6104166666666667,6.583333333333333,1.2895833333333333,2022,9,26,0,70.875,76.70833333333333,96.33333333333331,80.22222222222221,168.66666666666666,170.70833333333334,169.5
139.51666666666668,95.7375,3322.833333333333,99.15833333333336,41.891666666666666,91.41666666666669,0.5345833333333333,7.541666666666667,1.2666666666666666,2022,9,27,1,93.08333333333331,70.875,76.70833333333333,110.87499999999999,170.70833333333334,169.5,169.875
129.48333333333332,88.21666666666665,2400.9166666666665,95.53333333333336,31.39583333333333,86.41666666666667,0.64125,10.166666666666666,1.275,2022,9,28,2,168.66666666666666,93.08333333333331,70.875,144.15277777777774,169.5,169.875,162.58333333333334
144.27083333333334,96.77916666666664,2249.625,77.80416666666666,30.316666666666663,78.29166666666667,0.8525,16.458333333333332,1.05625,2022,9,29,3,170.70833333333334,168.66666666666666,93.08333333333331,169.625,169.875,162.58333333333334,159.66666666666666
126.30833333333334,84.14583333333333,2080.375,77.1375,26.058333333333334,73.95833333333333,0.6304166666666666,16.291666666666668,1.2541666666666669,2022,9,30,4,169.5,170.70833333333334,168.66666666666666,170.02777777777774,162.58333333333334,159.66666666666666,166.58333333333334
115.24583333333334,77.26666666666667,1647.0416666666667,66.21249999999999,24.304166666666664,75.04166666666667,0.5575,12.958333333333334,1.2708333333333333,2022,10,1,5,169.875,169.5,170.70833333333334,167.31944444444443,159.66666666666666,166.58333333333334,172.29166666666666
109.7625,74.28750000000001,1540.625,55.09166666666667,26.079166666666666,83.91666666666667,0.4879166666666667,9.375,1.3291666666666666,2022,10,2,6,162.58333333333334,169.875,169.5,164.04166666666663,166.58333333333334,172.29166666666666,171.5
135.12083333333334,92.1,1950.5833333333333,59.28333333333333,43.125,82.20833333333333,0.4329166666666666,8.458333333333334,1.3354166666666665,2022,10,3,0,159.66666666666666,162.58333333333334,169.875,162.94444444444443,172.29166666666666,171.5,163.625
148.97083333333333,101.46666666666664,1278.5833333333333,43.475,54.04583333333333,89.83333333333333,0.435,9.791666666666666,1.3354166666666665,2022,10,4,1,166.58333333333334,159.66666666666666,162.58333333333334,166.18055555555554,171.5,163.625,167.08333333333334
135.11666666666667,91.73333333333332,1131.0416666666667,33.94166666666667,47.28333333333333,107.625,0.4479166666666667,10.625,1.31875,2022,10,5,2,172.29166666666666,166.58333333333334,159.66666666666666,170.125,163.625,167.08333333333334,158.70833333333334
118.19166666666666,79.55,851.0416666666666,29.55,40.016666666666666,103.95833333333331,0.5220833333333333,11.916666666666666,1.2208333333333334,2022,10,6,3,171.5,172.29166666666666,166.58333333333334,169.13888888888889,167.08333333333334,158.70833333333334,155.33333333333334
117.35,79.75833333333334,807.5416666666666,21.17083333333333,38.15416666666667,124.16666666666669,0.6616666666666667,9.625,1.1291666666666669,2022,10,7,4,163.625,171.5,172.29166666666666,167.40277777777777,158.70833333333334,155.33333333333334,151.125
99.02083333333331,68.00833333333334,989.8333333333334,38.2125,24.95,93.33333333333331,0.5929166666666666,5.875,1.1666666666666667,2022,10,8,5,167.08333333333334,163.625,171.5,163.13888888888889,155.33333333333334,151.125,94.91666666666669
92.72083333333336,62.00833333333333,1097.7083333333333,49.3375,23.741666666666664,72.29166666666667,0.6295833333333333,12.375,1.1291666666666669,2022,10,9,6,158.70833333333334,167.08333333333334,163.625,160.37499999999997,151.125,94.91666666666669,97.875
69.375,46.78333333333333,812.75,36.16666666666666,17.375,84.54166666666667,0.9116666666666666,7.583333333333333,0.9083333333333332,2022,10,10,0,155.33333333333334,158.70833333333334,167.08333333333334,155.05555555555554,94.91666666666669,97.875,161.0
36.85833333333333,25.379166666666663,673.5416666666666,29.9125,11.145833333333334,71.25,0.5025000000000001,1.9166666666666667,0.8666666666666667,2022,10,11,1,151.125,155.33333333333334,158.70833333333334,133.79166666666666,97.875,161.0,175.66666666666666
71.93333333333334,50.075,1510.9583333333333,53.80416666666667,18.441666666666663,58.29166666666666,0.4666666666666666,1.125,1.1666666666666667,2022,10,12,2,94.91666666666669,151.125,155.33333333333334,114.63888888888887,161.0,175.66666666666666,185.375
144.0,99.00416666666666,2897.083333333333,93.5,38.23333333333333,63.125,0.5995833333333334,6.833333333333333,0.9666666666666668,2022,10,13,3,97.875,94.91666666666669,151.125,117.93055555555554,175.66666666666666,185.375,173.16666666666666
162.68333333333334,111.53333333333336,2883.6666666666665,89.3875,39.766666666666666,72.33333333333333,0.5166666666666667,9.875,1.04375,2022,10,14,4,161.0,97.875,94.91666666666669,144.8472222222222,185.375,173.16666666666666,181.5
172.38333333333333,118.6625,3076.958333333333,90.03333333333335,37.91666666666666,76.20833333333333,0.4833333333333333,8.208333333333334,1.1,2022,10,15,5,175.66666666666666,161.0,97.875,174.01388888888889,173.16666666666666,181.5,183.29166666666663
150.76250000000002,104.1,1354.875,48.4125,43.30416666666667,91.875,0.5191666666666667,6.291666666666667,1.0770833333333334,2022,10,16,6,185.375,175.66666666666666,161.0,178.06944444444443,181.5,183.29166666666663,167.20833333333334
173.88333333333333,119.7375,1340.125,39.90833333333333,53.32916666666667,95.04166666666669,0.5654166666666667,7.916666666666667,1.0729166666666667,2022,10,17,0,173.16666666666666,185.375,175.66666666666666,180.01388888888889,183.29166666666663,167.20833333333334,155.625
151.42499999999998,104.25,1122.875,30.425,41.24583333333333,98.5,0.6920833333333333,7.458333333333333,0.9791666666666666,2022,10,18,1,181.5,173.16666666666666,185.375,179.31944444444443,167.20833333333334,155.625,135.33333333333334
121.36666666666667,83.53750000000001,853.0,22.95,32.575,107.79166666666669,0.8025000000000001,6.041666666666667,0.8354166666666667,2022,10,19,2,183.29166666666663,181.5,173.16666666666666,177.3333333333333,155.625,135.33333333333334,166.5
74.41666666666667,49.34583333333333,418.7083333333333,11.45,16.75,104.04166666666669,0.9341666666666666,12.0,0.7833333333333333,2022,10,20,3,167.20833333333334,183.29166666666663,181.5,168.7083333333333,135.33333333333334,166.5,181.16666666666663
98.275,65.49583333333334,743.5833333333334,28.495833333333334,34.25,75.875,0.58875,13.25,0.9125,2022,10,21,4,155.625,167.20833333333334,183.29166666666663,152.7222222222222,166.5,181.16666666666663,182.20833333333331
147.20416666666668,99.95,1122.5,48.03333333333333,48.84166666666667,71.25,0.37125,12.875,1.0125,2022,10,22,5,135.33333333333334,155.625,167.20833333333334,152.4861111111111,181.16666666666663,182.20833333333331,186.41666666666663
172.11249999999998,118.74583333333334,1512.2916666666667,59.06666666666666,42.81666666666666,75.04166666666667,0.37125,7.458333333333333,0.9854166666666668,2022,10,23,6,166.5,135.33333333333334,155.625,160.99999999999997,182.20833333333331,186.41666666666663,194.58333333333331
166.9625,116.15416666666664,1319.4166666666667,42.59166666666667,52.225,101.54166666666669,0.41625,3.333333333333333,0.9229166666666666,2022,10,24,0,181.16666666666663,166.5,135.33333333333334,176.62499999999997,186.41666666666663,194.58333333333331,206.20833333333331
194.575,135.39583333333334,1337.125,36.5625,62.5875,98.5,0.51625,4.0,0.9229166666666666,2022,10,25,1,182.20833333333331,181.16666666666663,166.5,183.26388888888883,194.58333333333331,206.20833333333331,260.0416666666667
213.45416666666665,148.15416666666667,1347.4166666666667,33.09166666666666,41.62083333333333,97.375,0.5758333333333333,5.708333333333333,0.9083333333333332,2022,10,26,2,186.41666666666663,182.20833333333331,181.16666666666663,187.7361111111111,206.20833333333331,260.0416666666667,251.16666666666663
253.65,176.1625,1481.7083333333333,39.333333333333336,53.76666666666667,102.54166666666669,0.74625,6.625,0.78125,2022,10,27,3,194.58333333333331,186.41666666666663,182.20833333333331,195.7361111111111,260.0416666666667,251.16666666666663,210.375
309.82916666666665,214.83333333333331,1843.7083333333333,40.083333333333336,61.40833333333333,99.125,0.7000000000000001,9.083333333333334,0.80625,2022,10,28,4,206.20833333333331,194.58333333333331,186.41666666666663,220.27777777777774,251.16666666666663,210.375,198.0
281.59166666666664,194.53333333333333,1686.875,37.375,52.51666666666667,96.45833333333331,0.8283333333333333,10.791666666666666,0.7291666666666666,2022,10,29,5,260.0416666666667,206.20833333333331,194.58333333333331,239.13888888888883,210.375,198.0,185.41666666666663
206.34166666666667,142.20833333333334,1136.6666666666667,23.7,38.329166666666666,101.04166666666669,0.8470833333333333,10.083333333333334,0.7354166666666667,2022,10,30,6,251.16666666666663,260.0416666666667,206.20833333333331,240.52777777777774,198.0,185.41666666666663,176.33333333333334
203.88333333333333,140.55833333333334,1110.0416666666667,21.90833333333333,33.983333333333334,103.79166666666669,0.9191666666666666,10.25,0.6729166666666666,2022,10,31,0,210.375,251.16666666666663,260.0416666666667,219.84722222222217,185.41666666666663,176.33333333333334,160.79166666666666
163.97916666666666,113.05833333333334,909.2916666666666,20.89583333333333,27.375,101.29166666666669,0.9679166666666666,7.916666666666667,0.6270833333333333,2022,11,1,1,198.0,210.375,251.16666666666663,197.93055555555551,176.33333333333334,160.79166666666666,185.375
124.475,85.20416666666667,848.0,28.683333333333334,35.44583333333333,74.79166666666667,0.4870833333333333,8.083333333333334,0.78125,2022,11,2,2,185.41666666666663,198.0,210.375,186.5833333333333,160.79166666666666,185.375,188.66666666666663
140.19166666666666,95.51666666666668,881.3333333333334,27.9875,43.60416666666666,86.125,0.6925,10.75,0.7125,2022,11,3,3,176.33333333333334,185.41666666666663,198.0,174.18055555555551,185.375,188.66666666666663,165.875
194.3791666666667,132.9375,1173.0,28.445833333333336,44.51666666666667,99.25,0.8333333333333334,13.208333333333334,0.7000000000000001,2022,11,4,4,160.79166666666666,176.33333333333334,185.41666666666663,174.16666666666666,188.66666666666663,165.875,172.0
165.37083333333334,112.58333333333331,863.875,17.666666666666668,24.916666666666668,95.375,1.1204166666666666,13.25,0.625,2022,11,5,5,185.375,160.79166666666666,176.33333333333334,178.27777777777774,165.875,172.0,166.625
122.79583333333332,82.61666666666666,623.5833333333334,17.8125,25.325,90.41666666666669,1.3791666666666669,13.333333333333334,0.4583333333333333,2022,11,6,6,188.66666666666663,185.375,160.79166666666666,179.97222222222217,172.0,166.625,173.70833333333334
146.51666666666668,99.77083333333331,939.3333333333334,28.6375,42.1,78.875,1.0095833333333333,11.208333333333334,0.5166666666666667,2022,11,7,0,165.875,188.66666666666663,185.375,175.51388888888883,166.625,173.70833333333334,162.625
128.50416666666666,87.41666666666667,921.0,34.108333333333334,42.475,73.66666666666667,0.6745833333333334,10.125,0.7041666666666666,2022,11,8,1,172.0,165.875,188.66666666666663,168.16666666666666,173.70833333333334,162.625,157.125
134.48749999999998,91.84166666666664,878.2916666666666,33.225,35.44166666666667,63.125,1.2608333333333337,9.625,0.2666666666666666,2022,11,9,2,166.625,172.0,165.875,170.77777777777774,162.625,157.125,169.45833333333334
107.99583333333334,73.9375,1024.25,40.92083333333333,26.02083333333333,55.66666666666666,0.7566666666666667,7.166666666666667,0.6062500000000001,2022,11,10,3,173.70833333333334,166.625,172.0,167.65277777777774,157.125,169.45833333333334,173.375
108.50833333333333,74.75833333333334,1018.75,39.35416666666666,37.5625,65.20833333333333,0.40125,4.5,0.7583333333333333,2022,11,11,4,162.625,173.70833333333334,166.625,164.4861111111111,169.45833333333334,173.375,163.66666666666666
143.5625,99.6875,1019.125,36.74583333333333,56.975,73.20833333333333,0.3216666666666666,3.333333333333333,0.7708333333333334,2022,11,12,5,157.125,162.625,173.70833333333334,163.06944444444443,173.375,163.66666666666666,168.58333333333334
148.34583333333333,103.1375,1053.1666666666667,32.2,50.34583333333333,78.54166666666667,0.4770833333333333,2.875,0.5895833333333333,2022,11,13,6,169.45833333333334,157.125,162.625,166.65277777777774,163.66666666666666,168.58333333333334,162.75
98.8875,66.03750000000001,451.75,13.65,14.0625,85.75,0.8991666666666668,12.25,0.4708333333333334,2022,11,14,0,173.375,169.45833333333334,157.125,168.8333333333333,168.58333333333334,162.75,165.41666666666666
144.0875,97.24583333333334,876.4166666666666,42.62916666666667,37.145833333333336,49.125,0.7429166666666668,14.416666666666666,0.5979166666666667,2022,11,15,1,163.66666666666666,173.375,169.45833333333334,168.54166666666666,162.75,165.41666666666666,156.58333333333334
118.4625,81.10000000000001,952.75,40.54166666666666,34.49166666666667,63.79166666666666,0.52,7.708333333333333,0.7208333333333333,2022,11,16,2,168.58333333333334,163.66666666666666,173.375,164.99999999999997,165.41666666666666,156.58333333333334,182.125
105.04166666666669,72.20833333333333,1067.5416666666667,37.36666666666667,30.425,82.66666666666667,0.3895833333333333,5.708333333333333,0.7270833333333333,2022,11,17,3,162.75,168.58333333333334,163.66666666666666,165.5833333333333,156.58333333333334,182.125,166.25
125.0125,86.72916666666667,1304.5416666666667,46.65,47.7625,75.0,0.2295833333333333,3.1666666666666665,0.7104166666666667,2022,11,18,4,165.41666666666666,162.75,168.58333333333334,161.58333333333331,182.125,166.25,156.91666666666666
165.71666666666667,115.6625,1679.5,50.725,50.01666666666667,78.625,0.4366666666666667,1.7916666666666667,0.60625,2022,11,19,5,156.58333333333334,165.41666666666666,162.75,168.04166666666666,166.25,156.91666666666666,164.625
101.49583333333334,70.16666666666667,1331.2916666666667,50.32083333333333,33.733333333333334,63.16666666666666,0.2733333333333334,3.375,0.69375,2022,11,20,6,182.125,156.58333333333334,165.41666666666666,168.31944444444443,156.91666666666666,164.625,171.20833333333334
106.79166666666669,73.89999999999999,1649.5416666666667,60.0375,29.4,66.33333333333333,0.25625,3.125,0.6958333333333333,2022,11,21,0,166.25,182.125,156.58333333333334,168.43055555555554,164.625,171.20833333333334,180.08333333333334
124.68333333333334,86.99583333333334,2026.4583333333333,70.55416666666666,27.3,69.5,0.2283333333333333,1.25,0.6937500000000001,2022,11,22,1,156.91666666666666,166.25,182.125,162.5972222222222,171.20833333333334,180.08333333333334,194.33333333333331
154.45000000000002,107.65,3106.6666666666665,98.1125,36.53333333333333,67.79166666666667,0.235,1.9166666666666667,0.6729166666666666,2022,11,23,2,164.625,156.91666666666666,166.25,164.24999999999997,180.08333333333334,194.33333333333331,187.20833333333331
186.3166666666667,130.1625,3766.0833333333335,109.0625,42.80416666666667,74.16666666666667,0.26625,1.4583333333333333,0.7125,2022,11,24,3,171.20833333333334,164.625,156.91666666666666,171.9722222222222,194.33333333333331,187.20833333333331,182.95833333333331
188.35,131.21666666666667,3204.9166666666665,86.33333333333333,40.075,74.25,0.3420833333333333,3.0,0.7520833333333333,2022,11,25,4,180.08333333333334,171.20833333333334,164.625,181.87499999999997,187.20833333333331,182.95833333333331,209.04166666666663
175.35416666666666,122.3,2403.083333333333,77.84583333333333,35.0375,70.41666666666667,0.3120833333333333,2.125,0.7645833333333334,2022,11,26,5,194.33333333333331,180.08333333333334,171.20833333333334,187.2083333333333,182.95833333333331,209.04166666666663,219.58333333333331
171.65416666666667,119.97083333333336,2797.208333333333,85.64999999999999,34.104166666666664,72.75,0.35375,1.0,0.7583333333333333,2022,11,27,6,187.20833333333331,194.33333333333331,180.08333333333334,188.16666666666663,209.04166666666663,219.58333333333331,198.66666666666663
257.175,179.77083333333334,5672.083333333333,151.53333333333333,51.04583333333333,67.75,0.4558333333333333,1.5833333333333333,0.6749999999999999,2022,11,28,0,182.95833333333331,187.20833333333331,194.33333333333331,193.06944444444443,219.58333333333331,198.66666666666663,204.66666666666663
219.45416666666668,153.27083333333334,4207.416666666667,118.58333333333331,37.59583333333334,51.04166666666666,0.3895833333333333,1.7916666666666667,0.6729166666666666,2022,11,29,1,209.04166666666663,182.95833333333331,187.20833333333331,203.86111111111106,198.66666666666663,204.66666666666663,214.95833333333331
224.625,156.57500000000002,4096.375,129.77083333333334,39.09583333333333,67.33333333333333,0.41625,2.875,0.59375,2022,11,30,2,219.58333333333331,209.04166666666663,182.95833333333331,209.09722222222217,204.66666666666663,214.95833333333331,199.875
223.3708333333333,155.74166666666667,4327.541666666667,130.13750000000002,38.708333333333336,64.04166666666667,0.38875,2.2916666666666665,0.6270833333333333,2022,12,1,3,198.66666666666663,219.58333333333331,209.04166666666663,207.63888888888883,214.95833333333331,199.875,194.625
234.80416666666667,163.475,4386.416666666667,113.29166666666669,37.708333333333336,56.25,0.58375,3.875,0.4458333333333333,2022,12,2,4,204.66666666666663,198.66666666666663,219.58333333333331,206.09722222222217,199.875,194.625,218.66666666666663
203.72916666666663,141.85833333333332,3116.958333333333,91.875,35.8125,66.79166666666667,0.6416666666666667,2.875,0.4875,2022,12,3,5,214.95833333333331,204.66666666666663,198.66666666666663,206.49999999999997,194.625,218.66666666666663,187.83333333333331
210.70416666666665,147.05833333333334,3730.9583333333335,109.5375,41.125,61.708333333333336,0.4829166666666666,2.208333333333333,0.5229166666666667,2022,12,4,6,199.875,214.95833333333331,204.66666666666663,203.15277777777774,218.66666666666663,187.83333333333331,157.66666666666666
244.8166666666667,170.95416666666665,5092.25,131.40833333333333,49.0375,70.33333333333333,0.5016666666666666,1.5416666666666667,0.5291666666666667,2022,12,5,0,194.625,199.875,214.95833333333331,204.38888888888889,187.83333333333331,157.66666666666666,164.0
122.425,85.41250000000001,1932.9166666666667,69.09166666666667,21.508333333333336,61.0,0.3541666666666667,1.25,0.5958333333333333,2022,12,6,1,218.66666666666663,194.625,199.875,200.37499999999997,157.66666666666666,164.0,170.08333333333334
94.97083333333336,65.90833333333333,1484.5,51.475,17.445833333333333,58.66666666666666,0.2370833333333333,2.2916666666666665,0.61875,2022,12,7,2,187.83333333333331,218.66666666666663,194.625,188.05555555555551,164.0,170.08333333333334,152.875
155.55833333333334,107.92083333333332,2750.1666666666665,83.95,31.741666666666664,55.25,0.43875,3.375,0.4541666666666666,2022,12,8,3,157.66666666666666,187.83333333333331,218.66666666666663,169.83333333333331,170.08333333333334,152.875,131.29166666666666
101.86666666666667,69.49583333333334,1755.5,54.05,16.508333333333333,48.41666666666666,0.5420833333333334,6.333333333333333,0.4812499999999999,2022,12,9,4,164.0,157.66666666666666,187.83333333333331,163.91666666666666,152.875,131.29166666666666,146.16666666666666
74.85833333333333,50.5625,1322.1666666666667,49.6625,13.183333333333332,43.54166666666666,0.5004166666666666,6.166666666666667,0.4791666666666667,2022,12,10,5,170.08333333333334,164.0,157.66666666666666,162.31944444444443,131.29166666666666,146.16666666666666,144.33333333333334
68.92083333333333,47.30833333333334,1207.0833333333333,44.99583333333334,12.95,42.75,0.2704166666666667,3.125,0.6208333333333333,2022,12,11,6,152.875,170.08333333333334,164.0,151.41666666666666,146.16666666666666,144.33333333333334,44.79166666666666
90.6625,62.70416666666667,1510.0416666666667,54.60416666666666,17.591666666666665,49.083333333333336,0.2541666666666666,2.75,0.61875,2022,12,12,0,131.29166666666666,152.875,170.08333333333334,143.44444444444443,144.33333333333334,44.79166666666666,13.875
52.91666666666666,36.5625,805.0833333333334,23.59166666666667,9.404166666666669,54.375,0.2233333333333333,1.5416666666666667,1.3208333333333333,2022,12,13,1,146.16666666666666,131.29166666666666,152.875,140.5972222222222,44.79166666666666,13.875,76.41666666666667
1.2,0.8458333333333333,59.41666666666666,0.0,0.7000000000000001,27.375,0.0533333333333333,0.0,2.114583333333333,2022,12,14,2,144.33333333333334,146.16666666666666,131.29166666666666,111.76388888888887,13.875,76.41666666666667,211.79166666666663
0.9541666666666666,0.6625,61.29166666666666,0.0,0.4125,31.541666666666668,0.04,0.0,2.114583333333333,2022,12,15,3,44.79166666666666,144.33333333333334,146.16666666666666,67.66666666666664,76.41666666666667,211.79166666666663,243.33333333333331
123.78333333333336,86.05416666666667,2869.6666666666665,76.72916666666667,25.25,48.54166666666666,0.235,2.6666666666666665,1.1166666666666667,2022,12,16,4,13.875,44.79166666666666,144.33333333333334,45.02777777777775,211.79166666666663,243.33333333333331,266.3333333333333
271.95416666666665,189.5875,6345.958333333333,147.33333333333334,51.24583333333334,72.83333333333333,0.4354166666666666,3.5,0.5354166666666667,2022,12,17,5,76.41666666666667,13.875,44.79166666666666,100.69444444444441,243.33333333333331,266.3333333333333,254.79166666666663
294.0375,205.075,6180.916666666667,170.10833333333332,51.99583333333334,67.0,0.5616666666666666,3.7916666666666665,0.5,2022,12,18,6,211.79166666666663,76.41666666666667,13.875,177.18055555555551,266.3333333333333,254.79166666666663,256.7916666666667
307.875,214.3791666666667,6157.25,158.83333333333334,52.6125,64.625,0.6933333333333334,5.0,0.45625,2022,12,19,0,243.33333333333331,211.79166666666663,76.41666666666667,240.4861111111111,254.79166666666663,256.7916666666667,270.0
298.2875,207.9333333333333,5457.875,144.275,45.875,59.5,0.755,3.9166666666666665,0.4333333333333333,2022,12,20,1,266.3333333333333,243.33333333333331,211.79166666666663,254.81944444444443,256.7916666666667,270.0,246.16666666666663
301.6791666666667,210.47916666666663,5473.25,157.38750000000002,46.9875,72.5,0.8250000000000001,3.4166666666666665,0.41875,2022,12,21,2,254.79166666666663,266.3333333333333,243.33333333333331,259.30555555555554,270.0,246.16666666666663,228.08333333333331
300.56666666666666,210.15,6619.0,168.3125,51.5125,73.95833333333333,0.6925,1.5416666666666667,0.4270833333333333,2022,12,22,3,256.7916666666667,254.79166666666663,266.3333333333333,260.52777777777777,246.16666666666663,228.08333333333331,183.08333333333331
276.64166666666665,193.45,6632.875,153.74583333333334,45.42916666666667,79.95833333333333,0.71625,1.0,0.3770833333333334,2022,12,23,4,270.0,256.7916666666667,254.79166666666663,257.65277777777777,228.08333333333331,183.08333333333331,205.25
217.51666666666665,151.95000000000002,4885.0,111.6875,37.90416666666667,72.20833333333333,0.6229166666666667,1.2083333333333333,0.4270833333333333,2022,12,24,5,246.16666666666663,270.0,256.7916666666667,248.08333333333326,183.08333333333331,205.25,207.95833333333331
169.39166666666668,118.0875,3721.5833333333335,95.09166666666664,30.058333333333334,47.75,0.5404166666666667,2.0,0.4145833333333333,2022,12,25,6,228.08333333333331,246.16666666666663,270.0,219.1111111111111,205.25,207.95833333333331,176.25
248.8708333333333,173.8791666666667,5584.458333333333,141.02916666666667,44.25,66.70833333333333,0.65625,1.0,0.425,2022,12,26,0,183.08333333333331,228.08333333333331,246.16666666666663,205.47222222222217,207.95833333333331,176.25,207.58333333333331
179.4333333333333,125.2875,3128.25,89.10000000000001,26.945833333333336,57.208333333333336,0.4783333333333333,1.125,0.4833333333333333,2022,12,27,1,205.25,183.08333333333331,228.08333333333331,198.76388888888883,176.25,207.58333333333331,177.45833333333334
167.49583333333334,116.44166666666666,3390.208333333333,88.84583333333335,25.34583333333333,63.708333333333336,0.36125,3.125,0.5458333333333333,2022,12,28,2,207.95833333333331,205.25,183.08333333333331,196.4861111111111,207.58333333333331,177.45833333333334,157.95833333333334
223.1875,154.62083333333334,4819.625,112.5875,24.83333333333333,34.125,0.6745833333333334,5.958333333333333,0.2166666666666666,2022,12,29,3,176.25,207.95833333333331,205.25,197.26388888888883,177.45833333333334,157.95833333333334,172.45833333333334
117.86666666666667,79.75416666666666,1671.875,47.7625,11.766666666666666,46.333333333333336,0.48,10.0,0.5479166666666667,2022,12,30,4,207.58333333333331,176.25,207.95833333333331,187.0972222222222,157.95833333333334,172.45833333333334,201.79166666666663
107.82916666666668,74.96249999999999,2158.7916666666665,64.39583333333333,18.966666666666665,49.083333333333336,0.2325,2.25,0.6166666666666667,2022,12,31,5,177.45833333333334,207.58333333333331,176.25,181.0,172.45833333333334,201.79166666666663,220.875
179.61666666666667,125.12083333333334,4729.625,120.09166666666668,33.03333333333333,43.5,0.3258333333333333,2.2916666666666665,0.4520833333333333,2023,1,1,6,157.95833333333334,177.45833333333334,207.58333333333331,169.29166666666666,201.79166666666663,220.875,224.875
237.14583333333331,165.29166666666666,6427.25,146.81666666666666,41.2875,62.66666666666666,0.5445833333333333,2.583333333333333,0.4229166666666666,2023,1,2,0,172.45833333333334,157.95833333333334,177.45833333333334,177.40277777777774,220.875,224.875,267.1666666666667
241.29166666666663,168.20416666666668,6222.583333333333,144.67499999999998,45.10833333333333,61.75,0.6816666666666666,2.958333333333333,0.3833333333333333,2023,1,3,1,201.79166666666663,172.45833333333334,157.95833333333334,198.37499999999997,224.875,267.1666666666667,265.8333333333333
284.62083333333334,198.83333333333331,6578.083333333333,161.72083333333333,48.53333333333333,80.0,0.6308333333333334,1.625,0.4291666666666667,2023,1,4,2,220.875,201.79166666666663,172.45833333333334,215.84722222222217,267.1666666666667,265.8333333333333,278.0
323.175,226.1125,7634.875,170.50416666666666,44.90833333333333,59.0,0.6745833333333334,1.5416666666666667,0.3874999999999999,2023,1,5,3,224.875,220.875,201.79166666666663,237.63888888888889,265.8333333333333,278.0,245.875
309.6041666666667,216.5583333333333,7007.458333333333,142.59583333333333,37.38333333333333,46.04166666666666,0.8337500000000001,1.6666666666666667,0.2583333333333333,2023,1,6,4,267.1666666666667,224.875,220.875,252.625,278.0,245.875,251.375
322.825,225.85416666666663,6595.5,133.44583333333333,33.083333333333336,56.0,0.8391666666666667,1.0,0.3062499999999999,2023,1,7,5,265.8333333333333,267.1666666666667,224.875,270.3333333333333,245.875,251.375,264.5833333333333
270.65000000000003,189.05416666666667,5572.375,128.60416666666666,26.675,53.375,0.6475000000000001,1.7916666666666667,0.4645833333333333,2023,1,8,6,278.0,265.8333333333333,267.1666666666667,263.2361111111111,251.375,264.5833333333333,251.125
299.5125,209.075,6329.416666666667,144.77083333333334,32.8875,78.29166666666667,0.7087500000000001,2.333333333333333,0.4270833333333333,2023,1,9,0,245.875,278.0,265.8333333333333,258.4166666666667,264.5833333333333,251.125,193.66666666666663
304.1791666666667,212.1,6364.375,156.38333333333333,30.745833333333334,81.95833333333333,0.8191666666666667,2.5416666666666665,0.3666666666666666,2023,1,10,1,251.375,245.875,278.0,253.94444444444443,251.125,193.66666666666663,191.54166666666663
247.57916666666665,172.52083333333334,4188.708333333333,95.70416666666668,16.529166666666665,44.91666666666666,1.1254166666666667,3.0,0.1520833333333333,2023,1,11,2,264.5833333333333,251.375,245.875,255.69444444444443,193.66666666666663,191.54166666666663,164.0
189.60416666666663,131.03333333333333,3551.4166666666665,75.7,22.933333333333334,55.16666666666666,0.84,6.166666666666667,0.4624999999999999,2023,1,12,3,251.125,264.5833333333333,251.375,236.45833333333334,191.54166666666663,164.0,144.20833333333334
163.3375,111.74166666666667,3325.958333333333,79.34166666666667,22.125,49.708333333333336,1.235,9.208333333333334,0.3791666666666666,2023,1,13,4,193.66666666666663,251.125,264.5833333333333,212.1111111111111,164.0,144.20833333333334,170.83333333333334
82.60416666666667,56.93333333333334,1603.9583333333333,43.89166666666667,12.175,52.0,0.5308333333333334,3.6666666666666665,0.5833333333333334,2023,1,14,5,191.54166666666663,193.66666666666663,251.125,183.06944444444443,144.20833333333334,170.83333333333334,167.83333333333334
103.94583333333333,72.35000000000001,2840.583333333333,73.59583333333333,19.1875,49.75,0.2283333333333333,1.75,0.6437499999999999,2023,1,15,6,164.0,191.54166666666663,193.66666666666663,166.58333333333334,170.83333333333334,167.83333333333334,188.5
135.80416666666667,94.7125,3220.333333333333,87.60833333333333,23.27083333333333,54.75,0.2983333333333333,1.2916666666666667,0.6145833333333334,2023,1,16,0,144.20833333333334,164.0,191.54166666666663,159.68055555555557,167.83333333333334,188.5,188.625
140.57500000000002,97.8875,3322.083333333333,92.42083333333332,24.45,58.833333333333336,0.3183333333333333,1.75,0.575,2023,1,17,1,170.83333333333334,144.20833333333334,164.0,160.95833333333334,188.5,188.625,190.625
211.09166666666667,147.55833333333334,5289.0,141.4,40.7,66.95833333333333,0.3995833333333333,1.0,0.4979166666666667,2023,1,18,2,167.83333333333334,170.83333333333334,144.20833333333334,175.7222222222222,188.625,190.625,164.0
175.51250000000002,122.29166666666669,3528.208333333333,89.49583333333334,32.38333333333333,70.5,0.6079166666666667,2.125,0.4770833333333333,2023,1,19,3,188.5,167.83333333333334,170.83333333333334,181.6527777777778,190.625,164.0,158.08333333333334
174.19583333333333,120.70833333333331,3335.958333333333,85.28333333333333,29.166666666666668,53.5,0.8008333333333333,4.208333333333333,0.1645833333333333,2023,1,20,4,188.625,188.5,167.83333333333334,189.25,164.0,158.08333333333334,163.66666666666666
91.2625,63.34166666666667,1784.1666666666667,51.87083333333334,16.474999999999998,48.25,0.4904166666666666,2.083333333333333,0.5541666666666667,2023,1,21,5,190.625,188.625,188.5,181.08333333333334,158.08333333333334,163.66666666666666,166.58333333333334
114.65833333333336,79.74583333333334,2233.083333333333,67.10833333333333,20.7375,44.29166666666666,0.8554166666666667,1.8333333333333333,0.4833333333333333,2023,1,22,6,164.0,190.625,188.625,170.90277777777774,163.66666666666666,166.58333333333334,176.75
118.5625,82.01666666666667,1601.5,49.27916666666667,12.6125,50.375,1.4241666666666666,3.083333333333333,0.3041666666666666,2023,1,23,0,158.08333333333334,164.0,190.625,161.91666666666666,166.58333333333334,176.75,186.375
142.1625,98.575,2042.6666666666667,51.69166666666666,15.670833333333334,57.833333333333336,1.5045833333333334,2.458333333333333,0.4125,2023,1,24,1,163.66666666666666,158.08333333333334,164.0,162.77777777777777,176.75,186.375,169.66666666666666
163.07500000000002,112.74166666666667,2820.125,69.45,24.854166666666668,54.75,1.705,4.166666666666667,0.2625,2023,1,25,2,166.58333333333334,163.66666666666666,158.08333333333334,169.0,186.375,169.66666666666666,168.75
165.48333333333332,115.00833333333333,2452.5416666666665,66.51666666666667,20.704166666666666,52.66666666666666,0.7441666666666666,2.083333333333333,0.5,2023,1,26,3,176.75,166.58333333333334,163.66666666666666,176.56944444444446,169.66666666666666,168.75,191.95833333333331
122.00833333333333,84.80416666666666,1505.875,45.52916666666667,28.8125,70.5,0.3091666666666666,1.6666666666666667,0.75,2023,1,27,4,186.375,176.75,166.58333333333334,177.5972222222222,168.75,191.95833333333331,161.875
151.525,105.475,2726.708333333333,70.05833333333334,32.49583333333333,71.16666666666667,0.2729166666666666,2.125,0.7250000000000001,2023,1,28,5,169.66666666666666,186.375,176.75,174.93055555555554,191.95833333333331,161.875,160.91666666666666
179.6833333333333,124.80833333333334,4021.5,87.86666666666667,28.8375,65.45833333333333,0.8945833333333333,3.125,0.6125,2023,1,29,6,168.75,169.66666666666666,186.375,176.79166666666666,161.875,160.91666666666666,142.58333333333334
101.95,69.52083333333333,1028.125,32.94583333333333,12.454166666666666,44.625,1.4483333333333333,3.8333333333333335,0.0979166666666666,2023,1,30,0,191.95833333333331,168.75,169.66666666666666,174.19444444444446,160.91666666666666,142.58333333333334,151.29166666666666
96.56666666666666,66.96666666666667,1502.7916666666667,44.583333333333336,12.633333333333333,46.875,0.4941666666666666,1.2083333333333333,0.6833333333333332,2023,1,31,1,161.875,191.95833333333331,168.75,171.58333333333334,142.58333333333334,151.29166666666666,163.83333333333334
75.61666666666666,52.43333333333334,1431.7083333333333,44.71666666666667,14.320833333333333,62.333333333333336,0.18625,1.4166666666666667,0.775,2023,2,1,2,160.91666666666666,161.875,191.95833333333331,155.125,151.29166666666666,163.83333333333334,179.5
94.8875,65.875,1915.9583333333333,60.05,17.266666666666666,56.125,0.2320833333333333,1.9166666666666667,0.775,2023,2,2,3,142.58333333333334,160.91666666666666,161.875,151.5972222222222,163.83333333333334,179.5,158.16666666666666
150.0375,104.15,3352.5,102.02916666666664,27.604166666666668,55.708333333333336,0.3158333333333333,2.875,0.7458333333333332,2023,2,3,4,151.29166666666666,142.58333333333334,160.91666666666666,152.56944444444446,179.5,158.16666666666666,158.20833333333334
137.50833333333333,94.09166666666664,2763.375,80.62083333333334,20.995833333333334,58.083333333333336,0.3070833333333333,8.208333333333334,0.8458333333333333,2023,2,4,5,163.83333333333334,151.29166666666666,142.58333333333334,164.875,158.16666666666666,158.20833333333334,112.0
112.55,77.00833333333334,2316.7916666666665,65.46666666666667,20.620833333333334,65.20833333333333,0.2954166666666666,6.541666666666667,0.9645833333333336,2023,2,5,6,179.5,163.83333333333334,151.29166666666666,167.16666666666666,158.20833333333334,112.0,159.45833333333334
68.2,45.85416666666666,1135.625,33.50833333333333,9.745833333333334,64.0,0.47,6.458333333333333,0.8416666666666667,2023,2,6,0,158.16666666666666,179.5,163.83333333333334,165.29166666666666,112.0,159.45833333333334,175.75
66.35416666666667,45.645833333333336,1404.0416666666667,41.458333333333336,13.320833333333333,61.958333333333336,0.2008333333333333,2.7916666666666665,1.0375,2023,2,7,1,158.20833333333334,158.16666666666666,179.5,142.79166666666666,159.45833333333334,175.75,149.625
157.63333333333333,109.9125,3962.3333333333335,114.71666666666664,32.30833333333333,57.333333333333336,0.3370833333333333,1.5833333333333333,0.7104166666666667,2023,2,8,2,112.0,158.20833333333334,158.16666666666666,143.22222222222223,175.75,149.625,156.5
115.45,79.125,2082.625,58.85,13.55,50.79166666666666,0.5829166666666666,6.208333333333333,0.5270833333333333,2023,2,9,3,159.45833333333334,112.0,158.20833333333334,149.06944444444446,149.625,156.5,138.29166666666666
105.90416666666664,66.79166666666667,1156.0,41.520833333333336,22.77916666666667,62.458333333333336,0.7616666666666667,30.416666666666668,0.8270833333333333,2023,2,10,4,175.75,159.45833333333334,112.0,161.61111111111111,156.5,138.29166666666666,96.25
86.46666666666665,54.275000000000006,1082.0416666666667,36.15833333333333,13.633333333333333,58.208333333333336,0.585,25.5,0.6583333333333333,2023,2,11,5,149.625,175.75,159.45833333333334,160.625,138.29166666666666,96.25,153.16666666666666
63.975,43.6375,1124.0,36.275,10.916666666666666,61.125,0.1945833333333333,4.291666666666667,1.0104166666666667,2023,2,12,6,156.5,149.625,175.75,148.13888888888889,96.25,153.16666666666666,160.79166666666666
60.38333333333333,41.67916666666667,1425.0416666666667,40.94583333333333,15.583333333333334,72.83333333333333,0.20375,2.458333333333333,1.00625,2023,2,13,0,138.29166666666666,156.5,149.625,130.3472222222222,153.16666666666666,160.79166666666666,167.33333333333334
118.55416666666667,82.2625,2467.6666666666665,73.09583333333333,27.433333333333334,68.20833333333333,0.2458333333333333,2.9166666666666665,1.0458333333333334,2023,2,14,1,96.25,138.29166666666666,156.5,129.23611111111111,160.79166666666666,167.33333333333334,185.29166666666663
101.75,70.39583333333333,1911.6666666666667,61.84583333333333,19.916666666666668,70.375,0.2925,3.2916666666666665,1.0895833333333331,2023,2,15,2,153.16666666666666,96.25,138.29166666666666,136.73611111111111,167.33333333333334,185.29166666666663,188.75
156.1625,107.6625,3454.0,102.84166666666664,30.354166666666668,74.29166666666667,0.3716666666666666,6.083333333333333,0.9895833333333334,2023,2,16,3,160.79166666666666,153.16666666666666,96.25,160.43055555555554,185.29166666666663,188.75,187.54166666666663
188.92083333333332,128.21666666666667,3937.7083333333335,108.24583333333334,32.50833333333333,86.20833333333333,0.5054166666666667,14.958333333333334,0.96875,2023,2,17,4,167.33333333333334,160.79166666666666,153.16666666666666,171.13888888888889,188.75,187.54166666666663,171.83333333333334
189.77916666666667,126.81666666666666,3807.1666666666665,106.89166666666668,31.8625,81.95833333333333,0.4541666666666666,23.541666666666668,0.9833333333333334,2023,2,18,5,185.29166666666663,167.33333333333334,160.79166666666666,180.45833333333334,187.54166666666663,171.83333333333334,153.75
176.3375,119.10833333333332,3384.708333333333,100.09583333333336,29.166666666666668,62.833333333333336,0.69,17.0,0.8166666666666668,2023,2,19,6,188.75,185.29166666666663,167.33333333333334,187.19444444444443,171.83333333333334,153.75,154.29166666666666
124.77916666666664,84.54166666666667,1570.0833333333333,48.70416666666667,21.34166666666667,65.29166666666667,0.8145833333333333,11.958333333333334,0.7645833333333334,2023,2,20,0,187.54166666666663,188.75,185.29166666666663,182.70833333333334,153.75,154.29166666666666,155.66666666666666
80.91250000000001,53.63333333333333,984.9583333333334,35.22083333333333,14.166666666666666,64.95833333333333,0.52625,12.416666666666666,0.9208333333333334,2023,2,21,1,171.83333333333334,187.54166666666663,188.75,171.04166666666666,154.29166666666666,155.66666666666666,161.79166666666666
92.98333333333332,63.325,1401.1666666666667,46.4125,16.458333333333332,54.29166666666666,0.3933333333333333,7.041666666666667,0.8479166666666668,2023,2,22,2,153.75,171.83333333333334,187.54166666666663,159.95833333333334,155.66666666666666,161.79166666666666,171.41666666666666
93.28333333333336,64.36666666666666,1697.5,52.458333333333336,17.979166666666668,63.79166666666666,0.2533333333333333,3.5,1.15625,2023,2,23,3,154.29166666666666,153.75,171.83333333333334,154.56944444444443,161.79166666666666,171.41666666666666,155.08333333333334
130.74166666666667,90.625,3110.833333333333,93.4375,27.25,80.08333333333333,0.3591666666666666,3.375,0.9708333333333332,2023,2,24,4,155.66666666666666,154.29166666666666,153.75,157.25,171.41666666666666,155.08333333333334,150.875
128.76250000000002,89.49166666666667,3090.375,94.65,29.4125,79.16666666666667,0.47,2.083333333333333,0.9583333333333334,2023,2,25,5,161.79166666666666,155.66666666666666,154.29166666666666,162.95833333333334,155.08333333333334,150.875,155.0
78.22083333333333,52.80416666666667,1344.3333333333333,44.583333333333336,12.6875,75.79166666666667,0.6866666666666666,7.583333333333333,0.81875,2023,2,26,6,171.41666666666666,161.79166666666666,155.66666666666666,162.76388888888889,150.875,155.0,143.33333333333334
93.65833333333336,62.90416666666667,1759.375,55.59583333333333,14.554166666666667,66.33333333333333,0.48625,10.0,1.0083333333333333,2023,2,27,0,155.08333333333334,171.41666666666666,161.79166666666666,159.125,155.0,143.33333333333334,144.75
96.4125,62.05416666666667,1369.5416666666667,45.64166666666667,11.120833333333332,45.16666666666666,1.0016666666666667,20.625,0.5812499999999999,2023,2,28,1,150.875,155.08333333333334,171.41666666666666,153.6527777777778,143.33333333333334,144.75,121.16666666666669
74.71249999999999,48.4375,978.1666666666666,37.73333333333333,9.720833333333331,57.54166666666666,0.7766666666666667,15.166666666666666,0.9375,2023,3,1,2,155.0,150.875,155.08333333333334,149.73611111111111,144.75,121.16666666666669,130.95833333333334
85.16250000000001,56.29583333333333,1174.4166666666667,44.95416666666667,15.566666666666668,62.208333333333336,0.6687500000000001,11.875,0.8312499999999999,2023,3,2,3,143.33333333333334,155.0,150.875,147.69444444444446,121.16666666666669,130.95833333333334,165.375
59.90416666666667,39.96666666666667,1117.5416666666667,38.75,12.233333333333334,62.91666666666666,0.3208333333333333,7.083333333333333,1.383333333333333,2023,3,3,4,144.75,143.33333333333334,155.0,136.41666666666669,130.95833333333334,165.375,157.16666666666666
95.28333333333336,65.44166666666666,2141.1666666666665,63.3375,22.604166666666668,67.58333333333333,0.3570833333333333,4.708333333333333,1.225,2023,3,4,5,121.16666666666669,144.75,143.33333333333334,132.29166666666666,165.375,157.16666666666666,162.0
115.225,79.54583333333333,3119.4166666666665,77.45833333333333,24.65,52.16666666666666,0.3454166666666667,4.25,1.3125,2023,3,5,6,130.95833333333334,121.16666666666669,144.75,139.16666666666666,157.16666666666666,162.0,161.58333333333334
99.75416666666666,69.02499999999999,1579.6666666666667,54.54583333333333,26.10833333333333,68.375,0.2675,2.75,1.29375,2023,3,6,0,165.375,130.95833333333334,121.16666666666669,151.16666666666666,162.0,161.58333333333334,156.375
118.42083333333332,82.18333333333334,1003.0833333333334,35.2,33.925000000000004,80.08333333333333,0.3308333333333333,2.083333333333333,1.3708333333333331,2023,3,7,1,157.16666666666666,165.375,130.95833333333334,161.51388888888889,161.58333333333334,156.375,166.125
111.0875,76.26666666666667,1549.125,46.09166666666667,27.604166666666668,61.5,0.4208333333333333,5.791666666666667,1.3375,2023,3,8,2,162.0,157.16666666666666,165.375,160.25,156.375,166.125,165.70833333333334
98.64166666666668,68.27499999999999,2196.7916666666665,60.4375,20.08333333333333,63.458333333333336,0.4312499999999999,3.083333333333333,1.4187500000000002,2023,3,9,3,161.58333333333334,162.0,157.16666666666666,159.98611111111111,166.125,165.70833333333334,154.875
128.64583333333334,89.14583333333333,3561.1666666666665,83.52083333333333,30.129166666666663,67.125,0.4141666666666666,3.2916666666666665,1.4625,2023,3,10,4,156.375,161.58333333333334,162.0,161.36111111111111,165.70833333333334,154.875,158.625
115.4125,79.1125,2698.2916666666665,79.04583333333333,24.59166666666667,69.79166666666667,0.4908333333333333,6.25,1.34375,2023,3,11,5,166.125,156.375,161.58333333333334,162.73611111111111,154.875,158.625,163.04166666666666
92.75,63.1125,1567.0,57.30416666666667,17.791666666666668,79.04166666666667,0.5241666666666667,7.125,1.3708333333333331,2023,3,12,6,165.70833333333334,166.125,156.375,162.23611111111111,158.625,163.04166666666666,161.58333333333334
111.0375,75.64583333333333,1768.625,65.49583333333334,26.59583333333333,82.0,0.7016666666666667,7.833333333333333,1.0104166666666667,2023,3,13,0,154.875,165.70833333333334,166.125,159.73611111111111,163.04166666666666,161.58333333333334,158.20833333333334
115.92916666666667,79.10833333333333,2021.875,72.10833333333333,31.28333333333333,73.5,0.43625,8.0,1.3708333333333331,2023,3,14,1,158.625,154.875,165.70833333333334,158.8472222222222,161.58333333333334,158.20833333333334,139.83333333333334
124.46666666666664,83.0125,1189.9166666666667,47.88333333333333,32.891666666666666,74.16666666666667,0.6316666666666667,16.5,1.16875,2023,3,15,2,163.04166666666666,158.625,154.875,161.08333333333334,158.20833333333334,139.83333333333334,132.5
84.05833333333334,56.05416666666667,668.7083333333334,25.33333333333333,19.791666666666668,75.875,0.9166666666666666,11.041666666666666,1.05625,2023,3,16,3,161.58333333333334,163.04166666666666,158.625,160.94444444444446,139.83333333333334,132.5,149.41666666666666
76.62916666666666,51.07916666666667,592.375,23.370833333333334,14.854166666666666,77.20833333333333,1.1883333333333332,10.416666666666666,0.5458333333333333,2023,3,17,4,158.20833333333334,161.58333333333334,163.04166666666666,153.20833333333334,132.5,149.41666666666666,155.375
67.90833333333333,46.6375,825.8333333333334,30.995833333333334,12.245833333333332,73.79166666666667,0.8241666666666667,3.8333333333333335,0.9270833333333334,2023,3,18,5,139.83333333333334,158.20833333333334,161.58333333333334,143.51388888888889,149.41666666666666,155.375,137.41666666666666
98.6,68.3,1007.25,37.079166666666666,14.995833333333332,69.41666666666667,0.9791666666666666,3.0416666666666665,0.9104166666666668,2023,3,19,6,132.5,139.83333333333334,158.20833333333334,140.58333333333334,155.375,137.41666666666666,153.33333333333334
87.26666666666667,60.15416666666667,856.6666666666666,35.545833333333334,10.758333333333333,72.91666666666667,0.9454166666666668,4.041666666666667,1.0041666666666669,2023,3,20,0,149.41666666666666,132.5,139.83333333333334,145.76388888888889,137.41666666666666,153.33333333333334,173.83333333333334
81.50416666666666,56.375,1401.2916666666667,37.270833333333336,17.537499999999998,65.29166666666667,0.6945833333333334,3.0,1.125,2023,3,21,1,155.375,149.41666666666666,132.5,147.40277777777777,153.33333333333334,173.83333333333334,166.5
97.4875,66.22916666666667,1898.5,52.0375,21.441666666666663,65.91666666666667,0.9475,8.041666666666666,0.8354166666666667,2023,3,22,2,137.41666666666666,155.375,149.41666666666666,148.70833333333334,173.83333333333334,166.5,104.70833333333331
166.26250000000002,113.57916666666668,3262.833333333333,89.28333333333335,38.71666666666667,79.08333333333333,0.8008333333333333,11.291666666666666,1.0541666666666667,2023,3,23,3,153.33333333333334,137.41666666666666,155.375,154.86111111111111,166.5,104.70833333333331,133.125
84.02499999999999,56.40833333333333,1410.875,50.7625,10.641666666666667,40.875,0.6704166666666667,8.416666666666666,0.5770833333333333,2023,3,24,4,173.83333333333334,153.33333333333334,137.41666666666666,164.55555555555557,104.70833333333331,133.125,151.54166666666666
56.69166666666666,35.5375,498.9583333333333,22.25,7.108333333333333,67.58333333333333,0.75,17.083333333333332,0.4229166666666666,2023,3,25,5,166.5,173.83333333333334,153.33333333333334,148.34722222222223,133.125,151.54166666666666,162.41666666666666
91.97916666666669,61.1625,1058.375,41.52916666666667,22.0875,70.79166666666667,0.4216666666666666,12.708333333333334,1.3041666666666667,2023,3,26,6,104.70833333333331,166.5,173.83333333333334,134.77777777777777,151.54166666666666,162.41666666666666,157.70833333333334
90.41666666666669,61.61666666666667,1026.5,46.9,30.9625,75.29166666666667,0.33375,6.25,1.3562500000000002,2023,3,27,0,133.125,104.70833333333331,166.5,129.79166666666666,162.41666666666666,157.70833333333334,129.08333333333334
119.39583333333331,82.40416666666667,1278.25,53.35833333333333,39.525,77.25,0.3875,4.583333333333333,1.5291666666666668,2023,3,28,1,151.54166666666666,133.125,104.70833333333331,149.02777777777777,157.70833333333334,129.08333333333334,105.625
82.86666666666666,57.00833333333333,1033.2916666666667,44.2125,19.48333333333333,64.5,0.47375,4.25,1.1833333333333331,2023,3,29,2,162.41666666666666,151.54166666666666,133.125,157.2222222222222,129.08333333333334,105.625,92.375
66.74583333333334,42.66666666666666,777.75,34.84166666666667,9.270833333333334,69.16666666666667,0.64375,16.375,1.3666666666666665,2023,3,30,3,157.70833333333334,162.41666666666666,151.54166666666666,149.73611111111111,105.625,92.375,108.25
53.90833333333333,34.025,596.875,26.745833333333334,7.104166666666667,68.0,0.8925000000000001,16.75,0.59375,2023,3,31,4,129.08333333333334,157.70833333333334,162.41666666666666,130.80555555555557,92.375,108.25,148.95833333333334
45.60833333333333,30.925,712.5416666666666,30.48333333333333,9.408333333333331,56.91666666666666,0.6491666666666667,4.75,0.5041666666666667,2023,4,1,5,105.625,129.08333333333334,157.70833333333334,109.02777777777779,108.25,148.95833333333334,125.83333333333331
73.48333333333333,50.67916666666667,1324.7916666666667,46.50416666666666,15.433333333333332,75.91666666666667,0.495,3.2916666666666665,1.4145833333333335,2023,4,2,6,92.375,105.625,129.08333333333334,102.08333333333333,148.95833333333334,125.83333333333331,129.0
74.27083333333333,48.895833333333336,1262.9166666666667,47.8375,12.454166666666666,61.833333333333336,0.5929166666666666,12.833333333333334,1.3041666666666667,2023,4,3,0,108.25,92.375,105.625,116.52777777777779,125.83333333333331,129.0,116.91666666666669
68.07083333333334,44.97916666666666,1093.2916666666667,40.12916666666667,14.933333333333332,72.875,0.4045833333333333,11.041666666666666,1.4958333333333331,2023,4,4,1,148.95833333333334,108.25,92.375,127.68055555555554,129.0,116.91666666666669,100.45833333333331
74.8125,49.925,1372.1666666666667,51.37916666666666,16.287499999999998,71.29166666666667,0.34375,9.333333333333334,1.65,2023,4,5,2,125.83333333333331,148.95833333333334,108.25,134.5972222222222,116.91666666666669,100.45833333333331,118.41666666666669
57.67916666666667,37.7875,895.375,35.32083333333333,14.045833333333334,77.54166666666667,0.3825,10.041666666666666,1.5041666666666669,2023,4,6,3,129.0,125.83333333333331,148.95833333333334,123.91666666666667,100.45833333333331,118.41666666666669,160.83333333333334
49.34583333333333,33.37083333333333,953.4166666666666,43.94583333333333,12.808333333333332,63.79166666666666,0.1404166666666666,4.291666666666667,1.8729166666666668,2023,4,7,4,116.91666666666669,129.0,125.83333333333331,115.45833333333333,118.41666666666669,160.83333333333334,158.83333333333334
78.03333333333333,54.3625,1917.1666666666667,70.69583333333334,21.579166666666666,71.79166666666667,0.1604166666666666,0.8333333333333334,2.083333333333333,2023,4,8,5,100.45833333333331,116.91666666666669,129.0,111.93055555555556,160.83333333333334,158.83333333333334,124.5
96.7,67.39583333333333,2561.583333333333,81.60416666666667,26.070833333333336,87.70833333333333,0.2354166666666667,1.0833333333333333,1.9833333333333332,2023,4,9,6,118.41666666666669,100.45833333333331,116.91666666666669,126.56944444444446,158.83333333333334,124.5,121.83333333333331
75.74583333333334,52.7125,1822.875,69.28750000000001,19.570833333333333,86.95833333333333,0.2791666666666667,1.1666666666666667,1.8791666666666669,2023,4,10,0,160.83333333333334,118.41666666666669,100.45833333333331,146.0277777777778,124.5,121.83333333333331,115.875
63.24583333333334,42.329166666666666,965.0,42.895833333333336,13.920833333333334,90.29166666666669,0.3454166666666666,8.0,1.8354166666666665,2023,4,11,1,158.83333333333334,160.83333333333334,118.41666666666669,148.05555555555557,121.83333333333331,115.875,126.70833333333331
63.56666666666666,41.60416666666666,1033.25,42.92083333333333,14.508333333333333,84.45833333333333,0.3220833333333333,12.25,1.8395833333333331,2023,4,12,2,124.5,158.83333333333334,160.83333333333334,135.05555555555557,115.875,126.70833333333331,143.08333333333334
59.35,40.00833333333333,1060.3333333333333,46.775,13.854166666666666,78.83333333333333,0.2779166666666666,6.083333333333333,1.83125,2023,4,13,3,121.83333333333331,124.5,158.83333333333334,120.7361111111111,126.70833333333331,143.08333333333334,101.875
72.0125,49.43333333333334,1556.5,59.0875,18.84583333333333,88.25,0.3104166666666667,3.5,1.8229166666666667,2023,4,14,4,115.875,121.83333333333331,124.5,121.47222222222221,143.08333333333334,101.875,101.375
62.82083333333333,43.0625,1406.4166666666667,57.18333333333334,13.695833333333333,78.66666666666667,0.305,3.5,1.95,2023,4,15,5,126.70833333333331,115.875,121.83333333333331,128.55555555555554,101.875,101.375,106.79166666666669
52.6625,35.19583333333333,822.0,34.541666666666664,11.9375,85.375,0.4508333333333333,7.0,1.78125,2023,4,16,6,143.08333333333334,126.70833333333331,115.875,123.88888888888887,101.375,106.79166666666669,127.0
47.3625,31.78333333333333,736.2916666666666,34.5875,9.745833333333334,81.45833333333333,0.4929166666666666,5.5,1.9541666666666664,2023,4,17,0,101.875,143.08333333333334,126.70833333333331,115.44444444444446,106.79166666666669,127.0,113.625
69.82916666666667,45.825,1237.5416666666667,48.01666666666667,14.329166666666666,68.875,0.5720833333333334,11.208333333333334,1.4416666666666669,2023,4,18,1,101.375,101.875,143.08333333333334,103.34722222222223,127.0,113.625,95.16666666666669
66.89999999999999,41.62916666666667,1039.7083333333333,41.9,11.895833333333334,62.25,0.6079166666666667,20.45833333333333,1.2791666666666666,2023,4,19,2,106.79166666666669,101.375,101.875,111.72222222222223,113.625,95.16666666666669,91.70833333333331
61.2625,38.575,865.625,29.454166666666666,13.2,73.125,0.5716666666666667,17.5,1.55,2023,4,20,3,127.0,106.79166666666669,101.375,115.80555555555556,95.16666666666669,91.70833333333331,124.41666666666669
47.59583333333333,30.3875,496.4583333333333,21.616666666666664,8.387500000000001,84.0,0.4875,12.666666666666666,1.5666666666666669,2023,4,21,4,113.625,127.0,106.79166666666669,111.93055555555556,91.70833333333331,124.41666666666669,109.08333333333331
56.75833333333333,37.56666666666667,919.2083333333334,28.6625,13.970833333333331,77.45833333333333,0.3645833333333333,9.0,1.55625,2023,4,22,5,95.16666666666669,113.625,127.0,100.16666666666667,124.41666666666669,109.08333333333331,115.83333333333331
53.42083333333333,36.270833333333336,1014.75,39.68333333333333,12.695833333333333,74.0,0.2204166666666666,4.5,1.9416666666666669,2023,4,23,6,91.70833333333331,95.16666666666669,113.625,103.7638888888889,109.08333333333331,115.83333333333331,129.54166666666666
51.9125,34.545833333333334,946.0,41.1,13.945833333333333,97.45833333333331,0.32125,7.041666666666667,1.8708333333333331,2023,4,24,0,124.41666666666669,91.70833333333331,95.16666666666669,108.40277777777777,115.83333333333331,129.54166666666666,110.79166666666669
58.395833333333336,38.47083333333333,877.1666666666666,38.2625,15.45,96.29166666666669,0.4295833333333334,10.625,1.8916666666666664,2023,4,25,1,109.08333333333331,124.41666666666669,91.70833333333331,116.44444444444444,129.54166666666666,110.79166666666669,142.95833333333334
61.4875,41.50416666666667,758.125,31.366666666666664,14.570833333333333,112.125,0.7287499999999999,6.666666666666667,1.6166666666666665,2023,4,26,2,115.83333333333331,109.08333333333331,124.41666666666669,118.15277777777776,110.79166666666669,142.95833333333334,151.83333333333334
61.75833333333333,39.42083333333333,739.2916666666666,29.475,11.191666666666668,96.58333333333331,0.8820833333333334,16.291666666666668,1.1458333333333333,2023,4,27,3,129.54166666666666,115.83333333333331,109.08333333333331,118.72222222222221,142.95833333333334,151.83333333333334,140.5
94.83333333333331,61.57083333333333,1378.25,38.775,20.29583333333333,90.66666666666669,0.8283333333333333,20.75,1.2666666666666668,2023,4,28,4,110.79166666666669,129.54166666666666,115.83333333333331,127.7638888888889,151.83333333333334,140.5,134.04166666666666
78.82083333333334,52.54583333333333,1220.3333333333333,43.26666666666667,18.1375,85.70833333333333,0.71125,11.166666666666666,1.34375,2023,4,29,5,142.95833333333334,110.79166666666669,129.54166666666666,135.19444444444446,140.5,134.04166666666666,141.5
83.47083333333333,52.208333333333336,663.7083333333334,27.616666666666664,15.504166666666668,103.375,1.0308333333333335,25.125,1.2666666666666668,2023,4,30,6,151.83333333333334,142.95833333333334,110.79166666666669,145.09722222222223,134.04166666666666,141.5,111.625
83.425,55.4625,541.375,21.554166666666664,11.95,97.20833333333331,1.195,12.625,0.8770833333333333,2023,5,1,0,140.5,151.83333333333334,142.95833333333334,142.125,141.5,111.625,117.125
58.4,40.16666666666666,574.0,24.45,12.6375,72.04166666666667,0.8558333333333333,3.6666666666666665,0.5166666666666667,2023,5,2,1,134.04166666666666,140.5,151.83333333333334,138.68055555555554,111.625,117.125,132.91666666666666
46.9125,32.25,638.5416666666666,25.1625,10.1,101.41666666666669,0.6241666666666666,2.833333333333333,1.8020833333333333,2023,5,3,2,141.5,134.04166666666666,140.5,129.05555555555554,117.125,132.91666666666666,128.5
66.14999999999999,45.55,809.4583333333334,34.3875,14.095833333333331,91.125,0.655,3.6666666666666665,1.5270833333333331,2023,5,4,3,111.625,141.5,134.04166666666666,123.41666666666667,132.91666666666666,128.5,102.04166666666669
68.46666666666667,46.645833333333336,974.75,34.94166666666667,15.825,102.41666666666669,0.5983333333333333,5.875,1.81875,2023,5,5,4,117.125,111.625,141.5,120.55555555555554,128.5,102.04166666666669,93.625
58.87083333333334,39.45,709.2083333333334,30.6625,13.129166666666668,97.16666666666669,0.5629166666666666,7.541666666666667,1.7270833333333335,2023,5,6,5,132.91666666666666,117.125,111.625,126.18055555555554,102.04166666666669,93.625,102.08333333333331
49.80833333333334,28.90416666666667,516.6666666666666,22.379166666666663,7.291666666666667,96.29166666666669,0.4758333333333333,24.875,2.0708333333333333,2023,5,7,6,128.5,132.91666666666666,117.125,121.15277777777779,93.625,102.08333333333331,107.83333333333331
44.37916666666666,26.116666666666664,411.4583333333333,17.491666666666667,9.1375,105.75,0.42375,20.25,1.9270833333333333,2023,5,8,0,102.04166666666669,128.5,132.91666666666666,108.05555555555556,102.08333333333331,107.83333333333331,141.29166666666666
45.9625,29.495833333333334,401.1666666666667,14.875,9.291666666666666,106.54166666666669,0.3,11.916666666666666,2.097916666666667,2023,5,9,1,93.625,102.04166666666669,128.5,99.25,107.83333333333331,141.29166666666666,148.58333333333334
47.1875,32.579166666666666,412.625,14.991666666666667,17.26666666666667,113.875,0.215,2.083333333333333,2.2729166666666667,2023,5,10,2,102.08333333333331,93.625,102.04166666666669,101.18055555555554,141.29166666666666,148.58333333333334,145.45833333333334
71.46249999999999,49.55,577.7916666666666,20.84583333333333,26.34166666666667,127.70833333333331,0.2820833333333333,2.0,2.095833333333333,2023,5,11,3,107.83333333333331,102.08333333333331,93.625,117.06944444444441,148.58333333333334,145.45833333333334,119.33333333333331
70.54166666666667,48.26666666666667,509.125,16.379166666666666,17.958333333333332,132.625,0.4354166666666666,4.958333333333333,1.9854166666666664,2023,5,12,4,141.29166666666666,107.83333333333331,102.08333333333331,132.56944444444443,145.45833333333334,119.33333333333331,125.70833333333331
60.01666666666667,40.04583333333333,434.4583333333333,13.954166666666666,14.4125,124.29166666666669,0.5816666666666667,8.541666666666666,1.9520833333333332,2023,5,13,5,148.58333333333334,141.29166666666666,107.83333333333331,145.11111111111111,119.33333333333331,125.70833333333331,121.25
52.68333333333334,33.00416666666667,333.4166666666667,8.379166666666666,10.391666666666667,130.125,0.6679166666666667,16.291666666666668,1.7458333333333331,2023,5,14,6,145.45833333333334,148.58333333333334,141.29166666666666,137.79166666666666,125.70833333333331,121.25,121.95833333333331
55.825,36.87083333333333,407.2916666666667,11.704166666666666,12.670833333333334,121.45833333333331,0.40125,9.208333333333334,2.2645833333333334,2023,5,15,0,119.33333333333331,145.45833333333334,148.58333333333334,130.16666666666666,121.25,121.95833333333331,108.04166666666669
62.76666666666667,40.85416666666666,438.5,12.654166666666669,15.866666666666667,120.79166666666669,0.6729166666666666,13.625,1.7104166666666665,2023,5,16,1,125.70833333333331,119.33333333333331,145.45833333333334,122.09722222222221,121.95833333333331,108.04166666666669,114.54166666666669
60.9,38.29583333333333,358.4583333333333,10.354166666666666,10.795833333333334,108.83333333333331,0.5641666666666667,18.375,1.9791666666666667,2023,5,17,2,121.25,125.70833333333331,119.33333333333331,122.97222222222221,108.04166666666669,114.54166666666669,125.20833333333331
56.66666666666666,33.07083333333333,329.0833333333333,8.237499999999999,11.2,121.83333333333331,0.66625,26.95833333333333,1.8166666666666669,2023,5,18,3,121.95833333333331,121.25,125.70833333333331,117.08333333333333,114.54166666666669,125.20833333333331,130.16666666666666
59.975,38.954166666666666,404.875,14.570833333333333,18.55,110.08333333333331,0.3229166666666667,12.833333333333334,2.339583333333333,2023,5,19,4,108.04166666666669,121.95833333333331,121.25,114.84722222222223,125.20833333333331,130.16666666666666,151.08333333333334
61.84583333333333,41.766666666666666,443.7916666666667,16.795833333333334,19.633333333333333,110.91666666666669,0.2775,6.541666666666667,2.347916666666667,2023,5,20,5,114.54166666666669,108.04166666666669,121.95833333333331,115.93055555555556,130.16666666666666,151.08333333333334,120.875
73.77499999999999,49.10833333333333,978.4166666666666,40.775,23.941666666666663,96.20833333333331,0.3733333333333333,10.916666666666666,2.1416666666666666,2023,5,21,6,125.20833333333331,114.54166666666669,108.04166666666669,123.30555555555554,151.08333333333334,120.875,101.20833333333331
80.45416666666667,52.583333333333336,1056.875,50.458333333333336,21.279166666666665,103.08333333333331,0.5745833333333333,15.875,2.033333333333333,2023,5,22,0,130.16666666666666,125.20833333333331,114.54166666666669,135.48611111111111,120.875,101.20833333333331,113.125
58.020833333333336,34.90833333333333,397.9166666666667,15.291666666666666,11.158333333333331,101.29166666666669,0.7033333333333333,24.166666666666668,1.6791666666666665,2023,5,23,1,151.08333333333334,130.16666666666666,125.20833333333331,134.04166666666666,101.20833333333331,113.125,135.83333333333334
71.675,40.62083333333333,411.875,17.716666666666665,14.6125,86.0,0.9208333333333334,41.625,1.5458333333333334,2023,5,24,2,120.875,151.08333333333334,130.16666666666666,124.3888888888889,113.125,135.83333333333334,143.66666666666666
72.42083333333333,42.525,428.4166666666667,15.675,16.233333333333334,102.66666666666669,0.7170833333333334,33.75,1.4583333333333333,2023,5,25,3,101.20833333333331,120.875,151.08333333333334,111.7361111111111,135.83333333333334,143.66666666666666,141.83333333333334
82.3875,52.47916666666666,985.625,39.208333333333336,19.070833333333333,71.5,0.7395833333333334,21.58333333333333,1.1979166666666667,2023,5,26,4,113.125,101.20833333333331,120.875,116.72222222222221,143.66666666666666,141.83333333333334,142.0
72.26666666666667,45.42916666666667,755.7083333333334,26.97083333333333,14.0875,106.95833333333331,0.5729166666666666,21.125,2.002083333333333,2023,5,27,5,135.83333333333334,113.125,101.20833333333331,130.875,141.83333333333334,142.0,147.20833333333334
79.275,52.21666666666667,680.2083333333334,27.89583333333333,23.516666666666666,103.45833333333331,0.6670833333333334,13.416666666666666,1.4645833333333331,2023,5,28,6,143.66666666666666,135.83333333333334,113.125,140.44444444444446,142.0,147.20833333333334,136.375
82.11666666666666,51.9125,596.4583333333334,20.97083333333333,20.804166666666667,110.125,0.9479166666666666,23.416666666666668,1.50625,2023,5,29,0,141.83333333333334,143.66666666666666,135.83333333333334,142.5,147.20833333333334,136.375,119.0
84.56666666666668,54.9,761.2916666666666,30.3125,14.4125,104.41666666666669,1.0333333333333334,17.916666666666668,1.575,2023,5,30,1,142.0,141.83333333333334,143.66666666666666,143.68055555555557,136.375,119.0,154.20833333333334
67.0,45.05833333333334,727.2916666666666,36.9125,10.816666666666668,78.79166666666667,1.1370833333333332,8.791666666666666,0.4270833333333333,2023,5,31,2,147.20833333333334,142.0,141.83333333333334,141.86111111111111,119.0,154.20833333333334,151.5
62.5375,42.35,765.9166666666666,34.4,14.4625,96.5,0.98,6.833333333333333,1.0666666666666669,2023,6,1,3,136.375,147.20833333333334,142.0,134.19444444444446,154.20833333333334,151.5,158.58333333333334
88.09166666666665,59.65,1247.4166666666667,54.475,27.504166666666663,109.58333333333331,0.715,8.625,1.6104166666666666,2023,6,2,4,119.0,136.375,147.20833333333334,136.5277777777778,151.5,158.58333333333334,141.70833333333334
81.82916666666667,55.05416666666667,1386.875,49.5125,19.9,102.04166666666669,0.42,9.166666666666666,2.285416666666667,2023,6,3,5,154.20833333333334,119.0,136.375,141.56944444444446,158.58333333333334,141.70833333333334,131.33333333333334
94.89583333333331,65.6875,1980.5,53.31666666666666,22.975,94.16666666666669,0.3795833333333333,2.875,2.1125000000000003,2023,6,4,6,151.5,154.20833333333334,119.0,154.76388888888889,141.70833333333334,131.33333333333334,154.125
63.20416666666667,43.145833333333336,1149.5833333333333,38.125,17.358333333333334,109.41666666666669,0.4295833333333334,4.583333333333333,2.0875,2023,6,5,0,158.58333333333334,151.5,154.20833333333334,150.59722222222226,131.33333333333334,154.125,134.41666666666666
79.93333333333334,53.36666666666667,1296.375,47.56666666666666,20.09583333333333,104.54166666666669,0.4795833333333333,10.375,1.914583333333333,2023,6,6,1,141.70833333333334,158.58333333333334,151.5,143.87500000000003,154.125,134.41666666666666,164.45833333333334
82.92083333333333,56.333333333333336,1564.7916666666667,54.90833333333333,20.1,86.95833333333333,0.5591666666666667,6.958333333333333,1.61875,2023,6,7,2,131.33333333333334,141.70833333333334,158.58333333333334,142.38888888888889,134.41666666666666,164.45833333333334,155.45833333333334
77.13333333333334,51.833333333333336,1279.25,50.96666666666667,19.70833333333333,98.04166666666669,0.5554166666666667,8.416666666666666,1.7416666666666665,2023,6,8,3,154.125,131.33333333333334,141.70833333333334,139.95833333333334,164.45833333333334,155.45833333333334,156.125
93.175,62.49583333333334,1494.2083333333333,64.46666666666667,23.58333333333333,113.5,0.6304166666666667,11.208333333333334,1.83125,2023,6,9,4,134.41666666666666,154.125,131.33333333333334,151.0,155.45833333333334,156.125,168.79166666666666
77.67083333333333,51.66666666666666,1113.875,46.2625,15.329166666666666,106.20833333333331,0.6970833333333334,11.041666666666666,1.883333333333333,2023,6,10,5,164.45833333333334,134.41666666666666,154.125,151.44444444444446,156.125,168.79166666666666,164.08333333333334
85.18333333333334,57.075,1374.75,49.458333333333336,22.15,116.16666666666669,0.6745833333333334,10.25,2.0104166666666665,2023,6,11,6,155.45833333333334,164.45833333333334,134.41666666666666,158.68055555555557,168.79166666666666,164.08333333333334,151.91666666666666
117.69583333333333,77.38333333333334,2251.7916666666665,75.55,27.95,110.625,0.7625000000000001,19.75,1.9145833333333333,2023,6,12,0,156.125,155.45833333333334,164.45833333333334,160.125,164.08333333333334,151.91666666666666,112.625
99.97916666666669,62.94166666666666,1671.3333333333333,55.34166666666667,20.029166666666665,102.375,0.72375,28.0,1.9791666666666667,2023,6,13,1,168.79166666666666,156.125,155.45833333333334,163.0,151.91666666666666,112.625,113.5
85.6375,52.19166666666667,1320.375,49.3375,18.575,86.625,0.6620833333333334,30.45833333333333,1.7937500000000002,2023,6,14,2,164.08333333333334,168.79166666666666,156.125,161.5972222222222,112.625,113.5,133.0
67.21666666666667,38.40416666666667,854.9583333333334,33.833333333333336,12.933333333333332,83.20833333333333,0.6533333333333333,32.708333333333336,2.0541666666666667,2023,6,15,3,151.91666666666666,164.08333333333334,168.79166666666666,142.875,113.5,133.0,149.75
66.875,41.27916666666667,954.0416666666666,43.11666666666667,14.375,94.95833333333331,0.6625,20.08333333333333,2.0541666666666667,2023,6,16,4,112.625,151.91666666666666,164.08333333333334,126.01388888888887,133.0,149.75,134.75
71.60000000000001,46.7625,1041.8333333333333,46.00416666666666,15.991666666666667,112.91666666666669,0.67375,11.541666666666666,1.9375,2023,6,17,5,113.5,112.625,151.91666666666666,119.70833333333333,149.75,134.75,158.25
72.60833333333333,47.4125,930.625,43.29166666666666,16.745833333333334,110.91666666666669,0.7025,12.416666666666666,1.93125,2023,6,18,6,133.0,113.5,112.625,132.08333333333334,134.75,158.25,165.04166666666666
69.57916666666667,47.09166666666667,894.7916666666666,38.91666666666666,15.608333333333334,111.75,0.7416666666666667,6.375,1.9625,2023,6,19,0,149.75,133.0,113.5,139.16666666666666,158.25,165.04166666666666,160.83333333333334
90.4,61.55416666666667,1513.4166666666667,54.50416666666667,20.27083333333333,113.04166666666669,0.7308333333333333,7.333333333333333,1.8958333333333333,2023,6,20,1,134.75,149.75,133.0,147.58333333333334,165.04166666666666,160.83333333333334,154.08333333333334
104.73333333333332,69.90416666666667,1797.0,68.1875,21.65416666666667,99.54166666666669,0.9779166666666668,14.083333333333334,1.6041666666666667,2023,6,21,2,158.25,134.75,149.75,152.68055555555554,160.83333333333334,154.08333333333334,131.875
90.01666666666667,57.325,1123.5833333333333,52.90416666666667,17.162499999999998,103.33333333333331,0.7958333333333334,22.20833333333333,2.0187500000000003,2023,6,22,3,165.04166666666666,158.25,134.75,161.375,154.08333333333334,131.875,142.5
82.17916666666666,49.74166666666667,1054.5,50.69583333333333,18.72083333333333,98.29166666666669,0.74625,30.0,2.075,2023,6,23,4,160.83333333333334,165.04166666666666,158.25,159.98611111111111,131.875,142.5,116.04166666666669
80.84166666666667,45.63333333333333,1009.125,41.49166666666667,16.4875,88.41666666666667,0.8641666666666667,44.0,1.6854166666666668,2023,6,24,5,154.08333333333334,160.83333333333334,165.04166666666666,148.93055555555557,142.5,116.04166666666669,128.20833333333334
91.67083333333332,53.4125,654.2083333333334,25.2625,15.283333333333331,115.83333333333331,1.012916666666667,44.54166666666666,1.6895833333333334,2023,6,25,6,131.875,154.08333333333334,160.83333333333334,142.81944444444446,116.04166666666669,128.20833333333334,125.75
52.3375,33.02916666666667,568.375,24.116666666666664,11.033333333333331,91.95833333333331,0.9029166666666668,16.75,1.1645833333333333,2023,6,26,0,142.5,131.875,154.08333333333334,130.13888888888889,128.20833333333334,125.75,140.45833333333334
69.38333333333334,48.38333333333333,887.6666666666666,35.11666666666667,16.0625,97.16666666666669,0.6783333333333333,3.0,1.95625,2023,6,27,1,116.04166666666669,142.5,131.875,128.91666666666666,125.75,140.45833333333334,143.66666666666666
65.87916666666666,43.5125,412.7916666666667,13.908333333333331,10.045833333333333,120.58333333333331,0.9183333333333332,10.708333333333334,1.7104166666666665,2023,6,28,2,128.20833333333334,116.04166666666669,142.5,123.33333333333333,140.45833333333334,143.66666666666666,155.54166666666666
75.04166666666667,46.60833333333333,465.2916666666667,16.599999999999998,11.129166666666668,129.58333333333334,0.925,22.45833333333333,1.9875,2023,6,29,3,125.75,128.20833333333334,116.04166666666669,131.47222222222223,143.66666666666666,155.54166666666666,166.45833333333334
74.2375,47.56666666666666,570.8333333333334,26.329166666666666,11.404166666666669,132.20833333333334,0.8645833333333334,17.25,2.120833333333333,2023,6,30,4,140.45833333333334,125.75,128.20833333333334,136.625,155.54166666666666,166.45833333333334,165.29166666666666
90.20833333333331,57.1625,720.7083333333334,34.40416666666667,14.595833333333331,130.66666666666666,0.77625,22.70833333333333,1.8291666666666664,2023,7,1,5,143.66666666666666,140.45833333333334,125.75,146.55555555555557,166.45833333333334,165.29166666666666,151.04166666666666
107.76666666666668,64.14166666666667,834.25,38.55416666666667,15.595833333333331,124.95833333333331,0.7641666666666667,44.083333333333336,1.9291666666666665,2023,7,2,6,155.54166666666666,143.66666666666666,140.45833333333334,155.2222222222222,165.29166666666666,151.04166666666666,122.16666666666669
101.4125,60.32916666666667,652.625,24.23333333333333,12.508333333333333,134.08333333333334,0.7666666666666666,41.16666666666666,2.0604166666666663,2023,7,3,0,166.45833333333334,155.54166666666666,143.66666666666666,162.43055555555557,151.04166666666666,122.16666666666669,115.33333333333331
86.47500000000001,51.21666666666667,422.5833333333333,11.533333333333331,8.866666666666667,131.75,0.7766666666666667,35.5,2.1104166666666666,2023,7,4,1,165.29166666666666,166.45833333333334,155.54166666666666,160.93055555555554,122.16666666666669,115.33333333333331,136.79166666666666
77.6875,36.7625,412.4583333333333,14.75,9.016666666666667,103.45833333333331,1.117916666666667,79.5,0.8270833333333334,2023,7,5,2,151.04166666666666,165.29166666666666,166.45833333333334,146.16666666666666,115.33333333333331,136.79166666666666,124.125
123.80416666666667,45.75833333333333,497.5,19.4,10.804166666666667,110.0,1.0254166666666666,168.875,1.3708333333333331,2023,7,6,3,122.16666666666669,151.04166666666666,165.29166666666666,129.51388888888889,136.79166666666666,124.125,63.375
98.6875,50.89166666666667,556.5833333333334,25.616666666666664,9.5875,103.58333333333331,0.9420833333333332,72.79166666666667,1.6520833333333331,2023,7,7,4,115.33333333333331,122.16666666666669,151.04166666666666,124.76388888888887,124.125,63.375,66.875
41.32083333333333,28.525,477.75,20.816666666666663,9.091666666666669,80.25,0.84125,2.5,0.7875000000000001,2023,7,8,5,136.79166666666666,115.33333333333331,122.16666666666669,125.41666666666667,63.375,66.875,91.75
23.15416666666667,16.224999999999998,314.3333333333333,12.329166666666666,7.133333333333333,88.25,0.36625,0.0833333333333333,1.335416666666667,2023,7,9,6,124.125,136.79166666666666,115.33333333333331,108.09722222222221,66.875,91.75,135.66666666666666
25.5,17.575,358.75,15.783333333333331,8.0875,81.58333333333333,0.4254166666666666,1.5416666666666667,1.9479166666666667,2023,7,10,0,63.375,124.125,136.79166666666666,84.79166666666667,91.75,135.66666666666666,145.16666666666666
46.73333333333333,31.666666666666668,634.2916666666666,34.675000000000004,11.579166666666666,98.08333333333331,0.3658333333333333,4.333333333333333,2.472916666666667,2023,7,11,1,66.875,63.375,124.125,74.0,135.66666666666666,145.16666666666666,132.375
66.66666666666667,44.275,558.9583333333334,20.9125,11.541666666666666,137.08333333333334,0.7354166666666666,9.5,2.19375,2023,7,12,2,91.75,66.875,63.375,98.09722222222221,145.16666666666666,132.375,143.41666666666666
69.35833333333333,47.775,500.1666666666667,18.404166666666665,9.333333333333334,134.125,1.0016666666666667,3.1666666666666665,1.6583333333333332,2023,7,13,3,135.66666666666666,91.75,66.875,124.19444444444444,132.375,143.41666666666666,143.83333333333334
59.00833333333333,40.7125,523.9166666666666,23.40416666666667,9.4625,108.95833333333331,0.6991666666666667,2.583333333333333,2.0875,2023,7,14,4,145.16666666666666,135.66666666666666,91.75,137.73611111111111,143.41666666666666,143.83333333333334,137.66666666666666
82.44583333333334,56.5625,575.8333333333334,24.10833333333333,9.891666666666667,122.08333333333331,1.044166666666667,4.583333333333333,1.7854166666666669,2023,7,15,5,132.375,145.16666666666666,135.66666666666666,140.31944444444443,143.83333333333334,137.66666666666666,117.45833333333331
74.40416666666667,47.475,590.125,27.016666666666666,7.820833333333333,100.375,1.1891666666666667,20.5,1.6125,2023,7,16,6,143.41666666666666,132.375,145.16666666666666,139.875,137.66666666666666,117.45833333333331,103.08333333333331
67.42083333333333,44.958333333333336,600.0,27.125,8.329166666666667,104.33333333333331,0.8695833333333334,12.875,2.066666666666667,2023,7,17,0,143.83333333333334,143.41666666666666,132.375,141.63888888888889,117.45833333333331,103.08333333333331,125.41666666666669
52.645833333333336,36.37083333333333,469.2916666666667,17.287499999999998,6.908333333333334,105.16666666666669,0.89875,3.4166666666666665,1.78125,2023,7,18,1,137.66666666666666,143.83333333333334,143.41666666666666,132.98611111111111,103.08333333333331,125.41666666666669,151.70833333333334
52.85833333333333,36.454166666666666,430.7916666666667,16.6125,9.475,99.91666666666669,1.0104166666666667,2.7916666666666665,1.1229166666666666,2023,7,19,2,117.45833333333331,137.66666666666666,143.83333333333334,119.40277777777776,125.41666666666669,151.70833333333334,135.0
74.4375,51.8875,602.125,27.204166666666666,11.879166666666668,111.375,0.7883333333333334,1.0416666666666667,2.125,2023,7,20,3,103.08333333333331,117.45833333333331,137.66666666666666,115.31944444444444,151.70833333333334,135.0,107.375
83.29166666666667,58.270833333333336,751.0416666666666,34.7125,10.883333333333333,80.75,0.98125,0.5416666666666666,1.1083333333333334,2023,7,21,4,125.41666666666669,103.08333333333331,117.45833333333331,126.73611111111113,135.0,107.375,117.04166666666669
61.84583333333333,40.6875,535.625,23.616666666666664,10.254166666666666,72.16666666666667,1.04125,9.791666666666666,0.61875,2023,7,22,5,151.70833333333334,125.41666666666669,103.08333333333331,137.375,107.375,117.04166666666669,113.75
52.65416666666667,36.17083333333333,541.4583333333334,25.375,9.541666666666666,87.54166666666667,0.6833333333333332,3.458333333333333,1.71875,2023,7,23,6,135.0,151.70833333333334,125.41666666666669,131.36111111111111,117.04166666666669,113.75,130.08333333333334
57.46666666666667,39.54166666666666,658.625,32.958333333333336,10.066666666666666,99.70833333333331,0.6091666666666666,2.5416666666666665,2.4145833333333333,2023,7,24,0,107.375,135.0,151.70833333333334,119.80555555555556,113.75,130.08333333333334,140.33333333333334
64.01666666666667,43.825,665.2083333333334,36.7875,11.05,78.5,0.765,4.25,1.0729166666666667,2023,7,25,1,117.04166666666669,107.375,135.0,112.72222222222223,130.08333333333334,140.33333333333334,148.04166666666666
69.70416666666667,48.3,774.875,38.60416666666666,12.133333333333333,82.5,0.9479166666666666,2.5416666666666665,0.8708333333333332,2023,7,26,2,113.75,117.04166666666669,107.375,120.29166666666667,140.33333333333334,148.04166666666666,140.54166666666666
71.9875,50.1625,677.5833333333334,28.820833333333336,12.220833333333331,102.75,1.0875,1.1666666666666667,1.55625,2023,7,27,3,130.08333333333334,113.75,117.04166666666669,128.05555555555557,148.04166666666666,140.54166666666666,144.41666666666666
63.87083333333334,44.14166666666667,552.9583333333334,21.879166666666663,12.633333333333333,120.45833333333331,1.2479166666666666,2.2916666666666665,1.6645833333333335,2023,7,28,4,140.33333333333334,130.08333333333334,113.75,139.48611111111111,140.54166666666666,144.41666666666666,156.83333333333334
60.69166666666666,40.8375,514.125,20.433333333333334,11.104166666666666,129.25,1.0166666666666666,7.166666666666667,1.80625,2023,7,29,5,148.04166666666666,140.33333333333334,130.08333333333334,142.9722222222222,144.41666666666666,156.83333333333334,156.70833333333334
79.12916666666666,52.0,774.875,37.59583333333333,18.204166666666666,118.41666666666669,0.7445833333333334,12.666666666666666,1.9645833333333331,2023,7,30,6,140.54166666666666,148.04166666666666,140.33333333333334,144.33333333333334,156.83333333333334,156.70833333333334,138.83333333333334
87.63333333333333,53.9375,921.1666666666666,43.083333333333336,14.425,116.91666666666669,0.7170833333333334,30.291666666666668,1.9083333333333328,2023,7,31,0,144.41666666666666,140.54166666666666,148.04166666666666,147.26388888888889,156.70833333333334,138.83333333333334,132.70833333333334
102.55,52.84583333333333,966.2083333333334,47.2,12.383333333333333,102.16666666666669,0.49625,75.16666666666667,2.160416666666667,2023,8,1,1,156.83333333333334,144.41666666666666,140.54166666666666,152.6527777777778,138.83333333333334,132.70833333333334,157.625
116.7,47.1125,507.375,23.03333333333333,12.316666666666668,104.66666666666669,0.6158333333333333,143.95833333333334,1.8708333333333331,2023,8,2,2,156.70833333333334,156.83333333333334,144.41666666666666,150.79166666666669,132.70833333333334,157.625,138.0
138.5875,52.975,679.0416666666666,33.9,13.4375,106.66666666666669,0.7179166666666666,191.125,2.0791666666666666,2023,8,3,3,138.83333333333334,156.70833333333334,156.83333333333334,142.75,157.625,138.0,150.20833333333334
148.49583333333334,58.225,764.0416666666666,33.56666666666667,11.566666666666668,102.625,0.7400000000000001,191.41666666666663,1.9041666666666668,2023,8,4,4,132.70833333333334,138.83333333333334,156.70833333333334,143.05555555555554,138.0,150.20833333333334,152.29166666666666
117.99166666666667,48.92083333333333,554.8333333333334,27.6375,12.825,106.16666666666669,0.7516666666666666,143.95833333333334,2.0770833333333334,2023,8,5,5,157.625,132.70833333333334,138.83333333333334,142.7777777777778,150.20833333333334,152.29166666666666,166.125
186.4875,60.8875,714.2083333333334,33.94583333333333,13.395833333333334,96.625,0.8054166666666666,293.6666666666667,1.8916666666666664,2023,8,6,6,138.0,157.625,132.70833333333334,148.61111111111111,152.29166666666666,166.125,165.29166666666666
202.45,63.85,730.9583333333334,31.320833333333336,11.558333333333332,107.125,0.8337500000000001,327.125,1.7083333333333333,2023,8,7,0,150.20833333333334,138.0,157.625,146.83333333333334,166.125,165.29166666666666,159.0
204.3083333333333,78.72916666666667,999.5833333333334,47.45,14.8125,100.375,0.71625,278.875,1.7541666666666669,2023,8,8,1,152.29166666666666,150.20833333333334,138.0,156.20833333333334,165.29166666666666,159.0,156.20833333333334
228.21666666666667,79.42083333333333,704.7916666666666,34.32083333333333,12.8375,100.375,0.7766666666666667,351.8333333333333,1.7833333333333332,2023,8,9,2,166.125,152.29166666666666,150.20833333333334,161.23611111111111,159.0,156.20833333333334,154.08333333333334
159.87083333333334,63.72083333333333,441.2083333333333,19.654166666666665,10.125,101.58333333333331,0.9458333333333332,218.58333333333331,1.4520833333333334,2023,8,10,3,165.29166666666666,166.125,152.29166666666666,163.4722222222222,156.20833333333334,154.08333333333334,141.20833333333334
152.41666666666666,59.2625,652.8333333333334,32.291666666666664,12.670833333333334,110.08333333333331,0.8204166666666667,203.33333333333331,1.8645833333333333,2023,8,11,4,159.0,165.29166666666666,166.125,160.16666666666666,154.08333333333334,141.20833333333334,132.66666666666666
163.77083333333334,56.92083333333333,790.2916666666666,40.4375,10.1125,74.83333333333333,0.64125,245.45833333333331,1.83125,2023,8,12,5,156.20833333333334,159.0,165.29166666666666,156.43055555555557,141.20833333333334,132.66666666666666,141.625
129.92499999999998,49.025,556.625,27.33333333333333,9.791666666666666,90.20833333333331,0.6195833333333334,179.91666666666666,2.05625,2023,8,13,6,154.08333333333334,156.20833333333334,159.0,150.5,132.66666666666666,141.625,147.95833333333334
137.04166666666666,47.1625,391.25,15.8125,9.566666666666666,99.83333333333331,0.83625,210.75,1.7208333333333332,2023,8,14,0,141.20833333333334,154.08333333333334,156.20833333333334,142.65277777777777,141.625,147.95833333333334,165.41666666666666
106.825,48.23333333333333,506.7916666666667,20.683333333333334,12.983333333333334,119.91666666666669,0.7429166666666666,104.45833333333331,1.90625,2023,8,15,1,132.66666666666666,141.20833333333334,154.08333333333334,138.5,147.95833333333334,165.41666666666666,155.04166666666666
146.2875,59.7375,770.0416666666666,35.858333333333334,13.833333333333334,111.66666666666669,0.63875,171.45833333333334,1.9791666666666667,2023,8,16,2,141.625,132.66666666666666,141.20833333333334,140.75,165.41666666666666,155.04166666666666,152.875
160.46666666666667,64.92916666666666,984.9583333333334,45.520833333333336,14.3875,106.625,0.7670833333333333,192.20833333333331,1.7604166666666667,2023,8,17,3,147.95833333333334,141.625,132.66666666666666,151.66666666666666,155.04166666666666,152.875,156.20833333333334
136.20416666666668,54.225,621.25,27.29583333333333,11.083333333333334,104.16666666666669,0.7729166666666667,165.625,1.78125,2023,8,18,4,165.41666666666666,147.95833333333334,141.625,156.13888888888889,152.875,156.20833333333334,165.91666666666666
122.125,56.57083333333333,547.6666666666666,22.891666666666666,11.379166666666668,105.20833333333331,0.8337500000000001,113.04166666666669,1.5354166666666669,2023,8,19,5,155.04166666666666,165.41666666666666,147.95833333333334,157.77777777777774,156.20833333333334,165.91666666666666,166.08333333333334
102.96666666666664,63.09166666666667,825.625,39.35416666666666,13.620833333333332,103.70833333333331,0.795,35.125,1.6375,2023,8,20,6,152.875,155.04166666666666,165.41666666666666,154.70833333333334,165.91666666666666,166.08333333333334,147.66666666666666
116.65833333333336,73.19583333333334,943.4166666666666,42.60833333333333,17.720833333333335,109.91666666666669,0.9704166666666666,19.08333333333333,1.54375,2023,8,21,0,156.20833333333334,152.875,155.04166666666666,158.33333333333334,166.08333333333334,147.66666666666666,111.83333333333331
95.13333333333333,60.23333333333333,847.7916666666666,34.575,13.020833333333334,113.66666666666669,0.8708333333333332,17.291666666666668,1.6895833333333332,2023,8,22,1,165.91666666666666,156.20833333333334,152.875,162.73611111111111,147.66666666666666,111.83333333333331,142.625
74.3625,41.04583333333333,491.8333333333333,16.325,11.579166666666666,115.83333333333331,0.67625,43.66666666666666,2.0625,2023,8,23,2,166.08333333333334,165.91666666666666,156.20833333333334,159.88888888888889,111.83333333333331,142.625,137.0
183.98333333333332,47.13333333333333,483.4166666666667,19.8875,12.4875,101.20833333333331,0.8312499999999999,338.9583333333333,1.4708333333333332,2023,8,24,3,147.66666666666666,166.08333333333334,165.91666666666666,141.86111111111111,142.625,137.0,151.66666666666666
121.1125,47.8875,472.7083333333333,22.05,10.8375,93.04166666666669,0.7516666666666666,163.125,1.6020833333333335,2023,8,25,4,111.83333333333331,147.66666666666666,166.08333333333334,134.04166666666666,137.0,151.66666666666666,156.125
129.09166666666667,48.29166666666666,477.25,19.391666666666666,12.091666666666669,112.5,0.8175,177.25,1.6645833333333335,2023,8,26,5,142.625,111.83333333333331,147.66666666666666,130.48611111111111,151.66666666666666,156.125,154.95833333333334
119.42916666666667,55.458333333333336,778.7083333333334,36.708333333333336,17.849999999999998,112.29166666666669,0.60375,114.95833333333331,1.8479166666666669,2023,8,27,6,137.0,142.625,111.83333333333331,143.76388888888889,156.125,154.95833333333334,149.83333333333334
123.01666666666668,59.45416666666667,889.875,40.583333333333336,17.337500000000002,109.875,0.6129166666666667,107.54166666666669,1.7625,2023,8,28,0,151.66666666666666,137.0,142.625,148.26388888888889,154.95833333333334,149.83333333333334,158.75
114.4625,52.69583333333333,798.2916666666666,37.50833333333333,14.4875,102.5,0.5441666666666667,108.375,1.5708333333333335,2023,8,29,1,156.125,151.66666666666666,137.0,154.25,149.83333333333334,158.75,149.70833333333334
167.09583333333333,62.18333333333334,1049.2083333333333,47.21666666666667,13.975,94.625,0.45125,222.70833333333331,1.7729166666666665,2023,8,30,2,154.95833333333334,156.125,151.66666666666666,153.6388888888889,158.75,149.70833333333334,110.20833333333331
133.1,60.89166666666667,1171.375,51.9375,13.395833333333334,91.66666666666669,0.5133333333333333,128.54166666666666,1.7416666666666665,2023,8,31,3,149.83333333333334,154.95833333333334,156.125,154.5138888888889,149.70833333333334,110.20833333333331,117.33333333333331
96.5125,47.083333333333336,954.875,44.95,10.55,73.625,0.4604166666666667,81.5,1.9125,2023,9,1,4,158.75,149.83333333333334,154.95833333333334,152.76388888888889,110.20833333333331,117.33333333333331,126.875
77.49583333333334,36.8,642.75,32.391666666666666,9.479166666666666,79.5,0.5220833333333333,69.33333333333333,1.9145833333333333,2023,9,2,5,149.70833333333334,158.75,149.83333333333334,139.55555555555557,117.33333333333331,126.875,133.75
82.61666666666666,41.4,721.375,36.62083333333333,12.408333333333331,92.75,0.5066666666666667,63.208333333333336,1.9229166666666664,2023,9,3,6,110.20833333333331,149.70833333333334,158.75,125.74999999999999,126.875,133.75,141.41666666666666
69.77916666666667,41.0125,750.0,37.60833333333333,12.954166666666666,90.16666666666669,0.3983333333333334,29.875,1.9979166666666668,2023,9,4,0,117.33333333333331,110.20833333333331,149.70833333333334,118.13888888888887,133.75,141.41666666666666,149.5
86.52499999999999,44.25833333333333,802.7916666666666,37.475,14.679166666666667,97.91666666666669,0.4441666666666666,60.75,1.8708333333333331,2023,9,5,1,126.875,117.33333333333331,110.20833333333331,125.9861111111111,141.41666666666666,149.5,158.95833333333334
72.79583333333333,44.73333333333333,956.5833333333334,43.65,14.466666666666669,104.58333333333331,0.3583333333333333,17.208333333333332,1.925,2023,9,6,2,133.75,126.875,117.33333333333331,134.01388888888889,149.5,158.95833333333334,160.79166666666666
90.49166666666667,53.9875,1300.375,57.125,15.995833333333332,102.125,0.3354166666666667,28.416666666666668,1.91875,2023,9,7,3,141.41666666666666,133.75,126.875,141.55555555555554,158.95833333333334,160.79166666666666,154.66666666666666
104.06666666666666,60.9,1188.9166666666667,52.45,15.391666666666666,104.54166666666669,0.4633333333333333,33.666666666666664,1.7541666666666669,2023,9,8,4,149.5,141.41666666666666,133.75,149.95833333333334,160.79166666666666,154.66666666666666,157.04166666666666
93.36666666666667,54.95416666666667,820.875,34.375,16.170833333333334,116.29166666666669,0.64,24.58333333333333,1.6333333333333335,2023,9,9,5,158.95833333333334,149.5,141.41666666666666,156.41666666666666,154.66666666666666,157.04166666666666,163.58333333333334
88.00416666666666,52.75,720.7916666666666,29.008333333333336,16.775000000000002,118.54166666666669,1.0741666666666665,18.0,1.34375,2023,9,10,6,160.79166666666666,158.95833333333334,149.5,158.13888888888889,157.04166666666666,163.58333333333334,167.5
93.09166666666664,57.7625,699.125,26.6875,12.920833333333334,129.04166666666666,1.0308333333333333,14.041666666666666,1.508333333333333,2023,9,11,0,154.66666666666666,160.79166666666666,158.95833333333334,157.5,163.58333333333334,167.5,157.29166666666666
114.92083333333332,70.6875,842.4583333333334,35.1375,16.458333333333332,116.16666666666669,1.0304166666666668,18.125,1.325,2023,9,12,1,157.04166666666666,154.66666666666666,160.79166666666666,158.43055555555557,167.5,157.29166666666666,152.54166666666666
116.375,72.54166666666667,912.6666666666666,36.8125,17.116666666666667,116.66666666666669,1.0083333333333333,14.75,1.35625,2023,9,13,2,163.58333333333334,157.04166666666666,154.66666666666666,162.70833333333334,157.29166666666666,152.54166666666666,138.79166666666666
103.2125,65.50416666666666,807.5416666666666,31.391666666666666,13.308333333333332,102.58333333333331,1.2858333333333334,10.125,1.0145833333333334,2023,9,14,3,167.5,163.58333333333334,157.04166666666666,162.79166666666666,152.54166666666666,138.79166666666666,106.58333333333331
80.02499999999999,51.38333333333333,617.7083333333334,20.84583333333333,10.320833333333333,106.20833333333331,1.1625,9.625,1.2083333333333333,2023,9,15,4,157.29166666666666,167.5,163.58333333333334,159.11111111111111,138.79166666666666,106.58333333333331,73.25
64.96249999999999,43.475,622.75,21.03333333333333,10.329166666666667,102.95833333333331,0.8450000000000001,3.875,1.2125,2023,9,16,5,152.54166666666666,157.29166666666666,167.5,149.54166666666666,106.58333333333331,73.25,79.29166666666667
41.00833333333333,28.079166666666666,480.4166666666667,17.666666666666668,11.129166666666668,90.20833333333331,0.3999999999999999,0.8333333333333334,1.6520833333333331,2023,9,17,6,138.79166666666666,152.54166666666666,157.29166666666666,132.63888888888889,73.25,79.29166666666667,101.08333333333331
30.8125,21.4875,450.0833333333333,19.629166666666663,6.845833333333334,67.0,0.3725,0.125,1.7458333333333331,2023,9,18,0,106.58333333333331,138.79166666666666,152.54166666666666,106.20833333333333,79.29166666666667,101.08333333333331,131.54166666666666
42.2375,29.28333333333333,584.0,27.78333333333333,11.291666666666666,69.70833333333333,0.34625,0.7083333333333334,1.5333333333333332,2023,9,19,1,73.25,106.58333333333331,138.79166666666666,86.375,101.08333333333331,131.54166666666666,136.875
50.26666666666667,34.75,797.375,38.98333333333333,14.925,80.91666666666667,0.2529166666666667,1.375,1.825,2023,9,20,2,79.29166666666667,73.25,106.58333333333331,84.54166666666667,131.54166666666666,136.875,140.79166666666666
76.58333333333333,52.3375,1123.375,52.73333333333333,21.03333333333333,95.875,0.47125,3.083333333333333,1.5,2023,9,21,3,101.08333333333331,79.29166666666667,73.25,103.97222222222221,136.875,140.79166666666666,111.66666666666669
72.10000000000001,48.958333333333336,887.4166666666666,36.225,16.595833333333335,102.70833333333331,0.6216666666666667,4.041666666666667,1.5416666666666667,2023,9,22,4,131.54166666666666,101.08333333333331,79.29166666666667,123.16666666666664,140.79166666666666,111.66666666666669,100.70833333333331
66.70833333333333,42.38333333333333,849.75,31.92083333333333,12.8,85.20833333333333,0.63,16.916666666666668,1.4145833333333335,2023,9,23,5,136.875,131.54166666666666,101.08333333333331,136.40277777777774,111.66666666666669,100.70833333333331,101.66666666666669
50.8125,30.120833333333334,567.7083333333334,24.441666666666663,12.583333333333334,94.875,0.56375,21.58333333333333,1.3625,2023,9,24,6,140.79166666666666,136.875,131.54166666666666,129.7777777777778,100.70833333333331,101.66666666666669,116.70833333333331
54.5,33.420833333333334,645.0,31.854166666666668,11.5375,82.54166666666667,0.505,17.666666666666668,1.414583333333333,2023,9,25,0,111.66666666666669,140.79166666666666,136.875,117.72222222222221,101.66666666666669,116.70833333333331,135.875
62.52916666666667,36.770833333333336,758.4583333333334,33.32083333333333,12.941666666666668,88.16666666666667,0.3625,23.375,1.5895833333333331,2023,9,26,1,100.70833333333331,111.66666666666669,140.79166666666666,104.68055555555556,116.70833333333331,135.875,156.66666666666666
70.12916666666666,41.7875,785.0,33.38333333333333,10.6625,90.29166666666669,0.2616666666666666,25.33333333333333,1.6604166666666669,2023,9,27,2,101.66666666666669,100.70833333333331,111.66666666666669,106.3611111111111,135.875,156.66666666666666,139.33333333333334
114.64583333333331,59.475,995.0833333333334,40.3125,14.566666666666668,102.625,0.3595833333333333,77.95833333333333,1.5333333333333332,2023,9,28,3,116.70833333333331,101.66666666666669,100.70833333333331,118.08333333333333,156.66666666666666,139.33333333333334,123.66666666666669
106.7125,60.14166666666667,1116.8333333333333,49.00833333333333,14.970833333333331,88.70833333333333,0.3825,50.458333333333336,1.525,2023,9,29,4,135.875,116.70833333333331,101.66666666666669,136.41666666666666,139.33333333333334,123.66666666666669,121.75
75.60833333333333,46.0375,704.375,28.97083333333333,12.933333333333332,91.16666666666669,0.32875,21.70833333333333,1.53125,2023,9,30,5,156.66666666666666,135.875,116.70833333333331,143.95833333333334,123.66666666666669,121.75,150.5
64.05833333333334,40.55416666666667,823.1666666666666,35.34166666666666,10.5375,84.08333333333333,0.1879166666666666,14.25,1.68125,2023,10,1,6,139.33333333333334,156.66666666666666,135.875,139.88888888888889,121.75,150.5,150.91666666666666
77.52083333333333,50.325,1195.8333333333333,52.14166666666667,13.804166666666667,80.375,0.2179166666666666,12.166666666666666,1.6145833333333333,2023,10,2,0,123.66666666666669,139.33333333333334,156.66666666666666,128.25,150.5,150.91666666666666,157.79166666666666
95.1875,57.07083333333333,1107.5833333333333,47.9875,12.879166666666668,79.83333333333333,0.3575,28.0,1.4791666666666667,2023,10,3,1,121.75,123.66666666666669,139.33333333333334,131.97222222222223,150.91666666666666,157.79166666666666,164.08333333333334
106.09583333333336,60.8875,946.0833333333334,37.12916666666667,13.095833333333331,93.08333333333331,0.3054166666666666,37.54166666666666,1.5291666666666668,2023,10,4,2,150.5,121.75,123.66666666666669,141.05555555555554,157.79166666666666,164.08333333333334,158.70833333333334
112.7625,65.70833333333333,1019.4166666666666,40.425,14.066666666666668,104.83333333333331,0.3079166666666666,34.083333333333336,1.4729166666666669,2023,10,5,3,150.91666666666666,150.5,121.75,153.06944444444443,164.08333333333334,158.70833333333334,157.04166666666666
122.15416666666664,73.24166666666666,1285.9583333333333,51.97916666666666,16.837500000000002,101.41666666666669,0.335,30.875,1.4416666666666669,2023,10,6,4,157.79166666666666,150.91666666666666,150.5,157.5972222222222,158.70833333333334,157.04166666666666,162.83333333333334
118.225,66.2375,985.625,39.35416666666666,15.6125,93.91666666666669,0.5779166666666666,41.16666666666666,1.29375,2023,10,7,5,164.08333333333334,157.79166666666666,150.91666666666666,160.19444444444446,157.04166666666666,162.83333333333334,155.5
135.2875,74.32916666666667,948.0833333333334,39.4625,17.349999999999998,90.83333333333331,0.7241666666666666,52.75,1.18125,2023,10,8,6,158.70833333333334,164.08333333333334,157.79166666666666,159.94444444444446,162.83333333333334,155.5,127.125
137.94166666666666,76.0625,836.125,31.325,16.808333333333334,96.95833333333331,0.9216666666666667,49.29166666666666,1.06875,2023,10,9,0,157.04166666666666,158.70833333333334,164.08333333333334,159.52777777777777,155.5,127.125,155.04166666666666
96.84166666666664,55.80833333333334,573.3333333333334,24.104166666666668,9.595833333333331,83.16666666666667,0.5437500000000001,29.5,1.1958333333333333,2023,10,10,1,162.83333333333334,157.04166666666666,158.70833333333334,158.45833333333334,127.125,155.04166666666666,155.29166666666666
68.76666666666667,45.27916666666667,1051.375,40.81666666666667,11.9625,80.75,0.1758333333333333,5.416666666666667,1.4854166666666666,2023,10,11,2,155.5,162.83333333333334,157.04166666666666,148.48611111111111,155.04166666666666,155.29166666666666,127.83333333333331
105.50833333333333,71.77499999999999,1805.2916666666667,74.24583333333334,19.42083333333333,84.83333333333333,0.2579166666666667,2.7916666666666665,1.4166666666666667,2023,10,12,3,127.125,155.5,162.83333333333334,145.88888888888889,155.29166666666666,127.83333333333331,96.0
81.72916666666667,53.27916666666667,967.9166666666666,37.9125,16.241666666666667,100.16666666666669,0.4241666666666666,6.75,1.29375,2023,10,13,4,155.04166666666666,127.125,155.5,145.81944444444443,127.83333333333331,96.0,92.70833333333331
62.525,37.125,533.9583333333334,17.3,9.966666666666669,97.875,0.54875,18.83333333333333,1.15625,2023,10,14,5,155.29166666666666,155.04166666666666,127.125,146.05555555555554,96.0,92.70833333333331,90.08333333333331
65.2,33.95,470.0,23.183333333333334,7.75,83.83333333333333,0.4920833333333334,39.333333333333336,1.1479166666666667,2023,10,15,6,127.83333333333331,155.29166666666666,155.04166666666666,126.375,92.70833333333331,90.08333333333331,94.0
49.79166666666666,29.675,448.3333333333333,21.029166666666665,8.470833333333333,63.16666666666666,0.7670833333333333,21.45833333333333,0.3625,2023,10,16,0,96.0,127.83333333333331,155.29166666666666,105.51388888888887,90.08333333333331,94.0,99.33333333333331
65.09166666666667,33.53333333333333,486.4583333333333,21.979166666666668,9.133333333333333,75.41666666666667,0.5325000000000001,39.79166666666666,1.0645833333333334,2023,10,17,1,92.70833333333331,96.0,127.83333333333331,92.93055555555554,94.0,99.33333333333331,136.29166666666666
51.13333333333333,32.38333333333333,691.8333333333334,30.54583333333333,11.570833333333333,62.91666666666666,0.1966666666666666,11.666666666666666,1.2958333333333334,2023,10,18,2,90.08333333333331,92.70833333333331,96.0,92.26388888888887,99.33333333333331,136.29166666666666,139.375
57.39166666666667,39.37083333333333,1069.2916666666667,43.6,15.141666666666666,71.0,0.17875,2.833333333333333,1.3208333333333333,2023,10,19,3,94.0,90.08333333333331,92.70833333333331,94.47222222222221,136.29166666666666,139.375,130.625
75.45416666666667,52.78333333333333,1549.375,64.35416666666667,20.929166666666667,80.625,0.2133333333333333,0.1666666666666666,1.3104166666666668,2023,10,20,4,99.33333333333331,94.0,90.08333333333331,109.875,139.375,130.625,150.75
71.35000000000001,49.5375,1117.2916666666667,55.03333333333333,16.2625,82.66666666666667,0.3829166666666666,1.0416666666666667,1.1520833333333331,2023,10,21,5,136.29166666666666,99.33333333333331,94.0,125.0,130.625,150.75,153.58333333333334
78.49583333333334,50.2625,900.0416666666666,37.454166666666666,16.2375,81.95833333333333,0.7283333333333334,13.416666666666666,0.8770833333333333,2023,10,22,6,139.375,136.29166666666666,99.33333333333331,135.43055555555554,150.75,153.58333333333334,141.45833333333334
99.44166666666666,62.66666666666666,1308.9583333333333,50.5625,16.870833333333334,69.125,0.3558333333333333,19.916666666666668,1.0083333333333333,2023,10,23,0,130.625,139.375,136.29166666666666,140.25,153.58333333333334,141.45833333333334,132.625
88.57083333333333,59.375,1667.125,62.0,19.575,63.958333333333336,0.2433333333333333,7.083333333333333,1.0875,2023,10,24,1,150.75,130.625,139.375,144.98611111111111,141.45833333333334,132.625,149.83333333333334
72.15833333333333,48.775,1291.875,50.59166666666667,13.2,60.208333333333336,0.1729166666666667,5.083333333333333,1.15625,2023,10,25,2,153.58333333333334,150.75,130.625,148.59722222222226,132.625,149.83333333333334,166.375
72.32083333333334,49.90833333333333,1359.0,53.6625,14.170833333333334,65.83333333333333,0.1770833333333333,2.0,1.18125,2023,10,26,3,141.45833333333334,153.58333333333334,150.75,142.55555555555557,149.83333333333334,166.375,174.91666666666666
110.16666666666669,73.8625,1700.0416666666667,68.64999999999999,20.070833333333333,70.41666666666667,0.3666666666666667,6.875,1.0770833333333334,2023,10,27,4,132.625,141.45833333333334,153.58333333333334,141.30555555555557,166.375,174.91666666666666,175.75
148.51250000000002,97.12916666666666,1731.7083333333333,67.75416666666666,24.175,80.08333333333333,0.6141666666666666,13.333333333333334,0.8541666666666666,2023,10,28,5,149.83333333333334,132.625,141.45833333333334,149.61111111111111,174.91666666666666,175.75,176.83333333333334
156.725,100.60833333333332,1564.6666666666667,60.55,23.59583333333333,90.45833333333331,0.7125,17.333333333333332,0.8729166666666667,2023,10,29,6,166.375,149.83333333333334,132.625,163.70833333333334,175.75,176.83333333333334,174.375
157.29166666666666,100.30833333333334,1352.0833333333333,50.75,23.666666666666668,100.16666666666669,0.8737499999999999,16.083333333333332,0.75,2023,10,30,0,174.91666666666666,166.375,149.83333333333334,172.3472222222222,176.83333333333334,174.375,164.58333333333334
168.27916666666667,109.33333333333331,1776.5416666666667,68.225,25.016666666666666,85.54166666666667,0.8866666666666667,13.833333333333334,0.7229166666666668,2023,10,31,1,175.75,174.91666666666666,166.375,175.83333333333334,174.375,164.58333333333334,174.5
119.31666666666666,81.325,1643.8333333333333,59.07916666666667,16.170833333333334,71.0,0.6666666666666666,3.583333333333333,0.8833333333333333,2023,11,1,2,176.83333333333334,175.75,174.91666666666666,175.6527777777778,164.58333333333334,174.5,183.58333333333331
145.03333333333333,96.175,1634.4583333333333,52.325,19.58333333333333,63.25,1.0733333333333333,7.541666666666667,0.7166666666666667,2023,11,2,3,174.375,176.83333333333334,175.75,171.93055555555557,174.5,183.58333333333331,165.29166666666666
169.09583333333333,107.0625,1549.0833333333333,55.175,18.125,61.91666666666666,1.3129166666666665,16.875,0.5104166666666666,2023,11,3,4,164.58333333333334,174.375,176.83333333333334,171.1527777777778,183.58333333333331,165.29166666666666,171.45833333333334
167.50833333333333,108.94583333333333,1919.4166666666667,62.91666666666666,19.066666666666663,61.25,0.5704166666666667,14.625,0.8083333333333335,2023,11,4,5,174.5,164.58333333333334,174.375,174.2222222222222,165.29166666666666,171.45833333333334,178.79166666666666
124.6875,81.72500000000001,1816.9166666666667,62.225,16.983333333333334,58.79166666666666,0.3891666666666666,11.041666666666666,0.9270833333333334,2023,11,5,6,183.58333333333331,174.5,164.58333333333334,174.45833333333334,171.45833333333334,178.79166666666666,183.58333333333331
168.0875,110.67083333333332,1901.0833333333333,61.92916666666667,21.4,74.29166666666667,1.10125,11.208333333333334,0.6083333333333333,2023,11,6,0,165.29166666666666,183.58333333333331,174.5,173.44444444444443,178.79166666666666,183.58333333333331,186.125
194.4625,117.31666666666666,1590.4583333333333,48.87916666666666,20.325,57.54166666666666,1.3870833333333332,28.45833333333333,0.4979166666666666,2023,11,7,1,171.45833333333334,165.29166666666666,183.58333333333331,171.84722222222226,183.58333333333331,186.125,176.41666666666666
188.15,111.95416666666668,1286.0,50.92916666666667,16.9375,53.75,1.6054166666666667,26.33333333333333,0.4166666666666667,2023,11,8,2,178.79166666666666,171.45833333333334,165.29166666666666,177.94444444444443,186.125,176.41666666666666,154.79166666666666
214.3875,131.24166666666667,1524.25,49.833333333333336,26.829166666666666,83.95833333333333,1.4725,28.0,0.5145833333333333,2023,11,9,3,183.58333333333331,178.79166666666666,171.45833333333334,182.83333333333334,176.41666666666666,154.79166666666666,129.04166666666666
120.24166666666667,76.00833333333334,738.25,24.225,11.716666666666669,69.04166666666667,1.305416666666667,11.916666666666666,0.4645833333333333,2023,11,10,4,186.125,183.58333333333331,178.79166666666666,182.04166666666666,154.79166666666666,129.04166666666666,125.29166666666669
83.45833333333333,55.14166666666667,983.8333333333334,35.9125,12.675,49.04166666666666,0.3516666666666666,5.541666666666667,0.8166666666666668,2023,11,11,5,176.41666666666666,186.125,183.58333333333331,172.44444444444443,129.04166666666666,125.29166666666669,156.83333333333334
60.2,41.29583333333333,1114.25,43.51666666666667,13.283333333333331,52.0,0.1825,1.0833333333333333,0.8562500000000001,2023,11,12,6,154.79166666666666,176.41666666666666,186.125,153.41666666666666,125.29166666666669,156.83333333333334,142.0
82.58749999999999,57.1125,1454.875,54.30416666666667,16.525000000000002,55.0,0.2591666666666666,1.0833333333333333,0.8875000000000001,2023,11,13,0,129.04166666666666,154.79166666666666,176.41666666666666,136.375,156.83333333333334,142.0,160.125
94.77083333333331,65.875,1557.75,54.6625,17.454166666666666,60.75,0.3104166666666667,0.9166666666666666,0.8104166666666667,2023,11,14,1,125.29166666666669,129.04166666666666,154.79166666666666,137.05555555555557,142.0,160.125,168.33333333333334
80.4375,56.06666666666666,1341.9583333333333,46.90416666666667,16.066666666666666,68.04166666666667,0.2225,0.5833333333333334,0.8250000000000001,2023,11,15,2,156.83333333333334,125.29166666666669,129.04166666666666,141.375,160.125,168.33333333333334,149.83333333333334
132.07916666666668,92.08333333333331,2070.625,72.77499999999999,24.354166666666668,65.95833333333333,0.3404166666666666,0.9583333333333334,0.6979166666666666,2023,11,16,3,142.0,156.83333333333334,125.29166666666669,152.98611111111111,168.33333333333334,149.83333333333334,154.41666666666666
103.02916666666664,71.77083333333333,1365.0416666666667,52.13333333333333,19.391666666666666,71.875,0.2658333333333333,0.1666666666666666,0.75625,2023,11,17,4,160.125,142.0,156.83333333333334,156.81944444444446,149.83333333333334,154.41666666666666,168.70833333333334
81.70416666666667,56.03333333333333,1157.4583333333333,43.09166666666667,15.933333333333332,64.16666666666667,0.22125,1.5,0.7479166666666667,2023,11,18,5,168.33333333333334,160.125,142.0,159.43055555555557,154.41666666666666,168.70833333333334,165.25
117.35,79.0625,1572.625,58.59166666666667,21.629166666666663,61.333333333333336,0.3795833333333333,4.125,0.7291666666666666,2023,11,19,6,149.83333333333334,168.33333333333334,160.125,157.5277777777778,168.70833333333334,165.25,153.875
138.82916666666668,92.94166666666666,1496.9166666666667,54.15416666666667,17.787499999999998,53.16666666666666,0.6166666666666667,5.666666666666667,0.6125,2023,11,20,0,154.41666666666666,149.83333333333334,168.33333333333334,157.65277777777777,165.25,153.875,166.08333333333334
107.53333333333336,72.2625,1061.6666666666667,38.21666666666667,12.420833333333334,62.5,0.3933333333333333,4.25,0.65625,2023,11,21,1,168.70833333333334,154.41666666666666,149.83333333333334,162.79166666666666,153.875,166.08333333333334,173.91666666666666
98.70416666666668,67.40416666666667,1425.2916666666667,46.04583333333333,14.575,57.41666666666666,0.3029166666666666,2.4166666666666665,0.7791666666666667,2023,11,22,2,165.25,168.70833333333334,154.41666666666666,162.61111111111111,166.08333333333334,173.91666666666666,159.375
151.0,101.74166666666667,1968.7916666666667,58.84583333333333,22.10833333333333,53.25,0.6675,6.666666666666667,0.5854166666666667,2023,11,23,3,153.875,165.25,168.70833333333334,161.73611111111111,173.91666666666666,159.375,168.91666666666666
127.20833333333331,86.10833333333333,1445.3333333333333,46.82916666666667,19.758333333333333,67.95833333333333,0.53,5.0,0.6145833333333334,2023,11,24,4,166.08333333333334,153.875,165.25,164.625,159.375,168.91666666666666,162.125
115.64166666666668,79.42083333333333,1781.25,65.74166666666666,24.22083333333333,62.75,0.3266666666666666,3.7083333333333335,0.6354166666666666,2023,11,25,5,173.91666666666666,166.08333333333334,153.875,166.45833333333334,168.91666666666666,162.125,162.58333333333334
131.11249999999998,90.3875,1972.75,58.35416666666666,21.479166666666668,51.375,0.5612499999999999,3.083333333333333,0.4104166666666666,2023,11,26,6,159.375,173.91666666666666,166.08333333333334,167.40277777777774,162.125,162.58333333333334,172.375
97.74166666666667,67.47500000000001,1434.9583333333333,44.92083333333333,19.120833333333334,53.41666666666666,0.60875,1.9166666666666667,0.3875,2023,11,27,0,168.91666666666666,159.375,173.91666666666666,163.4722222222222,162.58333333333334,172.375,159.79166666666666
145.51666666666668,100.45833333333331,1710.4166666666667,55.0,29.141666666666666,58.875,0.8562500000000001,1.75,0.4312499999999999,2023,11,28,1,162.125,168.91666666666666,159.375,164.54166666666666,172.375,159.79166666666666,158.54166666666666
121.02083333333331,84.06666666666666,1641.7916666666667,54.30416666666667,21.916666666666668,60.083333333333336,0.6595833333333333,1.0,0.4958333333333333,2023,11,29,2,162.58333333333334,162.125,168.91666666666666,165.69444444444446,159.79166666666666,158.54166666666666,150.16666666666666
105.83333333333331,71.92916666666666,966.7083333333334,35.59583333333333,15.729166666666666,52.0,1.5883333333333332,1.8333333333333333,0.26875,2023,11,30,3,172.375,162.58333333333334,162.125,164.91666666666666,158.54166666666666,150.16666666666666,160.08333333333334
95.55833333333334,63.8625,840.0416666666666,32.49166666666667,11.904166666666669,51.958333333333336,0.7991666666666667,2.2916666666666665,0.4270833333333333,2023,12,1,4,159.79166666666666,172.375,162.58333333333334,163.56944444444443,150.16666666666666,160.08333333333334,173.33333333333334
89.59166666666665,61.34583333333333,1315.8333333333333,42.6375,16.4375,62.958333333333336,0.3575,1.0,0.5437500000000001,2023,12,2,5,158.54166666666666,159.79166666666666,172.375,156.16666666666666,160.08333333333334,173.33333333333334,179.29166666666666
124.80416666666667,86.25833333333333,2094.375,71.4875,30.1375,69.91666666666667,0.3733333333333333,1.125,0.5395833333333333,2023,12,3,6,150.16666666666666,158.54166666666666,159.79166666666666,156.26388888888889,173.33333333333334,179.29166666666666,168.79166666666666
156.43333333333334,108.75,2394.833333333333,79.54166666666667,36.57083333333333,69.04166666666667,0.55,0.7083333333333334,0.5020833333333333,2023,12,4,0,160.08333333333334,150.16666666666666,158.54166666666666,161.19444444444446,179.29166666666666,168.79166666666666,158.0
154.24166666666667,107.525,2024.2916666666667,69.39999999999999,33.3125,76.66666666666667,0.5908333333333333,0.5416666666666666,0.4645833333333333,2023,12,5,1,173.33333333333334,160.08333333333334,150.16666666666666,170.9027777777778,168.79166666666666,158.0,167.66666666666666
103.58333333333331,72.45,1609.5,52.82083333333333,21.27083333333333,68.45833333333333,0.21125,0.0,0.6395833333333333,2023,12,6,2,179.29166666666666,173.33333333333334,160.08333333333334,173.80555555555554,158.0,167.66666666666666,182.79166666666663
111.02916666666664,77.52083333333333,1749.5,57.2,23.766666666666666,68.20833333333333,0.2016666666666666,0.125,0.64375,2023,12,7,3,168.79166666666666,179.29166666666666,173.33333333333334,168.69444444444443,167.66666666666666,182.79166666666663,171.375
150.1875,104.89583333333331,2469.708333333333,83.25833333333334,28.9125,74.0,0.3270833333333333,0.4166666666666667,0.5708333333333333,2023,12,8,4,158.0,168.79166666666666,179.29166666666666,164.81944444444443,182.79166666666663,171.375,164.16666666666666
169.84583333333333,118.40833333333336,2508.6666666666665,74.89166666666667,35.05416666666667,79.0,0.4683333333333333,0.75,0.5583333333333333,2023,12,9,5,167.66666666666666,158.0,168.79166666666666,169.4861111111111,171.375,164.16666666666666,177.5
107.0875,74.44583333333334,1418.6666666666667,43.56666666666666,17.904166666666665,72.95833333333333,0.2733333333333333,0.5833333333333334,0.6270833333333333,2023,12,10,6,182.79166666666663,167.66666666666666,158.0,173.94444444444443,164.16666666666666,177.5,176.25
150.85,104.7375,2209.0416666666665,69.56666666666666,25.9,65.25,0.3729166666666666,1.375,0.5166666666666667,2023,12,11,0,171.375,182.79166666666663,167.66666666666666,172.77777777777774,177.5,176.25,186.91666666666663
144.10416666666666,100.17083333333332,2137.0,56.36666666666667,27.9125,60.958333333333336,0.56375,1.0,0.4375,2023,12,12,1,164.16666666666666,171.375,182.79166666666663,171.01388888888889,176.25,186.91666666666663,180.08333333333334
164.51666666666668,121.73333333333332,2204.208333333333,62.03333333333333,34.6875,75.20833333333333,0.5104166666666666,1.5,0.4395833333333334,2023,12,13,2,177.5,164.16666666666666,171.375,172.63888888888889,186.91666666666663,180.08333333333334,184.08333333333331
142.18333333333334,113.93333333333334,2199.875,64.83333333333333,30.854166666666668,67.375,0.4491666666666666,0.9166666666666666,0.4916666666666667,2023,12,14,3,176.25,177.5,164.16666666666666,180.2222222222222,180.08333333333334,184.08333333333331,164.875
176.29166666666666,121.91666666666669,2548.125,75.53750000000001,36.17916666666667,86.66666666666667,0.6870833333333333,1.5416666666666667,0.4333333333333333,2023,12,15,4,186.91666666666663,176.25,177.5,181.08333333333334,184.08333333333331,164.875,153.33333333333334
148.47083333333333,102.2375,2039.2083333333333,59.708333333333336,31.820833333333336,96.95833333333331,0.9320833333333334,2.5,0.39375,2023,12,16,5,180.08333333333334,186.91666666666663,176.25,183.69444444444443,164.875,153.33333333333334,150.70833333333334
105.48333333333332,70.36666666666666,1276.4166666666667,43.01666666666667,20.79583333333333,60.583333333333336,0.4891666666666667,6.875,0.5395833333333333,2023,12,17,6,184.08333333333331,180.08333333333334,186.91666666666663,176.34722222222226,153.33333333333334,150.70833333333334,157.04166666666666
83.71666666666667,56.175,981.1666666666666,28.60833333333333,14.55,68.95833333333333,0.2258333333333333,2.9166666666666665,0.5791666666666667,2023,12,18,0,164.875,184.08333333333331,180.08333333333334,167.43055555555554,150.70833333333334,157.04166666666666,170.54166666666666
87.99166666666667,60.475,1275.0,36.68333333333333,15.579166666666666,73.29166666666667,0.1825,1.75,0.6020833333333333,2023,12,19,1,153.33333333333334,164.875,184.08333333333331,156.30555555555557,157.04166666666666,170.54166666666666,187.83333333333331
113.67916666666667,78.92083333333333,1776.7916666666667,49.35833333333334,19.016666666666666,69.5,0.2029166666666666,1.5,0.6083333333333333,2023,12,20,2,150.70833333333334,153.33333333333334,164.875,153.69444444444446,170.54166666666666,187.83333333333331,201.0
159.00833333333333,110.9,2439.583333333333,70.90833333333333,28.15416666666667,74.33333333333333,0.2925,0.875,0.6062500000000001,2023,12,21,3,157.04166666666666,150.70833333333334,153.33333333333334,159.43055555555554,187.83333333333331,201.0,197.91666666666663
209.1291666666667,145.76250000000002,2991.833333333333,87.03750000000001,34.45,77.75,0.4937499999999999,0.9583333333333334,0.4770833333333333,2023,12,22,4,170.54166666666666,157.04166666666666,150.70833333333334,171.80555555555554,201.0,197.91666666666663,175.45833333333334
215.85833333333332,150.32083333333333,2692.583333333333,71.5625,35.02916666666667,91.58333333333331,0.655,1.0,0.4458333333333333,2023,12,23,5,187.83333333333331,170.54166666666666,157.04166666666666,186.45833333333334,197.91666666666663,175.45833333333334,189.16666666666663
194.85,135.25416666666666,2634.4166666666665,75.59166666666667,29.316666666666663,87.125,0.37875,0.875,0.4979166666666666,2023,12,24,6,201.0,187.83333333333331,170.54166666666666,195.58333333333334,175.45833333333334,189.16666666666663,206.83333333333331
139.07500000000002,95.91666666666669,1957.7916666666667,54.895833333333336,20.95833333333333,82.5,0.2404166666666666,2.958333333333333,0.61875,2023,12,25,0,197.91666666666663,201.0,187.83333333333331,191.45833333333334,189.16666666666663,206.83333333333331,182.5
214.34583333333333,148.36249999999998,3040.458333333333,98.9125,35.516666666666666,69.875,0.31625,4.208333333333333,0.5270833333333333,2023,12,26,1,175.45833333333334,197.91666666666663,201.0,187.51388888888889,206.83333333333331,182.5,189.58333333333331
208.74166666666667,145.3125,2927.208333333333,88.72500000000001,34.99166666666667,84.66666666666667,0.4533333333333333,1.4166666666666667,0.4937499999999999,2023,12,27,2,189.16666666666663,175.45833333333334,197.91666666666663,190.4861111111111,182.5,189.58333333333331,209.375
170.19583333333333,118.3125,2157.333333333333,47.8625,19.754166666666663,90.45833333333331,0.5308333333333334,1.0,0.4875,2023,12,28,3,206.83333333333331,189.16666666666663,175.45833333333334,192.8333333333333,189.58333333333331,209.375,237.41666666666663
210.775,146.51666666666668,2291.5,53.97916666666666,24.4,69.58333333333333,1.1104166666666666,1.5833333333333333,0.3083333333333333,2023,12,29,4,182.5,206.83333333333331,189.16666666666663,192.9722222222222,209.375,237.41666666666663,243.70833333333331
246.84166666666667,171.65833333333333,2717.833333333333,69.30416666666666,31.7125,83.875,1.0933333333333335,2.1666666666666665,0.2666666666666666,2023,12,30,5,189.58333333333331,182.5,206.83333333333331,193.81944444444446,237.41666666666663,243.70833333333331,240.79166666666663
284.225,197.60833333333332,3177.6666666666665,85.02083333333333,36.9625,101.70833333333331,0.91,2.25,0.3208333333333333,2023,12,31,6,209.375,189.58333333333331,182.5,212.125,243.70833333333331,240.79166666666663,236.45833333333331
273.3291666666667,190.275,3011.9166666666665,76.30416666666666,28.8625,91.66666666666669,1.12375,2.0416666666666665,0.2604166666666667,2024,1,1,0,237.41666666666663,209.375,189.58333333333331,230.16666666666663,240.79166666666663,236.45833333333331,220.41666666666663
270.90416666666664,188.1291666666667,3151.0,79.9375,23.96666666666667,77.125,1.1054166666666667,3.9166666666666665,0.3020833333333333,2024,1,2,1,243.70833333333331,237.41666666666663,209.375,240.63888888888883,236.45833333333331,220.41666666666663,215.875
268.84583333333336,186.65416666666667,3193.333333333333,76.58333333333333,26.191666666666663,93.0,1.06875,3.875,0.3104166666666667,2024,1,3,2,240.79166666666663,243.70833333333331,237.41666666666663,240.31944444444443,220.41666666666663,215.875,224.25
230.6,160.17916666666667,2741.958333333333,57.82083333333333,21.8,108.75,0.7766666666666667,3.0416666666666665,0.38125,2024,1,4,3,236.45833333333331,240.79166666666663,243.70833333333331,232.55555555555554,215.875,224.25,203.70833333333331
251.0041666666667,174.28333333333333,3045.5,67.40833333333333,24.5625,90.04166666666667,0.85875,3.1666666666666665,0.2708333333333333,2024,1,5,4,220.41666666666663,236.45833333333331,240.79166666666663,224.25,224.25,203.70833333333331,200.125
237.27083333333331,164.57500000000002,2833.583333333333,60.43333333333334,22.041666666666668,87.45833333333333,0.7604166666666666,3.333333333333333,0.3583333333333333,2024,1,6,5,215.875,220.41666666666663,236.45833333333331,220.18055555555554,203.70833333333331,200.125,200.58333333333331
215.64583333333331,148.60416666666666,2617.458333333333,64.51666666666667,24.1875,86.20833333333333,0.6708333333333334,4.833333333333333,0.3645833333333333,2024,1,7,6,224.25,215.875,220.41666666666663,214.6111111111111,200.125,200.58333333333331,201.125
225.5375,155.11666666666667,2764.1666666666665,64.73333333333333,25.35833333333333,95.625,0.7379166666666667,5.833333333333333,0.4166666666666667,2024,1,8,0,203.70833333333331,224.25,215.875,209.3611111111111,200.58333333333331,201.125,194.125
218.5875,150.17499999999998,2423.958333333333,55.59166666666667,23.366666666666664,88.58333333333333,0.8691666666666666,5.458333333333333,0.3416666666666666,2024,1,9,1,200.125,203.70833333333331,224.25,201.4722222222222,201.125,194.125,197.41666666666663
205.1625,141.32916666666668,2328.958333333333,56.833333333333336,22.179166666666664,76.375,0.75375,4.25,0.3666666666666666,2024,1,10,2,200.58333333333331,200.125,203.70833333333331,200.61111111111111,194.125,197.41666666666663,221.83333333333331
207.84583333333333,143.48749999999998,2359.083333333333,53.1625,17.858333333333334,82.375,0.7554166666666666,5.083333333333333,0.3333333333333333,2024,1,11,3,201.125,200.58333333333331,200.125,198.61111111111111,197.41666666666663,221.83333333333331,222.875
227.46666666666667,157.54583333333332,2758.708333333333,69.97500000000001,22.308333333333334,69.41666666666667,0.64,3.875,0.3874999999999999,2024,1,12,4,194.125,201.125,200.58333333333331,197.55555555555554,221.83333333333331,222.875,213.91666666666663
255.04583333333332,176.98333333333335,2995.083333333333,68.93333333333334,28.59583333333333,84.04166666666667,0.7608333333333334,3.208333333333333,0.4583333333333333,2024,1,13,5,197.41666666666663,194.125,201.125,204.4583333333333,222.875,213.91666666666663,203.08333333333331
242.42916666666667,168.5375,2724.333333333333,65.41666666666667,21.916666666666668,78.58333333333333,0.7154166666666666,2.208333333333333,0.3687499999999999,2024,1,14,6,221.83333333333331,197.41666666666663,194.125,214.04166666666663,213.91666666666663,203.08333333333331,202.75
225.20416666666665,157.05833333333334,2609.333333333333,56.5,22.679166666666664,83.5,0.9775,1.0,0.2895833333333333,2024,1,15,0,222.875,221.83333333333331,197.41666666666663,219.54166666666663,203.08333333333331,202.75,215.0
218.45833333333331,151.84166666666667,2413.9166666666665,54.23333333333333,21.92083333333333,79.33333333333333,0.8041666666666667,0.9166666666666666,0.4145833333333333,2024,1,16,1,213.91666666666663,222.875,221.83333333333331,213.29166666666666,202.75,215.0,220.41666666666663
227.10833333333332,156.91666666666666,2883.583333333333,60.81666666666666,28.90416666666667,71.875,0.84625,0.6666666666666666,0.4020833333333333,2024,1,17,2,203.08333333333331,213.91666666666663,222.875,206.58333333333334,215.0,220.41666666666663,198.45833333333331
238.4375,165.93333333333334,3126.833333333333,82.62916666666666,35.204166666666666,79.04166666666667,0.8633333333333333,0.0,0.4354166666666667,2024,1,18,3,202.75,203.08333333333331,213.91666666666663,206.94444444444446,220.41666666666663,198.45833333333331,207.29166666666663
244.0666666666667,168.375,2529.0416666666665,76.40833333333333,32.795833333333334,92.58333333333331,0.91,0.6666666666666666,0.3520833333333333,2024,1,19,4,215.0,202.75,203.08333333333331,212.7222222222222,198.45833333333331,207.29166666666663,214.125
208.42916666666667,142.49583333333334,1983.4583333333333,54.49166666666667,30.325,85.25,1.0404166666666663,2.9166666666666665,0.3458333333333334,2024,1,20,5,220.41666666666663,215.0,202.75,211.29166666666663,207.29166666666663,214.125,201.20833333333331
239.47916666666663,163.18333333333334,2542.125,72.02083333333333,32.4125,83.875,1.1366666666666667,4.333333333333333,0.3979166666666667,2024,1,21,6,198.45833333333331,220.41666666666663,215.0,208.72222222222217,214.125,201.20833333333331,207.29166666666663
231.65416666666667,160.07916666666668,2581.6666666666665,67.77916666666667,26.6875,78.75,0.9316666666666666,2.9166666666666665,0.3895833333333333,2024,1,22,0,207.29166666666663,198.45833333333331,220.41666666666663,206.62499999999997,201.20833333333331,207.29166666666663,206.29166666666663
220.9125,152.84583333333333,2367.5,54.73333333333333,20.08333333333333,73.75,1.0216666666666667,3.125,0.35625,2024,1,23,1,214.125,207.29166666666663,198.45833333333331,207.54166666666666,207.29166666666663,206.29166666666663,212.54166666666663
221.77916666666667,154.20833333333334,2795.0,81.71249999999999,28.079166666666666,73.58333333333333,0.6704166666666667,2.208333333333333,0.48125,2024,1,24,2,201.20833333333331,214.125,207.29166666666663,207.54166666666666,206.29166666666663,212.54166666666663,175.79166666666666
233.0125,161.31666666666666,3182.083333333333,96.50416666666666,41.12083333333333,69.875,0.7291666666666666,4.958333333333333,0.41875,2024,1,25,3,207.29166666666663,201.20833333333331,214.125,204.93055555555554,212.54166666666663,175.79166666666666,170.33333333333334
214.6,146.8125,2822.125,81.175,42.59583333333333,76.08333333333333,0.62625,9.291666666666666,0.6020833333333333,2024,1,26,4,206.29166666666663,207.29166666666663,201.20833333333331,208.7083333333333,175.79166666666666,170.33333333333334,170.08333333333334
121.82083333333333,81.9375,1837.625,54.958333333333336,22.058333333333334,59.66666666666666,0.455,8.75,0.6104166666666667,2024,1,27,5,212.54166666666663,206.29166666666663,207.29166666666663,198.2083333333333,170.33333333333334,170.08333333333334,177.70833333333334
148.03333333333333,99.12083333333334,2005.7083333333333,61.6125,26.4625,78.125,0.57375,12.125,0.6083333333333333,2024,1,28,6,175.79166666666666,212.54166666666663,206.29166666666663,186.2222222222222,170.08333333333334,177.70833333333334,160.70833333333334
154.75,103.93333333333334,1654.25,41.36666666666667,25.804166666666664,76.0,0.8937499999999999,11.375,0.5104166666666666,2024,1,29,0,170.33333333333334,175.79166666666666,212.54166666666663,172.06944444444443,177.70833333333334,160.70833333333334,153.95833333333334
151.15,94.56666666666666,1544.0833333333333,42.87083333333334,19.558333333333334,69.79166666666667,0.7866666666666666,29.625,0.5375,2024,1,30,1,170.08333333333334,170.33333333333334,175.79166666666666,172.70833333333334,160.70833333333334,153.95833333333334,127.66666666666669
117.23333333333332,71.12916666666668,847.5833333333334,23.104166666666668,11.425,73.33333333333333,1.6829166666666666,35.958333333333336,0.24375,2024,1,31,2,177.70833333333334,170.08333333333334,170.33333333333334,169.5,153.95833333333334,127.66666666666669,114.04166666666669
76.42916666666666,48.67916666666667,739.6666666666666,21.5875,11.883333333333333,65.41666666666667,1.0016666666666667,16.666666666666668,0.1854166666666666,2024,2,1,3,160.70833333333334,177.70833333333334,170.08333333333334,164.125,127.66666666666669,114.04166666666669,123.70833333333331
65.43333333333334,43.97083333333333,792.0,24.429166666666664,13.566666666666668,62.75,0.4175,6.5,0.6645833333333334,2024,2,2,4,153.95833333333334,160.70833333333334,177.70833333333334,147.44444444444446,114.04166666666669,123.70833333333331,141.125
67.67916666666666,43.6375,867.0,28.1125,11.9375,50.708333333333336,0.5004166666666666,13.0,0.4395833333333334,2024,2,3,5,127.66666666666669,153.95833333333334,160.70833333333334,131.8888888888889,123.70833333333331,141.125,154.91666666666666
93.5375,49.18333333333334,687.75,25.60833333333333,8.9625,50.29166666666666,0.54875,64.58333333333333,0.4020833333333333,2024,2,4,6,114.04166666666669,127.66666666666669,153.95833333333334,121.80555555555556,141.125,154.91666666666666,156.20833333333334
87.12916666666666,55.12083333333334,1153.0833333333333,34.645833333333336,13.766666666666666,46.083333333333336,0.2929166666666666,24.916666666666668,0.7125,2024,2,5,0,123.70833333333331,114.04166666666669,127.66666666666669,126.29166666666667,154.91666666666666,156.20833333333334,119.125
108.1375,67.35833333333333,1480.1666666666667,45.395833333333336,18.4,54.5,0.3433333333333333,28.5,0.7145833333333332,2024,2,6,1,141.125,123.70833333333331,114.04166666666669,139.91666666666666,156.20833333333334,119.125,110.5
96.13333333333333,61.30416666666667,1273.4583333333333,40.0375,15.433333333333332,64.875,0.3304166666666666,18.95833333333333,0.6979166666666666,2024,2,7,2,154.91666666666666,141.125,123.70833333333331,150.75,119.125,110.5,157.125
50.42916666666667,33.21666666666666,655.4166666666666,21.6375,8.445833333333333,75.70833333333333,0.1308333333333333,6.416666666666667,0.8458333333333333,2024,2,8,3,156.20833333333334,154.91666666666666,141.125,143.41666666666666,110.5,157.125,172.20833333333334
86.14999999999999,57.72916666666666,1344.7083333333333,41.79166666666666,15.870833333333332,65.45833333333333,0.2220833333333333,7.291666666666667,0.7854166666666668,2024,2,9,4,119.125,156.20833333333334,154.91666666666666,128.61111111111111,157.125,172.20833333333334,176.625
120.4125,78.65833333333333,1603.875,47.31666666666666,25.45833333333333,65.29166666666667,0.4120833333333333,19.791666666666668,0.8250000000000001,2024,2,10,5,110.5,119.125,156.20833333333334,128.91666666666666,172.20833333333334,176.625,185.91666666666663
157.6875,106.04166666666669,2193.708333333333,75.15833333333333,31.1375,80.54166666666667,0.4737499999999999,15.291666666666666,0.7416666666666667,2024,2,11,6,157.125,110.5,119.125,146.61111111111111,176.625,185.91666666666663,172.25
161.10833333333332,111.9,2413.583333333333,83.12083333333334,29.9125,78.375,0.5275,2.6666666666666665,0.6958333333333333,2024,2,12,0,172.20833333333334,157.125,110.5,168.6527777777778,185.91666666666663,172.25,158.29166666666666
170.00833333333333,118.45833333333331,2476.208333333333,87.50416666666666,35.32083333333333,81.625,0.57875,1.6666666666666667,0.6749999999999999,2024,2,13,1,176.625,172.20833333333334,157.125,178.25,172.25,158.29166666666666,166.75
115.18333333333334,80.19166666666666,1568.9166666666667,52.325,18.116666666666667,72.95833333333333,0.3395833333333333,0.7916666666666666,0.775,2024,2,14,2,185.91666666666663,176.625,172.20833333333334,178.26388888888889,158.29166666666666,166.75,174.54166666666666
109.50833333333333,76.01666666666667,1583.0416666666667,49.40833333333333,14.395833333333334,75.08333333333333,0.2641666666666666,1.1666666666666667,0.95625,2024,2,15,3,172.25,185.91666666666663,176.625,172.15277777777774,166.75,174.54166666666666,172.20833333333334
137.13333333333333,94.05833333333334,1919.9583333333333,64.74166666666666,19.616666666666667,75.16666666666667,0.40125,5.833333333333333,0.9791666666666666,2024,2,16,4,158.29166666666666,172.25,185.91666666666663,165.76388888888889,174.54166666666666,172.20833333333334,158.79166666666666
160.14583333333334,108.07083333333333,2108.375,68.8,24.6875,71.41666666666667,0.5470833333333334,12.666666666666666,0.98125,2024,2,17,5,166.75,158.29166666666666,172.25,166.52777777777774,172.20833333333334,158.79166666666666,131.79166666666666
123.30416666666667,83.24166666666666,1114.7916666666667,28.2875,16.545833333333334,71.25,0.6441666666666667,9.25,0.6020833333333333,2024,2,18,6,174.54166666666666,166.75,158.29166666666666,171.16666666666666,158.79166666666666,131.79166666666666,135.33333333333334
103.05,59.40833333333333,583.625,16.245833333333334,16.329166666666666,88.58333333333333,0.7983333333333333,54.66666666666666,0.725,2024,2,19,0,172.20833333333334,174.54166666666666,166.75,168.51388888888889,131.79166666666666,135.33333333333334,128.5
72.21249999999999,45.06666666666666,560.9166666666666,18.383333333333333,10.1625,71.95833333333333,0.7491666666666666,24.95833333333333,0.5770833333333333,2024,2,20,1,158.79166666666666,172.20833333333334,174.54166666666666,154.26388888888889,135.33333333333334,128.5,99.66666666666669
81.69166666666666,49.69583333333333,758.0833333333334,28.3375,12.391666666666666,60.708333333333336,0.3970833333333333,30.45833333333333,0.8354166666666667,2024,2,21,2,131.79166666666666,158.79166666666666,172.20833333333334,141.9722222222222,128.5,99.66666666666669,114.95833333333331
66.33333333333333,41.1625,812.0,28.883333333333336,10.329166666666667,57.41666666666666,0.2779166666666666,18.0,1.0333333333333334,2024,2,22,3,135.33333333333334,131.79166666666666,158.79166666666666,131.875,99.66666666666669,114.95833333333331,120.04166666666669
51.775,34.67916666666667,771.7916666666666,28.579166666666666,10.491666666666667,62.208333333333336,0.3016666666666667,5.583333333333333,1.0854166666666667,2024,2,23,4,128.5,135.33333333333334,131.79166666666666,121.16666666666667,114.95833333333331,120.04166666666669,139.70833333333334
73.05,47.82083333333333,965.0,34.5,14.3625,62.125,0.5004166666666666,11.625,0.8125,2024,2,24,5,99.66666666666669,128.5,135.33333333333334,114.375,120.04166666666669,139.70833333333334,129.83333333333334
64.34583333333333,42.89166666666667,983.7916666666666,32.65833333333333,10.945833333333333,63.79166666666666,0.3429166666666667,7.416666666666667,0.925,2024,2,25,6,114.95833333333331,99.66666666666669,128.5,111.55555555555556,139.70833333333334,129.83333333333334,126.125
81.94166666666666,53.8125,996.0,29.879166666666663,12.216666666666669,67.66666666666667,0.33375,11.75,0.7145833333333332,2024,2,26,0,120.04166666666669,114.95833333333331,99.66666666666669,124.90277777777779,129.83333333333334,126.125,123.66666666666669
72.6625,46.3625,698.3333333333334,25.89583333333333,12.5625,67.25,0.4570833333333333,14.291666666666666,0.7354166666666666,2024,2,27,1,139.70833333333334,120.04166666666669,114.95833333333331,129.86111111111111,126.125,123.66666666666669,138.375
67.15833333333333,43.77916666666667,855.5,28.995833333333334,11.429166666666667,74.54166666666667,0.2799999999999999,9.875,1.2291666666666667,2024,2,28,2,129.83333333333334,139.70833333333334,120.04166666666669,131.88888888888889,123.66666666666669,138.375,105.41666666666669
70.15833333333333,46.5125,1152.2083333333333,40.333333333333336,13.629166666666668,67.0,0.30375,8.25,1.2104166666666667,2024,2,29,3,126.125,129.83333333333334,139.70833333333334,126.54166666666667,138.375,105.41666666666669,81.25
82.43333333333334,47.18333333333334,952.7083333333334,28.879166666666663,11.045833333333334,51.5,0.5716666666666667,40.583333333333336,0.5479166666666667,2024,3,1,4,123.66666666666669,126.125,129.83333333333334,129.38888888888889,105.41666666666669,81.25,91.41666666666669
66.14999999999999,33.920833333333334,349.8333333333333,11.504166666666668,8.825000000000001,75.0,0.47125,51.79166666666666,0.8250000000000001,2024,3,2,5,138.375,123.66666666666669,126.125,122.48611111111113,81.25,91.41666666666669,111.04166666666669
41.12083333333333,24.97083333333333,549.0416666666666,21.35833333333333,7.833333333333333,64.08333333333333,0.1654166666666666,18.291666666666668,1.075,2024,3,3,6,105.41666666666669,138.375,123.66666666666669,108.34722222222223,91.41666666666669,111.04166666666669,149.54166666666666
55.99583333333334,35.954166666666666,810.9166666666666,29.383333333333336,10.0875,55.0,0.28625,13.791666666666666,1.1520833333333331,2024,3,4,0,81.25,105.41666666666669,138.375,92.69444444444446,111.04166666666669,149.54166666666666,152.04166666666666
72.94583333333334,47.65833333333333,1057.6666666666667,37.88333333333333,14.329166666666667,61.708333333333336,0.3041666666666666,13.083333333333334,1.05625,2024,3,5,1,91.41666666666669,81.25,105.41666666666669,94.56944444444446,149.54166666666666,152.04166666666666,136.16666666666666
97.275,64.62083333333334,1470.5416666666667,56.69583333333333,18.45,69.125,0.36125,12.583333333333334,1.15,2024,3,6,2,111.04166666666669,91.41666666666669,81.25,117.33333333333333,152.04166666666666,136.16666666666666,107.33333333333331
88.58333333333333,53.6125,798.0416666666666,31.14583333333333,12.833333333333334,77.66666666666667,0.5766666666666667,31.20833333333333,1.0520833333333333,2024,3,7,3,149.54166666666666,111.04166666666669,91.41666666666669,137.54166666666666,136.16666666666666,107.33333333333331,111.0
76.40833333333333,45.60416666666666,815.4166666666666,32.09166666666667,13.254166666666668,70.20833333333333,0.3625,28.375,1.25625,2024,3,8,4,152.04166666666666,149.54166666666666,111.04166666666669,145.91666666666666,107.33333333333331,111.0,141.875
51.10833333333333,33.604166666666664,825.7083333333334,28.97083333333333,10.5125,76.45833333333333,0.17375,7.166666666666667,1.5229166666666665,2024,3,9,5,136.16666666666666,152.04166666666666,149.54166666666666,131.8472222222222,111.0,141.875,149.70833333333334
74.33749999999999,49.67083333333333,1370.4583333333333,52.05833333333334,13.7,65.0,0.2354166666666667,8.375,1.5270833333333331,2024,3,10,6,107.33333333333331,136.16666666666666,152.04166666666666,118.16666666666667,141.875,149.70833333333334,147.125
81.91250000000001,52.375,1178.0833333333333,43.07916666666667,13.541666666666666,57.875,0.5750000000000001,17.375,1.0645833333333334,2024,3,11,0,111.0,107.33333333333331,136.16666666666666,120.06944444444444,149.70833333333334,147.125,114.20833333333331
94.5,57.35833333333333,1165.25,37.55416666666667,13.804166666666667,71.58333333333333,0.5070833333333333,31.25,1.2729166666666667,2024,3,12,1,141.875,111.0,107.33333333333331,134.19444444444446,147.125,114.20833333333331,84.16666666666667
86.28750000000001,48.25416666666666,915.75,33.975,11.029166666666669,58.458333333333336,0.6229166666666667,42.375,0.8416666666666667,2024,3,13,2,149.70833333333334,141.875,111.0,146.23611111111111,114.20833333333331,84.16666666666667,105.875
58.2125,31.6125,408.6666666666667,14.595833333333331,7.008333333333333,77.83333333333333,0.2925,37.708333333333336,1.539583333333333,2024,3,14,3,147.125,149.70833333333334,141.875,137.01388888888889,84.16666666666667,105.875,120.0
43.99583333333334,29.08333333333333,600.625,22.508333333333336,10.945833333333333,83.58333333333333,0.1366666666666667,6.875,1.5854166666666665,2024,3,15,4,114.20833333333331,147.125,149.70833333333334,115.16666666666664,105.875,120.0,129.375
57.6625,39.91666666666666,1024.4166666666667,39.87916666666667,13.920833333333334,77.58333333333333,0.1808333333333333,1.75,1.3958333333333333,2024,3,16,5,84.16666666666667,114.20833333333331,147.125,101.41666666666667,120.0,129.375,133.20833333333334
69.7,47.475,1234.75,43.95,13.779166666666669,67.375,0.2370833333333333,4.916666666666667,1.3395833333333331,2024,3,17,6,105.875,84.16666666666667,114.20833333333331,103.34722222222223,129.375,133.20833333333334,150.125
69.25,45.88333333333333,1136.9166666666667,39.22916666666666,12.775,63.583333333333336,0.2770833333333333,9.416666666666666,1.5125,2024,3,18,0,120.0,105.875,84.16666666666667,118.41666666666667,133.20833333333334,150.125,129.29166666666666
71.64999999999999,48.425,1129.1666666666667,38.85,13.133333333333333,77.0,0.2929166666666666,5.875,1.3833333333333335,2024,3,19,1,129.375,120.0,105.875,127.52777777777779,150.125,129.29166666666666,133.25
81.28750000000001,54.72916666666666,1246.0833333333333,48.85833333333333,17.954166666666666,91.41666666666669,0.32375,7.25,1.6,2024,3,20,2,133.20833333333334,129.375,120.0,137.56944444444446,129.29166666666666,133.25,138.375
67.575,43.375,633.375,20.0375,12.2625,97.625,0.5916666666666667,14.458333333333334,1.6583333333333332,2024,3,21,3,150.125,133.20833333333334,129.375,137.54166666666666,133.25,138.375,137.70833333333334
95.9,52.40416666666667,610.2916666666666,19.966666666666665,12.6125,97.0,0.5658333333333333,54.25,1.7041666666666666,2024,3,22,4,129.29166666666666,150.125,133.20833333333334,137.55555555555554,138.375,137.70833333333334,118.125
102.9625,53.0125,884.2083333333334,28.77916666666667,11.733333333333334,84.5,0.435,65.125,1.9166666666666667,2024,3,23,5,133.25,129.29166666666666,150.125,133.63888888888889,137.70833333333334,118.125,109.0
86.29166666666667,41.954166666666666,812.9583333333334,31.991666666666664,8.520833333333334,77.16666666666667,0.6145833333333334,74.54166666666667,1.43125,2024,3,24,6,138.375,133.25,129.29166666666666,136.44444444444446,118.125,109.0,125.16666666666669
74.97083333333333,39.208333333333336,881.9166666666666,38.12083333333333,10.3,69.83333333333333,0.27125,51.91666666666666,1.8229166666666667,2024,3,25,0,137.70833333333334,138.375,133.25,131.4027777777778,109.0,125.16666666666669,106.16666666666669
83.675,45.40416666666667,864.0,37.06666666666667,11.558333333333332,79.16666666666667,0.3354166666666667,49.0,1.5416666666666667,2024,3,26,1,118.125,137.70833333333334,138.375,121.61111111111113,125.16666666666669,106.16666666666669,97.16666666666669
70.95,41.25833333333333,682.3333333333334,27.758333333333336,11.370833333333332,84.29166666666667,0.5366666666666667,30.70833333333333,1.2354166666666666,2024,3,27,2,109.0,118.125,137.70833333333334,117.43055555555556,106.16666666666669,97.16666666666669,88.45833333333333
77.16666666666667,36.56666666666667,466.125,17.979166666666668,8.612499999999999,68.875,0.3899999999999999,69.45833333333333,1.3416666666666668,2024,3,28,3,125.16666666666669,109.0,118.125,113.44444444444446,97.16666666666669,88.45833333333333,81.66666666666667
59.72083333333333,30.40833333333333,481.2083333333333,21.29583333333333,7.983333333333333,67.08333333333333,0.3154166666666667,47.208333333333336,1.6458333333333333,2024,3,29,4,106.16666666666669,125.16666666666669,109.0,109.50000000000001,88.45833333333333,81.66666666666667,79.66666666666667
60.575,29.366666666666664,385.9583333333333,14.5625,7.520833333333333,88.125,0.4841666666666666,50.66666666666666,1.525,2024,3,30,5,97.16666666666669,106.16666666666669,125.16666666666669,97.2638888888889,81.66666666666667,79.66666666666667,102.25
48.145833333333336,23.8625,331.9583333333333,12.7375,6.3625,93.54166666666669,0.2866666666666667,39.333333333333336,1.7416666666666665,2024,3,31,6,88.45833333333333,97.16666666666669,106.16666666666669,89.09722222222223,79.66666666666667,102.25,112.54166666666669
43.8875,27.4625,677.7083333333334,29.83333333333333,10.583333333333334,80.45833333333333,0.1583333333333333,13.208333333333334,1.8625,2024,4,1,0,81.66666666666667,88.45833333333333,97.16666666666669,83.2638888888889,102.25,112.54166666666669,83.0
51.42083333333333,35.237500000000004,1068.2083333333333,44.9625,12.883333333333333,80.875,0.1804166666666666,3.2916666666666665,1.8541666666666667,2024,4,2,1,79.66666666666667,81.66666666666667,88.45833333333333,87.86111111111113,112.54166666666669,83.0,84.41666666666667
52.1375,33.62916666666667,850.2916666666666,33.3875,10.404166666666669,91.95833333333331,0.3320833333333333,10.916666666666666,1.5979166666666669,2024,4,3,2,102.25,79.66666666666667,81.66666666666667,98.15277777777779,83.0,84.41666666666667,102.45833333333331
39.24166666666667,21.075,422.9583333333333,19.1875,6.504166666666666,92.5,0.2545833333333333,23.45833333333333,1.6458333333333333,2024,4,4,3,112.54166666666669,102.25,79.66666666666667,99.2638888888889,84.41666666666667,102.45833333333331,101.16666666666669
50.27916666666667,28.016666666666666,528.8333333333334,22.4375,8.637500000000001,91.91666666666669,0.2829166666666666,26.291666666666668,1.6520833333333331,2024,4,5,4,83.0,112.54166666666669,102.25,93.31944444444446,102.45833333333331,101.16666666666669,109.08333333333331
46.44166666666666,29.441666666666663,725.125,31.575,10.858333333333334,84.25,0.1858333333333333,10.125,1.6541666666666668,2024,4,6,5,84.41666666666667,83.0,112.54166666666669,89.95833333333333,101.16666666666669,109.08333333333331,112.16666666666669
43.74166666666667,30.058333333333334,823.5416666666666,31.9,10.766666666666666,97.16666666666669,0.1933333333333333,1.375,1.9625,2024,4,7,6,102.45833333333331,84.41666666666667,83.0,96.01388888888887,109.08333333333331,112.16666666666669,95.04166666666669
51.89166666666667,35.458333333333336,960.9166666666666,36.84583333333333,11.183333333333332,85.16666666666667,0.1979166666666666,2.583333333333333,1.8,2024,4,8,0,101.16666666666669,102.45833333333331,84.41666666666667,104.2361111111111,112.16666666666669,95.04166666666669,90.29166666666669
44.44583333333333,30.166666666666668,778.9583333333334,31.7,9.429166666666667,86.79166666666667,0.1925,2.6666666666666665,1.59375,2024,4,9,1,109.08333333333331,101.16666666666669,102.45833333333331,107.47222222222223,95.04166666666669,90.29166666666669,87.04166666666667
43.28333333333333,28.34583333333333,604.25,24.820833333333336,10.15,91.875,0.3983333333333334,6.583333333333333,1.4479166666666667,2024,4,10,2,112.16666666666669,109.08333333333331,101.16666666666669,105.43055555555556,90.29166666666669,87.04166666666667,95.95833333333331
47.9,25.675,384.7083333333333,13.191666666666668,5.958333333333333,98.79166666666669,0.42375,28.166666666666668,1.5479166666666666,2024,4,11,3,95.04166666666669,112.16666666666669,109.08333333333331,99.16666666666669,87.04166666666667,95.95833333333331,132.04166666666666
62.45416666666667,26.825,466.5,19.42083333333333,6.729166666666667,93.5,0.425,60.5,1.45625,2024,4,12,4,90.29166666666669,95.04166666666669,112.16666666666669,90.79166666666669,95.95833333333331,132.04166666666666,147.25
88.94583333333333,40.80833333333333,482.8333333333333,15.170833333333334,9.625,101.54166666666669,0.8033333333333333,72.79166666666667,0.7125,2024,4,13,5,87.04166666666667,90.29166666666669,95.04166666666669,91.09722222222223,132.04166666666666,147.25,147.375
112.60833333333332,53.29166666666666,369.9166666666667,11.808333333333332,7.708333333333333,106.58333333333331,1.0433333333333332,83.79166666666667,0.6416666666666667,2024,4,14,6,95.95833333333331,87.04166666666667,90.29166666666669,105.01388888888887,147.25,147.375,106.95833333333331
125.325,56.47916666666666,443.0833333333333,14.479166666666666,9.791666666666666,98.70833333333331,0.99,117.95833333333331,1.0729166666666667,2024,4,15,0,132.04166666666666,95.95833333333331,87.04166666666667,125.08333333333331,147.375,106.95833333333331,86.66666666666667
88.69583333333333,45.84583333333333,480.2916666666667,18.404166666666665,10.533333333333331,95.70833333333331,0.3970833333333333,64.25,1.6791666666666665,2024,4,16,1,147.25,132.04166666666666,95.95833333333331,142.2222222222222,106.95833333333331,86.66666666666667,83.625
42.29166666666666,27.09166666666667,597.5,26.52083333333333,9.1125,91.04166666666669,0.1679166666666667,10.166666666666666,2.027083333333333,2024,4,17,2,147.375,147.25,132.04166666666666,133.86111111111111,86.66666666666667,83.625,101.58333333333331
69.7,28.625,501.625,20.48333333333333,9.125,77.5,0.4033333333333333,83.33333333333333,1.44375,2024,4,18,3,106.95833333333331,147.375,147.25,113.66666666666667,83.625,101.58333333333331,87.79166666666667
94.80833333333334,34.30416666666667,272.2916666666667,9.55,6.3,86.16666666666667,0.4983333333333333,139.08333333333334,1.2270833333333333,2024,4,19,4,86.66666666666667,106.95833333333331,147.375,92.41666666666667,101.58333333333331,87.79166666666667,108.79166666666669
82.04166666666667,29.679166666666664,325.4166666666667,14.033333333333331,7.616666666666667,91.0,0.2391666666666666,118.41666666666669,1.9333333333333331,2024,4,20,5,83.625,86.66666666666667,106.95833333333331,90.625,87.79166666666667,108.79166666666669,93.25
46.04583333333333,26.39583333333333,583.9166666666666,23.98333333333333,9.5625,91.625,0.1895833333333333,24.45833333333333,1.9583333333333333,2024,4,21,6,101.58333333333331,83.625,86.66666666666667,91.0,108.79166666666669,93.25,95.54166666666669
53.025,31.85833333333333,689.375,32.579166666666666,12.016666666666666,102.79166666666669,0.3079166666666666,20.95833333333333,1.85625,2024,4,22,0,87.79166666666667,101.58333333333331,83.625,99.38888888888887,93.25,95.54166666666669,104.875
42.95416666666667,25.925,403.9166666666667,16.229166666666668,7.491666666666667,98.875,0.4475,16.375,1.6833333333333331,2024,4,23,1,108.79166666666669,87.79166666666667,101.58333333333331,96.61111111111113,95.54166666666669,104.875,95.08333333333331
50.958333333333336,30.195833333333336,479.5416666666667,22.92083333333333,7.983333333333333,95.16666666666669,0.37625,20.83333333333333,1.7979166666666666,2024,4,24,2,93.25,108.79166666666669,87.79166666666667,99.19444444444446,104.875,95.08333333333331,88.08333333333333
38.5375,24.85,498.7083333333333,21.45,9.25,102.04166666666669,0.2366666666666666,8.166666666666666,1.991666666666667,2024,4,25,3,95.54166666666669,93.25,108.79166666666669,97.8888888888889,95.08333333333331,88.08333333333333,85.0
39.99583333333333,24.65416666666667,395.875,14.154166666666669,8.7875,116.625,0.46625,12.791666666666666,1.5291666666666668,2024,4,26,4,104.875,95.54166666666669,93.25,98.5,88.08333333333333,85.0,82.29166666666667
55.775,27.875,485.0416666666667,24.425,7.899999999999999,92.16666666666669,0.4283333333333333,44.625,1.3625,2024,4,27,5,95.08333333333331,104.875,95.54166666666669,96.01388888888887,85.0,82.29166666666667,100.16666666666669
57.458333333333336,24.541666666666668,359.5833333333333,17.1375,6.5,101.79166666666669,0.3858333333333333,64.66666666666667,1.6458333333333333,2024,4,28,6,88.08333333333333,95.08333333333331,104.875,89.38888888888887,82.29166666666667,100.16666666666669,91.83333333333331
62.22916666666666,27.8375,274.7916666666667,9.316666666666666,6.3125,107.91666666666669,0.4175,66.33333333333333,1.4583333333333333,2024,4,29,0,85.0,88.08333333333333,95.08333333333331,85.125,100.16666666666669,91.83333333333331,107.45833333333331
56.7875,26.266666666666666,311.9583333333333,12.0,6.8625,108.125,0.29125,55.5,1.95625,2024,4,30,1,82.29166666666667,85.0,88.08333333333333,89.15277777777779,91.83333333333331,107.45833333333331,106.16666666666669
47.6125,26.60833333333333,455.7916666666667,22.34166666666667,7.129166666666666,102.25,0.2545833333333333,27.375,1.6895833333333332,2024,5,1,2,100.16666666666669,82.29166666666667,85.0,91.43055555555556,107.45833333333331,106.16666666666669,93.79166666666669
53.725,34.31666666666667,848.0416666666666,42.84166666666667,9.845833333333331,90.75,0.1833333333333333,12.833333333333334,2.16875,2024,5,2,3,91.83333333333331,100.16666666666669,82.29166666666667,99.81944444444444,106.16666666666669,93.79166666666669,84.20833333333333
56.60833333333333,36.3625,756.4583333333334,39.84166666666667,13.4375,98.08333333333331,0.295,13.125,1.7145833333333331,2024,5,3,4,107.45833333333331,91.83333333333331,100.16666666666669,101.81944444444444,93.79166666666669,84.20833333333333,98.95833333333331
49.90416666666667,24.191666666666663,313.8333333333333,11.154166666666669,5.8,107.08333333333331,0.4608333333333334,44.833333333333336,1.9104166666666669,2024,5,4,5,106.16666666666669,107.45833333333331,91.83333333333331,102.47222222222223,84.20833333333333,98.95833333333331,109.04166666666669
65.53333333333333,27.675,433.5,20.2625,7.716666666666666,94.20833333333331,0.3529166666666667,79.375,2.0875,2024,5,5,6,93.79166666666669,106.16666666666669,107.45833333333331,94.72222222222223,98.95833333333331,109.04166666666669,115.16666666666669
56.61666666666667,26.92083333333333,485.7083333333333,24.34166666666667,9.383333333333333,103.75,0.2404166666666667,53.5,2.1645833333333333,2024,5,6,0,84.20833333333333,93.79166666666669,106.16666666666669,92.31944444444444,109.04166666666669,115.16666666666669,142.70833333333334
52.275,29.8875,616.3333333333334,32.333333333333336,9.7875,108.95833333333331,0.25625,28.041666666666668,2.216666666666667,2024,5,7,1,98.95833333333331,84.20833333333333,93.79166666666669,97.40277777777777,115.16666666666669,142.70833333333334,164.33333333333334
46.19166666666666,30.166666666666668,688.25,33.270833333333336,8.508333333333333,111.75,0.2354166666666667,9.666666666666666,2.347916666666667,2024,5,8,2,109.04166666666669,98.95833333333331,84.20833333333333,107.72222222222223,142.70833333333334,164.33333333333334,163.70833333333334
198.0375,74.49166666666666,665.4166666666666,22.58333333333333,13.175,132.04166666666666,0.55125,266.8333333333333,1.9666666666666668,2024,5,9,3,115.16666666666669,109.04166666666669,98.95833333333331,122.30555555555559,164.33333333333334,163.70833333333334,139.83333333333334
194.09166666666667,73.83333333333333,699.0416666666666,26.17083333333333,14.8625,128.29166666666666,0.8504166666666667,248.125,1.3791666666666669,2024,5,10,4,142.70833333333334,115.16666666666669,109.04166666666669,140.73611111111111,163.70833333333334,139.83333333333334,112.79166666666669
127.1125,59.17916666666667,602.0,18.02083333333333,14.775,127.79166666666669,0.9729166666666668,112.91666666666669,1.2270833333333333,2024,5,11,5,164.33333333333334,142.70833333333334,115.16666666666669,156.91666666666669,139.83333333333334,112.79166666666669,100.625
93.15416666666668,38.3125,424.1666666666667,14.666666666666666,9.7125,116.375,0.5579166666666667,101.125,1.6395833333333334,2024,5,12,6,163.70833333333334,164.33333333333334,142.70833333333334,155.95833333333334,112.79166666666669,100.625,112.625
49.63333333333333,23.641666666666666,361.9583333333333,15.208333333333334,6.8875,115.95833333333331,0.2208333333333333,42.91666666666666,2.285416666666667,2024,5,13,0,139.83333333333334,163.70833333333334,164.33333333333334,138.7777777777778,100.625,112.625,131.0
40.05833333333333,24.454166666666666,471.5833333333333,23.066666666666663,8.979166666666666,118.41666666666669,0.2233333333333333,15.208333333333334,2.245833333333333,2024,5,14,1,112.79166666666669,139.83333333333334,163.70833333333334,117.75,112.625,131.0,114.29166666666669
55.395833333333336,34.06666666666667,664.1666666666666,28.441666666666663,10.808333333333332,116.20833333333331,0.3495833333333333,18.70833333333333,2.1166666666666667,2024,5,15,2,100.625,112.79166666666669,139.83333333333334,108.68055555555556,131.0,114.29166666666669,98.5
63.225,38.50833333333333,656.4166666666666,25.141666666666666,11.1125,118.875,0.435,22.75,2.0729166666666665,2024,5,16,3,112.625,100.625,112.79166666666669,114.75,114.29166666666669,98.5,107.16666666666669
70.98333333333333,31.46666666666667,482.875,19.10833333333333,9.770833333333334,112.83333333333331,0.4708333333333334,74.04166666666667,1.8625,2024,5,17,4,131.0,112.625,100.625,119.30555555555556,98.5,107.16666666666669,114.875
68.35000000000001,28.3125,458.4166666666667,20.916666666666668,7.308333333333334,98.79166666666669,0.4479166666666667,85.58333333333333,1.91875,2024,5,18,5,114.29166666666669,131.0,112.625,114.59722222222223,107.16666666666669,114.875,111.125
91.80416666666667,39.266666666666666,615.875,32.300000000000004,8.675,92.41666666666669,0.46625,106.79166666666669,2.120833333333333,2024,5,19,6,98.5,114.29166666666669,131.0,106.65277777777779,114.875,111.125,118.875
63.3375,33.44166666666667,615.375,32.77916666666667,8.454166666666667,97.20833333333331,0.3354166666666667,47.16666666666666,2.2333333333333334,2024,5,20,0,107.16666666666669,98.5,114.29166666666669,106.84722222222223,111.125,118.875,131.29166666666666
54.52916666666667,31.53333333333333,636.4583333333334,30.15833333333333,8.591666666666667,104.125,0.32375,30.58333333333333,2.3604166666666666,2024,5,21,1,114.875,107.16666666666669,98.5,111.05555555555556,118.875,131.29166666666666,153.125
60.35416666666666,35.550000000000004,636.8333333333334,31.2,10.0,103.45833333333331,0.3045833333333333,30.70833333333333,2.45625,2024,5,22,2,111.125,114.875,107.16666666666669,114.95833333333333,131.29166666666666,153.125,158.29166666666666
99.67916666666667,47.92083333333333,625.5833333333334,22.7375,11.633333333333333,123.625,0.4583333333333333,89.45833333333333,2.1958333333333333,2024,5,23,3,118.875,111.125,114.875,120.43055555555554,153.125,158.29166666666666,117.70833333333331
148.79999999999998,61.74166666666667,627.75,22.391666666666666,13.541666666666666,127.41666666666669,0.6970833333333334,158.41666666666666,1.6354166666666667,2024,5,24,4,131.29166666666666,118.875,111.125,134.43055555555554,158.29166666666666,117.70833333333331,110.20833333333331
84.44166666666666,45.25833333333333,673.75,28.86666666666667,11.083333333333334,112.16666666666669,0.45125,54.25,2.31875,2024,5,25,5,153.125,131.29166666666666,118.875,147.56944444444443,117.70833333333331,110.20833333333331,119.875
54.6,30.579166666666666,500.125,25.67083333333333,8.479166666666666,109.58333333333331,0.26125,34.083333333333336,2.525,2024,5,26,6,158.29166666666666,153.125,131.29166666666666,143.04166666666666,110.20833333333331,119.875,107.875
39.766666666666666,25.0625,558.2083333333334,29.879166666666663,8.35,111.125,0.1808333333333333,13.291666666666666,2.670833333333333,2024,5,27,0,117.70833333333331,158.29166666666666,153.125,128.73611111111111,119.875,107.875,104.91666666666669
46.083333333333336,29.45,628.3333333333334,33.80416666666667,8.870833333333334,114.20833333333331,0.1674999999999999,12.625,2.73125,2024,5,28,1,110.20833333333331,117.70833333333331,158.29166666666666,115.93055555555554,107.875,104.91666666666669,111.20833333333331
52.64166666666667,30.60833333333333,607.2916666666666,27.504166666666663,8.7875,109.375,0.2579166666666667,28.375,2.4291666666666667,2024,5,29,2,119.875,110.20833333333331,117.70833333333331,112.65277777777777,104.91666666666669,111.20833333333331,113.41666666666669
52.7875,28.225,542.6666666666666,25.925,7.204166666666667,109.375,0.4066666666666667,39.0,2.3541666666666665,2024,5,30,3,107.875,119.875,110.20833333333331,110.8888888888889,111.20833333333331,113.41666666666669,108.66666666666669
50.958333333333336,26.98333333333333,456.7083333333333,17.729166666666668,8.0625,125.29166666666669,0.3883333333333333,36.91666666666666,2.15,2024,5,31,4,104.91666666666669,107.875,119.875,108.0,113.41666666666669,108.66666666666669,118.29166666666669
67.96666666666667,32.7125,539.0833333333334,22.04583333333333,9.170833333333333,118.70833333333331,0.4483333333333333,63.41666666666666,2.25625,2024,6,1,5,111.20833333333331,104.91666666666669,107.875,109.84722222222223,108.66666666666669,118.29166666666669,108.875
92.92916666666667,34.45,516.5833333333334,25.683333333333334,9.308333333333334,97.95833333333331,0.4591666666666666,128.625,2.25,2024,6,2,6,113.41666666666669,111.20833333333331,104.91666666666669,111.09722222222223,118.29166666666669,108.875,129.625
97.15,33.6625,443.625,18.841666666666665,8.700000000000001,125.5,0.4716666666666667,139.625,2.15,2024,6,3,0,108.66666666666669,113.41666666666669,111.20833333333331,113.45833333333336,108.875,129.625,138.75
97.8125,38.85,662.5,34.61666666666667,10.825,92.54166666666669,0.3829166666666666,125.91666666666669,2.2604166666666665,2024,6,4,1,118.29166666666669,108.66666666666669,113.41666666666669,111.94444444444446,129.625,138.75,156.125
110.125,47.59166666666667,737.75,34.958333333333336,11.541666666666666,97.33333333333331,0.5908333333333333,120.29166666666669,1.7166666666666668,2024,6,5,2,108.875,118.29166666666669,108.66666666666669,118.93055555555556,138.75,156.125,128.79166666666666
260.37916666666666,63.42083333333333,558.375,30.33333333333333,12.4625,106.45833333333331,0.8204166666666667,490.2916666666667,1.7854166666666669,2024,6,6,3,129.625,108.875,118.29166666666669,125.75,156.125,128.79166666666666,120.20833333333331
127.44583333333333,50.48333333333333,503.5,21.2125,11.125,112.625,0.57,163.375,2.0395833333333333,2024,6,7,4,138.75,129.625,108.875,141.5,128.79166666666666,120.20833333333331,97.125
88.45,41.016666666666666,428.2916666666667,16.595833333333335,8.758333333333333,113.20833333333331,0.52375,84.33333333333333,1.8520833333333333,2024,6,8,5,156.125,138.75,129.625,141.2222222222222,120.20833333333331,97.125,106.625
40.59583333333333,25.1,418.9166666666667,17.379166666666666,6.679166666666667,117.5,0.2325,13.041666666666666,2.439583333333333,2024,6,9,6,128.79166666666666,156.125,138.75,135.04166666666666,97.125,106.625,113.16666666666669
45.04166666666666,23.604166666666668,437.8333333333333,19.758333333333333,7.5125,116.625,0.22,32.833333333333336,2.489583333333333,2024,6,10,0,120.20833333333331,128.79166666666666,156.125,115.375,106.625,113.16666666666669,103.125
40.895833333333336,24.695833333333336,566.25,28.475,8.4375,119.58333333333331,0.2558333333333333,15.375,2.3208333333333333,2024,6,11,1,97.125,120.20833333333331,128.79166666666666,107.9861111111111,113.16666666666669,103.125,110.95833333333331
50.0875,28.27916666666667,568.9583333333334,26.2875,9.091666666666669,118.125,0.3279166666666667,28.291666666666668,2.3041666666666667,2024,6,12,2,106.625,97.125,120.20833333333331,105.6388888888889,103.125,110.95833333333331,104.41666666666669
56.6875,28.325,447.375,18.758333333333333,8.783333333333333,115.375,0.3866666666666666,47.25,2.34375,2024,6,13,3,113.16666666666669,106.625,97.125,107.6388888888889,110.95833333333331,104.41666666666669,93.70833333333331
80.175,34.916666666666664,515.6666666666666,22.183333333333334,9.245833333333334,109.33333333333331,0.4458333333333333,85.0,2.31875,2024,6,14,4,103.125,113.16666666666669,106.625,109.08333333333333,104.41666666666669,93.70833333333331,97.54166666666669
69.18333333333334,29.554166666666664,405.9166666666667,17.458333333333332,8.658333333333333,107.875,0.4029166666666666,78.375,2.3375,2024,6,15,5,110.95833333333331,103.125,113.16666666666669,106.16666666666667,93.70833333333331,97.54166666666669,91.16666666666669
46.395833333333336,24.5375,377.25,15.2375,8.291666666666666,110.20833333333331,0.365,32.916666666666664,2.5395833333333333,2024,6,16,6,104.41666666666669,110.95833333333331,103.125,103.02777777777777,97.54166666666669,91.16666666666669,94.41666666666669
52.54583333333333,28.2125,393.25,15.616666666666667,9.1,113.83333333333331,0.3958333333333333,35.041666666666664,2.4770833333333333,2024,6,17,0,93.70833333333331,104.41666666666669,110.95833333333331,98.55555555555556,91.16666666666669,94.41666666666669,117.625
59.09166666666667,27.754166666666663,402.4166666666667,18.025,8.325000000000001,100.08333333333331,0.4454166666666666,55.583333333333336,2.325,2024,6,18,1,97.54166666666669,93.70833333333331,104.41666666666669,94.1388888888889,94.41666666666669,117.625,143.16666666666666
70.33333333333333,35.975,643.3333333333334,33.74583333333333,9.808333333333334,94.45833333333331,0.4729166666666666,52.29166666666666,1.929166666666667,2024,6,19,2,91.16666666666669,97.54166666666669,93.70833333333331,94.37500000000001,117.625,143.16666666666666,152.75
121.51666666666668,45.25833333333333,634.4583333333334,30.48333333333333,10.525,97.95833333333331,0.5620833333333334,160.70833333333334,2.0375,2024,6,20,3,94.41666666666669,91.16666666666669,97.54166666666669,101.06944444444446,143.16666666666666,152.75,148.08333333333334
132.27083333333334,55.583333333333336,579.7916666666666,30.079166666666666,11.35,111.29166666666669,0.5870833333333333,159.04166666666666,1.6729166666666666,2024,6,21,4,117.625,94.41666666666669,91.16666666666669,118.40277777777779,152.75,148.08333333333334,152.08333333333334
92.15,51.1375,597.0416666666666,26.629166666666663,10.791666666666666,127.125,0.64125,55.583333333333336,2.1020833333333333,2024,6,22,5,143.16666666666666,117.625,94.41666666666669,137.8472222222222,148.08333333333334,152.08333333333334,159.91666666666666
89.75833333333333,47.74166666666667,543.9583333333334,21.4125,10.4625,125.08333333333331,0.7133333333333334,63.833333333333336,1.9729166666666669,2024,6,23,6,152.75,143.16666666666666,117.625,148.0,152.08333333333334,159.91666666666666,169.70833333333334
88.95416666666667,51.18333333333334,676.9583333333334,31.71666666666667,12.104166666666666,128.5,0.7091666666666666,47.708333333333336,1.9166666666666667,2024,6,24,0,148.08333333333334,152.75,143.16666666666666,150.97222222222226,159.91666666666666,169.70833333333334,163.375
169.40416666666667,66.39166666666667,646.75,28.20833333333333,12.554166666666667,130.83333333333334,0.8791666666666668,206.41666666666663,1.7020833333333334,2024,6,25,1,152.08333333333334,148.08333333333334,152.75,153.36111111111111,169.70833333333334,163.375,151.29166666666666
135.17499999999998,68.10000000000001,700.625,27.854166666666668,12.845833333333331,129.29166666666666,0.9545833333333332,95.16666666666669,1.8541666666666667,2024,6,26,2,159.91666666666666,152.08333333333334,148.08333333333334,160.56944444444446,163.375,151.29166666666666,128.04166666666666
151.44583333333333,65.10000000000001,456.5,12.566666666666668,11.433333333333332,139.5,1.415,152.58333333333334,1.3,2024,6,27,3,169.70833333333334,159.91666666666666,152.08333333333334,164.33333333333334,151.29166666666666,128.04166666666666,154.95833333333334
69.29583333333333,37.90416666666667,464.4583333333333,15.641666666666666,8.633333333333333,132.33333333333334,1.0,40.875,1.7833333333333332,2024,6,28,4,163.375,169.70833333333334,159.91666666666666,161.45833333333334,128.04166666666666,154.95833333333334,151.5
83.95416666666667,47.3375,447.75,16.4375,9.3875,122.58333333333331,1.2333333333333334,44.54166666666666,1.6458333333333333,2024,6,29,5,151.29166666666666,163.375,169.70833333333334,147.56944444444443,154.95833333333334,151.5,131.875
106.15,61.79166666666666,534.3333333333334,19.316666666666663,11.7125,133.95833333333334,1.649166666666667,46.333333333333336,1.2729166666666667,2024,6,30,6,128.04166666666666,151.29166666666666,163.375,144.76388888888889,151.5,131.875,136.25
95.45833333333331,50.9,441.2083333333333,16.829166666666666,9.883333333333333,113.45833333333331,1.4004166666666666,62.66666666666666,1.15625,2024,7,1,0,154.95833333333334,128.04166666666666,151.29166666666666,144.83333333333334,131.875,136.25,111.66666666666669
126.76666666666668,46.06666666666666,389.8333333333333,14.479166666666666,9.3,114.33333333333331,0.9875,181.70833333333331,1.83125,2024,7,2,1,151.5,154.95833333333334,128.04166666666666,146.11111111111111,136.25,111.66666666666669,107.0
128.57916666666668,45.15,317.1666666666667,10.0125,8.6875,130.45833333333334,0.8408333333333333,193.70833333333331,1.8520833333333333,2024,7,3,2,131.875,151.5,154.95833333333334,139.875,111.66666666666669,107.0,102.75
66.07916666666667,26.316666666666663,304.0416666666667,10.408333333333331,6.9750000000000005,110.5,0.8520833333333333,78.16666666666667,1.4166666666666667,2024,7,4,3,136.25,131.875,151.5,126.59722222222223,107.0,102.75,93.75
82.40416666666667,34.87916666666667,409.5416666666667,14.1,10.1125,119.70833333333331,0.8970833333333333,92.79166666666669,1.50625,2024,7,5,4,111.66666666666669,136.25,131.875,118.30555555555556,102.75,93.75,114.04166666666669
52.11666666666667,28.21666666666667,442.8333333333333,14.295833333333334,10.8875,112.54166666666669,0.8358333333333333,32.041666666666664,1.1979166666666667,2024,7,6,5,107.0,111.66666666666669,136.25,107.1388888888889,93.75,114.04166666666669,116.95833333333331
71.70833333333333,35.329166666666666,496.8333333333333,22.27916666666667,10.129166666666666,96.41666666666669,0.8458333333333333,62.083333333333336,1.5,2024,7,7,6,102.75,107.0,111.66666666666669,101.16666666666667,114.04166666666669,116.95833333333331,150.83333333333334
74.825,39.25,537.3333333333334,24.46666666666667,8.295833333333333,95.29166666666669,0.6883333333333334,51.708333333333336,1.9083333333333328,2024,7,8,0,93.75,102.75,107.0,103.5138888888889,116.95833333333331,150.83333333333334,172.83333333333334
84.9875,44.11666666666667,561.5416666666666,28.179166666666664,9.45,108.70833333333331,0.6891666666666666,60.5,2.0145833333333334,2024,7,9,1,114.04166666666669,93.75,102.75,108.25,150.83333333333334,172.83333333333334,160.875
109.62083333333334,68.87083333333334,745.1666666666666,37.87916666666667,12.320833333333333,114.25,1.012916666666667,28.95833333333333,1.6020833333333335,2024,7,10,2,116.95833333333331,114.04166666666669,93.75,127.27777777777779,172.83333333333334,160.875,138.625
150.29583333333332,89.84166666666665,920.3333333333334,44.32083333333333,15.425,115.54166666666669,1.03125,54.083333333333336,1.6708333333333334,2024,7,11,3,150.83333333333334,116.95833333333331,114.04166666666669,146.875,160.875,138.625,166.75
146.525,58.775,535.7083333333334,24.445833333333336,10.870833333333332,99.95833333333331,0.7070833333333333,180.58333333333331,1.8729166666666668,2024,7,12,4,172.83333333333334,150.83333333333334,116.95833333333331,161.51388888888889,138.625,166.75,162.41666666666666
101.09166666666664,47.87083333333334,632.5,32.36666666666667,10.254166666666666,111.20833333333331,0.6070833333333333,97.45833333333331,2.122916666666667,2024,7,13,5,160.875,172.83333333333334,150.83333333333334,157.44444444444446,166.75,162.41666666666666,167.625
147.97083333333333,72.55833333333334,1003.5833333333334,51.44166666666666,16.429166666666667,125.33333333333331,0.8270833333333334,116.45833333333331,1.9458333333333333,2024,7,14,6,138.625,160.875,172.83333333333334,155.41666666666666,162.41666666666666,167.625,169.25
136.62916666666666,69.60000000000001,852.875,43.94166666666666,11.458333333333334,111.375,0.7091666666666666,95.66666666666669,1.9166666666666667,2024,7,15,0,166.75,138.625,160.875,155.93055555555554,167.625,169.25,169.5
138.02916666666667,75.68333333333334,606.1666666666666,23.104166666666668,11.641666666666666,136.25,0.8441666666666667,72.91666666666667,1.9083333333333328,2024,7,16,1,162.41666666666666,166.75,138.625,165.5972222222222,169.25,169.5,178.95833333333334
125.8,75.45416666666667,544.9166666666666,21.179166666666667,13.158333333333331,130.875,1.211666666666667,41.25,1.6333333333333335,2024,7,17,2,167.625,162.41666666666666,166.75,166.43055555555554,169.5,178.95833333333334,175.875
139.10416666666666,81.66666666666667,680.4583333333334,31.629166666666663,15.758333333333333,129.08333333333334,1.34,55.0,1.6291666666666669,2024,7,18,3,169.25,167.625,162.41666666666666,168.79166666666666,178.95833333333334,175.875,172.75
172.4625,96.24166666666667,858.625,40.37916666666667,17.304166666666667,126.66666666666669,1.425,78.875,1.43125,2024,7,19,4,169.5,169.25,167.625,172.56944444444446,175.875,172.75,173.0
150.47916666666666,79.85833333333333,677.2916666666666,27.316666666666663,14.4375,136.125,1.3470833333333332,90.25,1.4083333333333332,2024,7,20,5,178.95833333333334,169.5,169.25,174.7777777777778,172.75,173.0,162.16666666666666
150.21666666666667,82.1375,632.0833333333334,22.92083333333333,12.870833333333332,136.91666666666666,1.50625,71.83333333333333,1.3833333333333335,2024,7,21,6,175.875,178.95833333333334,169.5,175.86111111111111,173.0,162.16666666666666,165.25
145.14583333333334,80.70416666666667,510.75,15.104166666666666,13.258333333333333,144.08333333333334,1.5675,67.75,1.1291666666666669,2024,7,22,0,172.75,175.875,178.95833333333334,173.875,162.16666666666666,165.25,166.08333333333334
104.94166666666666,59.1625,460.1666666666667,15.191666666666668,10.441666666666666,134.66666666666666,1.5608333333333333,46.625,1.3,2024,7,23,1,173.0,172.75,175.875,169.30555555555554,165.25,166.08333333333334,154.45833333333334
133.96666666666667,71.27083333333333,548.6666666666666,19.59583333333333,14.016666666666666,138.83333333333334,1.590833333333333,66.95833333333333,1.36875,2024,7,24,2,162.16666666666666,173.0,172.75,166.80555555555554,166.08333333333334,154.45833333333334,130.875
111.3875,61.43333333333334,522.9583333333334,20.775,11.441666666666668,132.875,1.2416666666666667,52.125,1.625,2024,7,25,3,165.25,162.16666666666666,173.0,164.5,154.45833333333334,130.875,134.625
79.92083333333333,45.0625,539.9166666666666,23.554166666666664,11.175,130.75,1.0520833333333333,39.29166666666666,1.66875,2024,7,26,4,166.08333333333334,165.25,162.16666666666666,161.93055555555557,130.875,134.625,119.45833333333331
104.94166666666666,48.5125,467.5,18.741666666666667,9.35,98.16666666666669,1.0254166666666666,106.29166666666669,1.2458333333333331,2024,7,27,5,154.45833333333334,166.08333333333334,165.25,150.47222222222226,134.625,119.45833333333331,119.625
79.55,48.083333333333336,479.875,18.8,8.670833333333333,110.54166666666669,1.1441666666666668,27.75,1.3166666666666669,2024,7,28,6,130.875,154.45833333333334,166.08333333333334,139.98611111111111,119.45833333333331,119.625,115.0
54.55,36.94166666666667,611.2916666666666,29.008333333333336,9.95,85.20833333333333,0.8433333333333333,4.75,1.2104166666666667,2024,7,29,0,134.625,130.875,154.45833333333334,128.31944444444443,119.625,115.0,107.625
72.01666666666667,42.06666666666667,567.5833333333334,25.275,15.754166666666668,106.70833333333331,1.0870833333333334,30.95833333333333,1.3833333333333335,2024,7,30,1,119.45833333333331,134.625,130.875,124.56944444444444,115.0,107.625,101.75
61.12916666666666,39.2625,637.0833333333334,31.1,14.145833333333334,86.41666666666667,1.12,13.958333333333334,0.9229166666666668,2024,7,31,2,119.625,119.45833333333331,134.625,118.02777777777777,107.625,101.75,111.375
50.60416666666666,31.53333333333333,590.25,26.9,10.108333333333333,68.95833333333333,1.005,17.041666666666668,0.3645833333333333,2024,8,1,3,115.0,119.625,119.45833333333331,114.08333333333333,101.75,111.375,100.54166666666669
58.87083333333334,39.17083333333333,577.6666666666666,24.54583333333333,10.1625,92.33333333333331,0.82375,8.916666666666666,1.6916666666666669,2024,8,2,4,107.625,115.0,119.625,108.125,111.375,100.54166666666669,105.5
51.05416666666667,35.733333333333334,406.0416666666667,14.220833333333331,9.991666666666667,99.25,0.8079166666666667,0.5,1.3458333333333334,2024,8,3,5,101.75,107.625,115.0,106.91666666666667,100.54166666666669,105.5,114.33333333333331
53.24583333333334,36.375,411.625,15.779166666666669,11.904166666666669,102.33333333333331,0.7625000000000001,4.25,1.0291666666666666,2024,8,4,6,111.375,101.75,107.625,104.55555555555556,105.5,114.33333333333331,103.5
54.025,35.82083333333333,515.2916666666666,24.27083333333333,9.729166666666666,91.41666666666669,0.695,8.125,1.1270833333333334,2024,8,5,0,100.54166666666669,111.375,101.75,105.80555555555556,114.33333333333331,103.5,102.75
56.75416666666666,38.9375,473.125,17.825,11.2375,105.125,0.6575,3.583333333333333,1.8791666666666669,2024,8,6,1,105.5,100.54166666666669,111.375,106.79166666666667,103.5,102.75,105.95833333333331
46.925,31.46666666666667,378.875,14.070833333333333,8.529166666666667,98.0,0.9204166666666668,8.333333333333334,1.7041666666666666,2024,8,7,2,114.33333333333331,105.5,100.54166666666669,107.77777777777777,102.75,105.95833333333331,123.91666666666669
44.3625,31.15,428.9166666666667,17.479166666666668,10.475,102.0,0.93,1.2083333333333333,1.7125,2024,8,8,3,103.5,114.33333333333331,105.5,106.8611111111111,105.95833333333331,123.91666666666669,85.08333333333333
55.50833333333333,38.49166666666667,531.3333333333334,24.6,8.924999999999999,95.45833333333331,0.8841666666666667,3.9166666666666665,1.78125,2024,8,9,4,102.75,103.5,114.33333333333331,104.06944444444444,123.91666666666669,85.08333333333333,80.5
51.49166666666667,35.80416666666667,489.7083333333333,19.683333333333334,10.895833333333334,113.54166666666669,1.024166666666667,1.875,1.61875,2024,8,10,5,105.95833333333331,102.75,103.5,110.875,85.08333333333333,80.5,109.91666666666669
28.516666666666666,19.775,393.7916666666667,15.645833333333334,8.0375,99.5,0.9404166666666668,1.7916666666666667,0.7687499999999999,2024,8,11,6,123.91666666666669,105.95833333333331,102.75,104.9861111111111,80.5,109.91666666666669,152.75
30.95,21.4375,548.75,25.7125,10.433333333333334,99.45833333333331,0.4329166666666666,1.4583333333333333,1.772916666666667,2024,8,12,0,85.08333333333333,123.91666666666669,105.95833333333331,96.5,109.91666666666669,152.75,128.875
71.92916666666666,50.04166666666666,715.5,31.929166666666664,13.6,104.16666666666669,0.7141666666666667,1.9166666666666667,1.9479166666666667,2024,8,13,1,80.5,85.08333333333333,123.91666666666669,91.83333333333333,152.75,128.875,125.04166666666669
74.14166666666667,51.75833333333333,795.2916666666666,37.97916666666666,13.341666666666669,102.95833333333331,0.92625,0.4583333333333333,1.6208333333333331,2024,8,14,2,109.91666666666669,80.5,85.08333333333333,114.3888888888889,128.875,125.04166666666669,76.29166666666667
72.85416666666667,47.8125,708.5833333333334,34.7875,11.191666666666668,82.04166666666667,1.14,12.208333333333334,1.1958333333333333,2024,8,15,3,152.75,109.91666666666669,80.5,130.51388888888889,125.04166666666669,76.29166666666667,104.95833333333331
42.55416666666667,29.7125,512.7083333333334,22.541666666666668,8.779166666666667,82.70833333333333,0.8004166666666667,1.2083333333333333,0.9375,2024,8,16,4,128.875,152.75,109.91666666666669,135.55555555555557,76.29166666666667,104.95833333333331,107.45833333333331
40.09583333333333,27.979166666666668,514.8333333333334,21.89583333333333,9.625,76.45833333333333,0.4966666666666666,1.25,1.85625,2024,8,17,5,125.04166666666669,128.875,152.75,110.06944444444446,104.95833333333331,107.45833333333331,114.58333333333331
56.8875,38.02916666666667,588.4583333333334,28.29583333333333,14.1,87.08333333333333,0.6258333333333334,7.5,1.6333333333333335,2024,8,18,6,76.29166666666667,125.04166666666669,128.875,102.09722222222223,107.45833333333331,114.58333333333331,116.54166666666669
54.18333333333334,33.5375,595.5833333333334,28.370833333333334,11.754166666666668,78.625,0.6266666666666666,19.291666666666668,1.6020833333333335,2024,8,19,0,104.95833333333331,76.29166666666667,125.04166666666669,96.2361111111111,114.58333333333331,116.54166666666669,121.04166666666669
57.85833333333333,35.94166666666667,573.5833333333334,24.98333333333333,11.345833333333331,102.41666666666669,0.6854166666666667,21.291666666666668,1.44375,2024,8,20,1,107.45833333333331,104.95833333333331,76.29166666666667,108.99999999999999,116.54166666666669,121.04166666666669,127.75
60.25416666666666,36.85833333333333,599.6666666666666,26.854166666666668,13.7375,99.70833333333331,0.6029166666666667,22.791666666666668,1.8375,2024,8,21,2,114.58333333333331,107.45833333333331,104.95833333333331,112.8611111111111,121.04166666666669,127.75,157.66666666666666
71.02083333333333,40.075,698.375,33.44583333333333,17.004166666666666,99.83333333333331,0.5525,38.875,1.8541666666666667,2024,8,22,3,116.54166666666669,114.58333333333331,107.45833333333331,117.3888888888889,127.75,157.66666666666666,158.875
91.38333333333333,50.10416666666666,745.75,37.09583333333333,15.266666666666666,106.875,0.7704166666666666,53.208333333333336,1.68125,2024,8,23,4,121.04166666666669,116.54166666666669,114.58333333333331,121.77777777777779,157.66666666666666,158.875,156.66666666666666
96.475,56.0375,777.4166666666666,38.00416666666667,15.254166666666668,116.125,0.86375,40.958333333333336,1.5479166666666666,2024,8,24,5,127.75,121.04166666666669,116.54166666666669,135.48611111111111,158.875,156.66666666666666,113.66666666666669
92.97083333333336,56.208333333333336,803.7916666666666,33.375,12.5125,107.125,0.7354166666666666,27.166666666666668,1.6520833333333331,2024,8,25,6,157.66666666666666,127.75,121.04166666666669,148.0972222222222,156.66666666666666,113.66666666666669,74.45833333333333
78.05833333333332,50.95416666666667,807.0,37.2,13.491666666666667,108.375,0.5179166666666667,11.583333333333334,1.8333333333333333,2024,8,26,0,158.875,157.66666666666666,127.75,157.7361111111111,113.66666666666669,74.45833333333333,71.54166666666667
41.4875,28.433333333333334,498.125,20.241666666666667,10.783333333333331,84.91666666666667,0.4408333333333333,1.9583333333333333,2.083333333333333,2024,8,27,1,156.66666666666666,158.875,157.66666666666666,143.06944444444446,74.45833333333333,71.54166666666667,82.58333333333333
27.97083333333333,19.554166666666667,429.1666666666667,18.375,7.966666666666666,81.79166666666667,0.4675,0.0,1.6708333333333334,2024,8,28,2,113.66666666666669,156.66666666666666,158.875,114.93055555555556,71.54166666666667,82.58333333333333,97.08333333333331
33.87083333333333,23.33333333333333,442.0416666666667,18.42083333333333,8.504166666666666,73.70833333333333,0.4970833333333333,2.083333333333333,1.3583333333333334,2024,8,29,3,74.45833333333333,113.66666666666669,156.66666666666666,86.55555555555556,82.58333333333333,97.08333333333331,110.25
41.266666666666666,27.604166666666668,372.2083333333333,15.304166666666667,12.554166666666667,87.125,0.4845833333333333,6.291666666666667,1.4729166666666669,2024,8,30,4,71.54166666666667,74.45833333333333,113.66666666666669,76.19444444444444,97.08333333333331,110.25,140.0
49.65416666666667,33.40416666666667,587.2916666666666,29.13333333333333,12.8625,85.75,0.44125,6.166666666666667,1.9854166666666664,2024,8,31,5,82.58333333333333,71.54166666666667,74.45833333333333,83.7361111111111,110.25,140.0,123.41666666666669
60.94583333333333,40.55833333333333,845.625,39.0125,13.3,96.0,0.3325,8.25,2.0395833333333333,2024,9,1,6,97.08333333333331,82.58333333333333,71.54166666666667,96.63888888888887,140.0,123.41666666666669,127.08333333333331
68.3375,45.68333333333334,778.75,31.64583333333333,12.054166666666667,102.5,0.7904166666666667,6.75,1.5333333333333332,2024,9,2,0,110.25,97.08333333333331,82.58333333333333,115.77777777777777,123.41666666666669,127.08333333333331,133.70833333333334
56.975,39.32083333333333,506.8333333333333,19.1,12.654166666666669,107.54166666666669,1.2233333333333334,1.4166666666666667,0.9770833333333332,2024,9,3,1,140.0,110.25,97.08333333333331,124.55555555555556,127.08333333333331,133.70833333333334,117.75
58.23333333333333,40.32083333333333,628.0,25.854166666666668,13.6,109.45833333333331,0.6737500000000001,0.5,1.59375,2024,9,4,2,123.41666666666669,140.0,110.25,130.16666666666666,133.70833333333334,117.75,97.0
62.65833333333333,43.45,637.375,23.52916666666667,16.3,119.875,0.7925,0.5,1.3541666666666667,2024,9,5,3,127.08333333333331,123.41666666666669,140.0,128.06944444444446,117.75,97.0,106.875
41.41666666666666,28.8,458.4166666666667,15.35,8.75,112.75,0.6687500000000001,0.5833333333333334,1.3875,2024,9,6,4,133.70833333333334,127.08333333333331,123.41666666666669,126.18055555555554,97.0,106.875,127.75
43.76666666666667,30.58333333333333,671.6666666666666,28.52083333333333,10.216666666666669,96.08333333333331,0.5650000000000001,0.0,1.4583333333333333,2024,9,7,5,117.75,133.70833333333334,127.08333333333331,116.15277777777779,106.875,127.75,141.875
46.8,32.737500000000004,822.4583333333334,39.37083333333333,10.445833333333333,88.79166666666667,0.3733333333333333,0.0,1.71875,2024,9,8,6,97.0,117.75,133.70833333333334,107.20833333333333,127.75,141.875,145.0
78.6375,52.32083333333333,924.5,37.93333333333333,12.575,99.375,0.53625,6.083333333333333,1.58125,2024,9,9,0,106.875,97.0,117.75,110.54166666666667,141.875,145.0,139.875
79.35833333333333,51.87083333333334,857.5833333333334,35.0875,12.470833333333331,94.33333333333331,0.7558333333333334,8.5,1.5416666666666667,2024,9,10,1,127.75,106.875,97.0,125.5,145.0,139.875,150.83333333333334
68.10000000000001,46.49583333333334,880.4166666666666,41.425,11.954166666666666,88.54166666666667,0.5175,2.4166666666666665,1.5458333333333334,2024,9,11,2,141.875,127.75,106.875,138.20833333333334,139.875,150.83333333333334,133.45833333333334
85.02916666666667,55.52916666666667,937.7083333333334,38.6,13.025,113.54166666666669,0.4591666666666666,8.208333333333334,1.8,2024,9,12,3,145.0,141.875,127.75,142.25,150.83333333333334,133.45833333333334,154.91666666666666
70.17083333333333,43.87083333333334,652.875,21.5625,15.925,123.41666666666669,0.6974999999999999,13.166666666666666,1.45625,2024,9,13,4,139.875,145.0,141.875,145.23611111111111,133.45833333333334,154.91666666666666,166.58333333333334
105.975,49.46666666666667,711.9166666666666,29.379166666666663,14.445833333333333,113.125,0.6970833333333334,96.08333333333331,1.5583333333333331,2024,9,14,5,150.83333333333334,139.875,145.0,141.38888888888889,154.91666666666666,166.58333333333334,167.29166666666666
143.7875,68.81666666666666,1102.0,47.18333333333334,17.175,95.79166666666669,0.6570833333333334,120.5,1.4229166666666666,2024,9,15,6,133.45833333333334,150.83333333333334,139.875,146.4027777777778,166.58333333333334,167.29166666666666,167.375
180.6875,85.825,1624.5416666666667,66.96666666666667,20.829166666666666,90.29166666666669,0.5466666666666667,152.91666666666666,1.5604166666666668,2024,9,16,0,154.91666666666666,133.45833333333334,150.83333333333334,151.65277777777777,167.29166666666666,167.375,147.04166666666666
157.76250000000002,79.925,1454.0833333333333,61.8625,18.15,86.875,0.5504166666666667,109.75,1.4249999999999998,2024,9,17,1,166.58333333333334,154.91666666666666,133.45833333333334,162.93055555555554,167.375,147.04166666666666,103.29166666666669
125.32916666666668,67.75,1097.1666666666667,47.6375,15.908333333333331,99.54166666666669,0.5833333333333334,68.16666666666667,1.48125,2024,9,18,2,167.29166666666666,166.58333333333334,154.91666666666666,167.08333333333334,147.04166666666666,103.29166666666669,150.70833333333334
62.7375,39.22083333333333,714.25,34.85,9.341666666666669,45.79166666666666,0.3558333333333333,13.333333333333334,0.7583333333333333,2024,9,19,3,167.375,167.29166666666666,166.58333333333334,160.56944444444443,103.29166666666669,150.70833333333334,159.125
63.55,43.583333333333336,880.5,40.525,14.895833333333334,88.375,0.28625,1.9583333333333333,1.8520833333333333,2024,9,20,4,147.04166666666666,167.375,167.29166666666666,139.23611111111111,150.70833333333334,159.125,163.16666666666666
85.03750000000001,57.80416666666667,1187.25,54.32916666666667,19.1875,99.83333333333331,0.5016666666666666,1.5416666666666667,1.4020833333333331,2024,9,21,5,103.29166666666669,147.04166666666666,167.375,133.68055555555557,159.125,163.16666666666666,166.875
93.9375,63.75,1265.6666666666667,58.92916666666667,18.679166666666667,99.91666666666669,0.5775,1.7916666666666667,1.4979166666666668,2024,9,22,6,150.70833333333334,103.29166666666669,147.04166666666666,137.70833333333334,163.16666666666666,166.875,156.5
98.87916666666666,66.90416666666667,1203.0416666666667,50.6875,19.175,106.08333333333331,0.6066666666666667,2.0416666666666665,1.4458333333333335,2024,9,23,0,159.125,150.70833333333334,103.29166666666669,157.66666666666666,166.875,156.5,155.625
103.37083333333334,70.6125,1483.2916666666667,65.17083333333333,20.891666666666666,103.25,0.52625,2.0416666666666665,1.4916666666666665,2024,9,24,1,163.16666666666666,159.125,150.70833333333334,163.05555555555554,156.5,155.625,116.79166666666669
97.22083333333336,66.42083333333333,1256.5,49.57916666666667,13.791666666666666,93.79166666666669,0.6804166666666666,1.4583333333333333,1.3791666666666669,2024,9,25,2,166.875,163.16666666666666,159.125,162.18055555555554,155.625,116.79166666666669,105.125
85.01666666666667,56.39166666666667,689.0833333333334,26.4875,10.433333333333334,90.79166666666669,1.455833333333333,4.708333333333333,0.5416666666666666,2024,9,26,3,156.5,166.875,163.16666666666666,159.66666666666666,116.79166666666669,105.125,118.41666666666669
51.3625,35.270833333333336,604.7916666666666,24.54583333333333,10.916666666666666,87.875,0.9170833333333334,1.125,0.725,2024,9,27,4,155.625,156.5,166.875,142.97222222222223,105.125,118.41666666666669,150.83333333333334
52.82083333333333,36.3625,886.375,38.6625,13.541666666666666,86.0,0.7070833333333333,1.875,0.9020833333333332,2024,9,28,5,116.79166666666669,155.625,156.5,125.84722222222223,118.41666666666669,150.83333333333334,137.83333333333334
68.66250000000001,46.1875,1186.5833333333333,51.71666666666667,16.108333333333334,83.29166666666667,0.4604166666666667,5.25,1.3791666666666669,2024,9,29,6,105.125,116.79166666666669,155.625,113.44444444444446,150.83333333333334,137.83333333333334,163.125
100.45416666666668,65.29583333333333,1292.875,54.74583333333334,16.325,86.75,0.53875,12.833333333333334,1.4354166666666666,2024,9,30,0,118.41666666666669,105.125,116.79166666666669,124.79166666666667,137.83333333333334,163.125,170.125
95.775,55.3625,1066.2916666666667,45.145833333333336,11.695833333333333,80.66666666666667,0.3825,36.66666666666666,1.55,2024,10,1,1,150.83333333333334,118.41666666666669,105.125,135.69444444444446,163.125,170.125,159.29166666666666
142.84583333333333,79.825,1544.375,65.17916666666666,20.7,92.16666666666669,0.3875,59.583333333333336,1.5020833333333332,2024,10,2,2,137.83333333333334,150.83333333333334,118.41666666666669,150.59722222222223,170.125,159.29166666666666,157.95833333333334
144.54583333333332,82.3125,1481.9583333333333,68.58333333333333,24.15833333333333,94.95833333333331,0.3945833333333333,50.04166666666666,1.4895833333333333,2024,10,3,3,163.125,137.83333333333334,150.83333333333334,157.0277777777778,159.29166666666666,157.95833333333334,154.91666666666666
114.45833333333331,68.03333333333333,1108.8333333333333,47.55,15.379166666666668,94.79166666666669,0.4370833333333333,24.875,1.40625,2024,10,4,4,170.125,163.125,137.83333333333334,164.18055555555554,157.95833333333334,154.91666666666666,152.08333333333334
109.92916666666667,66.17916666666666,1042.4583333333333,43.49583333333333,12.579166666666666,85.875,0.55875,19.0,1.3166666666666669,2024,10,5,5,159.29166666666666,170.125,163.125,162.45833333333334,154.91666666666666,152.08333333333334,157.41666666666666
95.5,57.57916666666667,861.8333333333334,36.225,13.154166666666669,87.54166666666667,0.5725,15.708333333333334,1.21875,2024,10,6,6,157.95833333333334,159.29166666666666,170.125,157.38888888888889,152.08333333333334,157.41666666666666,126.58333333333331
95.5375,58.9,1206.7916666666667,53.55416666666667,19.6875,89.54166666666667,0.3454166666666666,17.916666666666668,1.43125,2024,10,7,0,154.91666666666666,157.95833333333334,159.29166666666666,154.98611111111111,157.41666666666666,126.58333333333331,99.70833333333331
108.54583333333332,66.36666666666666,1231.4166666666667,52.35416666666666,21.441666666666663,92.25,0.5825,23.20833333333333,1.0,2024,10,8,1,152.08333333333334,154.91666666666666,157.95833333333334,154.80555555555554,126.58333333333331,99.70833333333331,112.41666666666669
57.0,33.708333333333336,636.5,28.55,11.283333333333331,77.875,0.2312499999999999,20.541666666666668,1.4229166666666666,2024,10,9,2,157.41666666666666,152.08333333333334,154.91666666666666,145.36111111111111,99.70833333333331,112.41666666666669,142.33333333333334
61.2,37.391666666666666,811.25,33.6,9.929166666666667,71.95833333333333,0.1775,18.25,1.4354166666666668,2024,10,10,3,126.58333333333331,157.41666666666666,152.08333333333334,127.90277777777776,112.41666666666669,142.33333333333334,155.5
70.50833333333334,45.30416666666667,1118.375,48.875,11.658333333333331,67.83333333333333,0.1645833333333333,13.125,1.3916666666666666,2024,10,11,4,99.70833333333331,126.58333333333331,157.41666666666666,112.90277777777777,142.33333333333334,155.5,152.5
95.0125,61.09166666666667,1542.7916666666667,72.02916666666667,16.616666666666667,67.45833333333333,0.2016666666666666,16.75,1.33125,2024,10,12,5,112.41666666666669,99.70833333333331,126.58333333333331,118.15277777777779,155.5,152.5,144.04166666666666
96.36666666666667,63.5375,1660.625,72.875,20.816666666666663,74.45833333333333,0.2454166666666667,10.458333333333334,1.3333333333333333,2024,10,13,6,142.33333333333334,112.41666666666669,99.70833333333331,136.75,152.5,144.04166666666666,156.25
87.77499999999999,57.42083333333333,1384.9583333333333,58.05833333333334,18.14583333333333,75.75,0.3016666666666667,9.458333333333334,1.29375,2024,10,14,0,155.5,142.33333333333334,112.41666666666669,150.11111111111111,144.04166666666666,156.25,139.33333333333334
85.42083333333333,56.3375,1131.9166666666667,47.80833333333334,15.533333333333331,81.5,0.3083333333333333,7.25,1.3,2024,10,15,1,152.5,155.5,142.33333333333334,150.68055555555554,156.25,139.33333333333334,151.04166666666666
95.0375,64.08333333333333,1409.7083333333333,58.13333333333333,19.5125,80.0,0.2916666666666667,4.458333333333333,1.275,2024,10,16,2,144.04166666666666,152.5,155.5,150.93055555555554,139.33333333333334,151.04166666666666,158.75
80.89166666666667,53.67916666666667,902.5416666666666,36.0,14.116666666666667,84.16666666666667,0.4045833333333333,4.5,1.2625,2024,10,17,3,156.25,144.04166666666666,152.5,146.54166666666666,151.04166666666666,158.75,169.41666666666666
95.65833333333336,60.41666666666666,898.1666666666666,37.704166666666666,13.775,84.79166666666667,0.5495833333333333,15.041666666666666,1.1395833333333334,2024,10,18,4,139.33333333333334,156.25,144.04166666666666,148.875,158.75,169.41666666666666,165.83333333333334
130.67083333333332,82.5125,1102.8333333333333,46.68333333333334,19.979166666666668,91.20833333333331,0.62375,13.083333333333334,1.0333333333333334,2024,10,19,5,151.04166666666666,139.33333333333334,156.25,149.70833333333334,169.41666666666666,165.83333333333334,170.45833333333334
145.20416666666668,92.2625,1320.2083333333333,53.84166666666667,19.370833333333334,88.70833333333333,0.7370833333333334,10.333333333333334,0.96875,2024,10,20,6,158.75,151.04166666666666,139.33333333333334,159.7361111111111,165.83333333333334,170.45833333333334,181.25
134.08333333333334,84.85416666666667,1350.9166666666667,53.14166666666667,19.666666666666668,91.0,0.8516666666666667,12.5,0.9125,2024,10,21,0,169.41666666666666,158.75,151.04166666666666,164.66666666666666,170.45833333333334,181.25,164.66666666666666
164.25833333333335,101.8375,1476.2083333333333,52.7,20.058333333333334,92.625,0.9633333333333334,18.125,0.8729166666666667,2024,10,22,1,165.83333333333334,169.41666666666666,158.75,168.56944444444446,181.25,164.66666666666666,152.83333333333334
172.5666666666667,105.27916666666664,1386.6666666666667,43.85833333333333,22.016666666666666,83.54166666666667,1.0208333333333333,19.875,0.75625,2024,10,23,2,170.45833333333334,165.83333333333334,169.41666666666666,172.5138888888889,164.66666666666666,152.83333333333334,127.58333333333331
131.27083333333334,77.16666666666667,892.0416666666666,33.416666666666664,15.191666666666668,82.91666666666667,0.6595833333333333,19.83333333333333,0.9291666666666668,2024,10,24,3,181.25,170.45833333333334,165.83333333333334,172.125,152.83333333333334,127.58333333333331,161.79166666666666
76.3125,46.725,856.0,34.829166666666666,11.166666666666666,76.41666666666667,0.20125,15.375,1.24375,2024,10,25,4,164.66666666666666,181.25,170.45833333333334,166.25,127.58333333333331,161.79166666666666,164.75
92.88333333333333,58.35,1907.2916666666667,48.6875,13.195833333333333,79.125,0.2575,17.625,1.2083333333333333,2024,10,26,5,152.83333333333334,164.66666666666666,181.25,148.3611111111111,161.79166666666666,164.75,163.5
139.95416666666668,89.37083333333334,1359.1666666666667,61.645833333333336,18.620833333333334,79.58333333333333,0.50125,19.291666666666668,1.0083333333333333,2024,10,27,6,127.58333333333331,152.83333333333334,164.66666666666666,147.40277777777777,164.75,163.5,158.08333333333334
138.20833333333334,78.14583333333333,1005.8333333333334,37.833333333333336,14.4875,89.5,0.6191666666666666,45.875,0.95625,2024,10,28,0,161.79166666666666,127.58333333333331,152.83333333333334,151.375,163.5,158.08333333333334,144.33333333333334
147.15833333333333,78.95,856.4166666666666,24.14583333333333,18.091666666666665,112.20833333333331,0.6979166666666666,46.875,0.8666666666666667,2024,10,29,1,164.75,161.79166666666666,127.58333333333331,163.3472222222222,158.08333333333334,144.33333333333334,118.83333333333331
107.8375,60.6625,829.8333333333334,31.379166666666663,12.929166666666667,75.33333333333333,0.5920833333333334,31.916666666666668,0.875,2024,10,30,2,163.5,164.75,161.79166666666666,162.11111111111111,144.33333333333334,118.83333333333331,152.41666666666666
79.13333333333334,48.175,873.0,27.375,11.608333333333334,80.08333333333333,0.3066666666666667,13.125,1.0916666666666666,2024,10,31,3,158.08333333333334,163.5,164.75,155.30555555555557,118.83333333333331,152.41666666666666,172.875
67.22083333333333,45.025,1849.4166666666667,40.21666666666667,10.6125,64.16666666666667,0.1379166666666666,4.083333333333333,1.1604166666666669,2024,11,1,4,144.33333333333334,158.08333333333334,163.5,140.41666666666666,152.41666666666666,172.875,182.0
142.33333333333334,93.92916666666667,1752.8333333333333,72.28333333333333,21.254166666666663,73.25,0.36625,10.083333333333334,1.0041666666666669,2024,11,2,5,118.83333333333331,144.33333333333334,158.08333333333334,138.52777777777774,172.875,182.0,186.375
152.9125,99.10833333333332,2044.375,52.025,19.570833333333333,73.66666666666667,0.5650000000000001,13.208333333333334,0.94375,2024,11,3,6,152.41666666666666,118.83333333333331,144.33333333333334,148.04166666666666,182.0,186.375,184.41666666666663
203.39583333333331,129.36666666666667,2114.6666666666665,73.41666666666667,23.695833333333336,70.125,0.6979166666666666,22.25,0.8291666666666666,2024,11,4,0,172.875,152.41666666666666,118.83333333333331,169.0972222222222,186.375,184.41666666666663,201.625
189.975,120.67916666666667,1484.5,56.63333333333333,20.2125,82.04166666666667,0.92,17.666666666666668,0.7229166666666668,2024,11,5,1,182.0,172.875,152.41666666666666,180.41666666666666,184.41666666666663,201.625,192.75
216.5125,136.3125,2231.833333333333,63.225,25.558333333333334,84.66666666666667,1.0466666666666666,24.375,0.6729166666666666,2024,11,6,2,186.375,182.0,172.875,184.26388888888889,201.625,192.75,196.66666666666663
236.3375,149.99583333333334,1844.75,58.56666666666666,24.46666666666667,87.08333333333333,1.3295833333333331,22.0,0.55625,2024,11,7,3,184.41666666666663,186.375,182.0,190.80555555555554,192.75,196.66666666666663,193.25
214.025,136.4375,1472.875,45.29166666666666,22.25,92.08333333333331,1.4020833333333331,17.541666666666668,0.5229166666666667,2024,11,8,4,201.625,184.41666666666663,186.375,192.93055555555554,196.66666666666663,193.25,203.83333333333331
219.0625,140.50416666666666,1541.0416666666667,45.22916666666666,20.59583333333333,81.16666666666667,1.5170833333333331,17.791666666666668,0.5104166666666666,2024,11,9,5,192.75,201.625,184.41666666666663,197.01388888888889,193.25,203.83333333333331,186.66666666666663
233.10416666666663,146.98749999999998,1378.8333333333333,52.00416666666666,21.73333333333333,73.08333333333333,1.725833333333333,19.45833333333333,0.4916666666666667,2024,11,10,6,196.66666666666663,192.75,201.625,194.2222222222222,203.83333333333331,186.66666666666663,221.95833333333331
219.85,138.27916666666667,1028.3333333333333,38.725,18.225,78.04166666666667,2.27,15.666666666666666,0.3145833333333333,2024,11,11,0,193.25,196.66666666666663,192.75,197.91666666666666,186.66666666666663,221.95833333333331,326.25
190.72083333333333,136.51666666666668,1790.5416666666667,44.1,18.991666666666667,70.20833333333333,1.8291666666666664,18.33333333333333,0.425,2024,11,12,1,203.83333333333331,193.25,196.66666666666663,194.58333333333334,221.95833333333331,326.25,299.625
245.00833333333333,225.72916666666663,1709.5833333333333,64.925,26.308333333333334,76.33333333333333,1.9016666666666664,35.875,0.3854166666666667,2024,11,13,2,186.66666666666663,203.83333333333331,193.25,204.15277777777774,326.25,299.625,253.125
297.5541666666667,279.725,1289.625,66.4375,25.71666666666667,76.95833333333333,2.005,33.791666666666664,0.3854166666666667,2024,11,14,3,221.95833333333331,186.66666666666663,203.83333333333331,244.9583333333333,299.625,253.125,191.125
238.64166666666665,225.90833333333333,1356.4166666666667,56.26666666666667,27.041666666666668,76.20833333333333,1.5570833333333332,23.75,0.4125,2024,11,15,4,326.25,221.95833333333331,186.66666666666663,282.6111111111111,253.125,191.125,156.75
179.03333333333333,170.37083333333334,1256.875,45.85,21.775,76.08333333333333,1.51,15.958333333333334,0.3395833333333333,2024,11,16,5,299.625,326.25,221.95833333333331,293.0,191.125,156.75,156.25
98.62083333333334,92.50833333333333,1144.125,45.04166666666666,14.654166666666669,59.083333333333336,0.475,11.125,0.6770833333333334,2024,11,17,6,253.125,299.625,326.25,247.95833333333334,156.75,156.25,160.58333333333334
60.05,58.57083333333333,1417.2083333333333,47.75416666666666,14.345833333333331,58.625,0.2216666666666666,2.6666666666666665,0.78125,2024,11,18,0,191.125,253.125,299.625,200.33333333333334,156.25,160.58333333333334,178.70833333333334
76.12083333333334,74.82083333333334,1508.5,65.65416666666667,17.162499999999998,54.208333333333336,0.2729166666666666,2.0416666666666665,0.7687499999999999,2024,11,19,1,156.75,191.125,253.125,168.04166666666666,160.58333333333334,178.70833333333334,196.66666666666663
84.675,82.74583333333334,2052.0,67.79583333333333,17.820833333333333,57.208333333333336,0.2391666666666666,2.5,0.8333333333333334,2024,11,20,2,156.25,156.75,191.125,157.86111111111111,178.70833333333334,196.66666666666663,190.75
133.4625,130.87916666666666,2426.875,88.49166666666667,31.291666666666668,57.29166666666666,0.3970833333333333,4.583333333333333,0.71875,2024,11,21,3,160.58333333333334,156.25,156.75,165.18055555555557,196.66666666666663,190.75,166.125
153.67083333333332,150.33333333333334,1478.5,79.2625,31.229166666666668,57.625,0.6025,6.166666666666667,0.6708333333333334,2024,11,22,4,178.70833333333334,160.58333333333334,156.25,178.65277777777774,190.75,166.125,169.66666666666666
116.94166666666666,113.26666666666668,857.625,38.0875,19.079166666666666,75.79166666666667,0.8870833333333333,6.666666666666667,0.5083333333333333,2024,11,23,5,196.66666666666663,178.70833333333334,160.58333333333334,188.70833333333334,166.125,169.66666666666666,157.45833333333334
88.12083333333334,81.45,602.6666666666666,33.75833333333333,14.579166666666666,78.125,0.8383333333333334,12.291666666666666,0.5708333333333334,2024,11,24,6,190.75,196.66666666666663,178.70833333333334,184.51388888888889,169.66666666666666,157.45833333333334,164.5
86.90416666666665,80.74583333333334,1089.1666666666667,40.79583333333333,14.625,62.79166666666666,0.3666666666666667,11.291666666666666,0.6520833333333333,2024,11,25,0,166.125,190.75,196.66666666666663,175.51388888888889,157.45833333333334,164.5,191.5
73.95416666666667,70.97916666666667,1468.4166666666667,48.575,15.445833333333333,67.79166666666667,0.2029166666666666,5.5,0.69375,2024,11,26,1,169.66666666666666,166.125,190.75,164.41666666666666,164.5,191.5,185.04166666666663
112.53333333333336,107.75,1988.2916666666667,65.58333333333333,23.47083333333333,63.41666666666666,0.3775,8.458333333333334,0.5916666666666667,2024,11,27,2,157.45833333333334,169.66666666666666,166.125,163.875,191.5,185.04166666666663,173.54166666666666
146.00833333333333,140.57916666666668,2515.375,79.875,33.204166666666666,60.54166666666666,0.5941666666666666,10.041666666666666,0.55625,2024,11,28,3,164.5,157.45833333333334,169.66666666666666,171.1527777777778,185.04166666666663,173.54166666666666,151.70833333333334
120.51666666666668,116.5375,1959.3333333333333,63.65833333333333,30.291666666666668,78.58333333333333,0.7854166666666668,7.125,0.5041666666666667,2024,11,29,4,191.5,164.5,157.45833333333334,180.3472222222222,173.54166666666666,151.70833333333334,157.25
74.22083333333333,70.09583333333333,1129.0,43.54166666666666,20.991666666666667,76.125,0.5316666666666666,7.5,0.5479166666666667,2024,11,30,5,185.04166666666663,191.5,164.5,183.3611111111111,151.70833333333334,157.25,152.08333333333334
71.5125,67.56666666666666,1461.1666666666667,51.56666666666666,22.17083333333333,69.58333333333333,0.2145833333333333,5.25,0.6541666666666667,2024,12,1,6,173.54166666666666,185.04166666666663,191.5,170.0972222222222,157.25,152.08333333333334,119.54166666666669
68.70416666666667,58.12083333333334,846.625,47.125,19.933333333333334,65.66666666666667,0.3308333333333333,18.916666666666668,0.5833333333333334,2024,12,2,0,151.70833333333334,173.54166666666666,185.04166666666663,160.83333333333334,152.08333333333334,119.54166666666669,112.625
64.64166666666667,56.225,1027.5,39.54166666666666,17.654166666666665,62.625,0.33125,14.291666666666666,0.5791666666666667,2024,12,3,1,157.25,151.70833333333334,173.54166666666666,153.68055555555557,119.54166666666669,112.625,158.66666666666666
39.7375,36.55833333333333,856.375,32.229166666666664,13.870833333333332,63.875,0.10375,5.208333333333333,0.69375,2024,12,4,2,152.08333333333334,157.25,151.70833333333334,142.95833333333334,112.625,158.66666666666666,156.75
54.35416666666666,51.84166666666667,1521.5416666666667,46.04166666666666,15.925,54.25,0.095,1.7916666666666667,0.7145833333333332,2024,12,5,3,119.54166666666669,152.08333333333334,157.25,128.08333333333334,158.66666666666666,156.75,160.375
77.83749999999999,74.8875,1421.4583333333333,59.7125,23.34583333333333,59.79166666666666,0.1420833333333333,1.5833333333333333,0.6770833333333334,2024,12,6,4,112.625,119.54166666666669,152.08333333333334,130.2777777777778,156.75,160.375,170.20833333333334
81.60833333333333,78.68333333333334,1610.5416666666667,64.75833333333334,22.041666666666668,61.66666666666666,0.1816666666666666,0.5833333333333334,0.5958333333333333,2024,12,7,5,158.66666666666666,112.625,119.54166666666669,142.68055555555554,160.375,170.20833333333334,171.54166666666666
68.89166666666667,68.02499999999999,973.8333333333334,34.525,20.308333333333334,72.20833333333333,0.4841666666666666,0.75,0.375,2024,12,8,6,156.75,158.66666666666666,112.625,158.5972222222222,170.20833333333334,171.54166666666666,152.16666666666666
118.01666666666668,116.38333333333333,1018.9166666666666,60.04583333333333,33.204166666666666,59.25,0.4654166666666666,1.75,0.4604166666666667,2024,12,9,0,160.375,156.75,158.66666666666666,162.44444444444446,171.54166666666666,152.16666666666666,172.16666666666666
70.22500000000001,68.66250000000001,1197.2083333333333,48.075,20.616666666666667,53.41666666666666,0.17625,0.625,0.5625,2024,12,10,1,170.20833333333334,160.375,156.75,167.375,152.16666666666666,172.16666666666666,161.04166666666666
69.85416666666667,68.20416666666667,1341.2916666666667,47.17083333333333,20.754166666666663,63.54166666666666,0.22875,0.2916666666666667,0.5833333333333334,2024,12,11,2,171.54166666666666,170.20833333333334,160.375,164.63888888888889,172.16666666666666,161.04166666666666,122.20833333333331
109.37083333333334,107.175,1703.125,61.14166666666667,32.541666666666664,62.625,0.3654166666666666,1.0416666666666667,0.4854166666666666,2024,12,12,3,152.16666666666666,171.54166666666666,170.20833333333334,165.29166666666666,161.04166666666666,122.20833333333331,161.5
52.73333333333333,50.4875,877.5416666666666,26.679166666666664,18.0875,78.79166666666667,0.1475,2.2916666666666665,0.6,2024,12,13,4,172.16666666666666,152.16666666666666,171.54166666666666,161.79166666666666,122.20833333333331,161.5,189.33333333333331
60.05833333333334,57.95,1458.2916666666667,38.75833333333333,17.783333333333335,70.04166666666667,0.1320833333333333,2.0,0.6291666666666667,2024,12,14,5,161.04166666666666,172.16666666666666,152.16666666666666,151.80555555555554,161.5,189.33333333333331,210.25
105.79583333333332,101.99166666666667,2300.1666666666665,65.14166666666667,29.554166666666664,56.625,0.17875,0.7916666666666666,0.5791666666666667,2024,12,15,6,122.20833333333331,161.04166666666666,172.16666666666666,148.25,189.33333333333331,210.25,199.91666666666663
149.14166666666668,144.51250000000002,2503.708333333333,82.37083333333334,43.575,70.0,0.26375,3.375,0.61875,2024,12,16,0,161.5,122.20833333333331,161.04166666666666,157.68055555555554,210.25,199.91666666666663,210.33333333333331
167.0625,162.125,1713.0416666666667,98.76666666666668,50.725,73.08333333333333,0.3479166666666666,3.9166666666666665,0.5354166666666667,2024,12,17,1,189.33333333333331,161.5,122.20833333333331,187.02777777777774,199.91666666666663,210.33333333333331,240.83333333333331
153.74166666666667,150.77916666666667,2036.8333333333333,73.60833333333333,37.145833333333336,69.25,0.3991666666666666,2.5,0.4854166666666666,2024,12,18,2,210.25,189.33333333333331,161.5,199.83333333333334,210.33333333333331,240.83333333333331,213.04166666666663
178.39166666666665,174.47083333333333,1870.625,78.82916666666667,42.82083333333333,68.41666666666667,0.6829166666666667,2.6666666666666665,0.425,2024,12,19,3,199.91666666666663,210.25,189.33333333333331,206.83333333333334,240.83333333333331,213.04166666666663,267.75
186.39166666666665,183.85,1510.8333333333333,56.95,32.108333333333334,66.95833333333333,1.0320833333333332,3.583333333333333,0.3374999999999999,2024,12,20,4,210.33333333333331,199.91666666666663,210.25,217.02777777777774,213.04166666666663,267.75,236.41666666666663
184.45,181.90833333333333,2247.5416666666665,67.0625,37.02916666666667,79.875,0.8304166666666667,4.458333333333333,0.3833333333333333,2024,12,21,5,240.83333333333331,210.33333333333331,199.91666666666663,221.40277777777774,267.75,236.41666666666663,208.04166666666663
223.1291666666667,220.7458333333333,2874.583333333333,83.575,52.1375,75.29166666666667,0.7625000000000001,3.9583333333333335,0.3958333333333333,2024,12,22,6,213.04166666666663,240.83333333333331,210.33333333333331,240.54166666666666,236.41666666666663,208.04166666666663,208.5
161.83333333333334,160.58333333333334,1092.0833333333333,44.145833333333336,27.4125,56.833333333333336,1.2608333333333333,1.875,0.2291666666666666,2024,12,23,0,267.75,213.04166666666663,240.83333333333331,239.06944444444443,208.04166666666663,208.5,198.54166666666663
158.37083333333334,156.75416666666666,1437.7083333333333,56.25416666666667,30.416666666666668,65.58333333333333,0.6587500000000001,2.125,0.4458333333333333,2024,12,24,1,236.41666666666663,267.75,213.04166666666663,237.40277777777774,208.5,198.54166666666663,246.91666666666663
150.98749999999998,148.61249999999998,1519.125,59.87916666666666,28.758333333333336,62.083333333333336,0.5516666666666666,2.6666666666666665,0.5020833333333333,2024,12,25,2,208.04166666666663,236.41666666666663,267.75,217.65277777777774,198.54166666666663,246.91666666666663,186.0
182.8,178.61666666666667,1912.7083333333333,87.02916666666665,45.59583333333333,69.66666666666667,0.5979166666666667,5.583333333333333,0.5020833333333333,2024,12,26,3,208.5,208.04166666666663,236.41666666666663,205.02777777777774,246.91666666666663,186.0,168.45833333333334
176.39583333333334,173.625,1570.125,74.20416666666667,33.80833333333333,49.083333333333336,1.2991666666666666,3.875,0.2770833333333333,2024,12,27,4,198.54166666666663,208.5,208.04166666666663,217.9861111111111,186.0,168.45833333333334,165.20833333333334
94.8875,93.98333333333332,983.25,41.645833333333336,14.454166666666666,51.25,0.8083333333333332,1.2916666666666667,0.4833333333333333,2024,12,28,5,246.91666666666663,198.54166666666663,208.5,210.4861111111111,168.45833333333334,165.20833333333334,222.25
78.75416666666666,78.3125,1263.25,40.43333333333333,16.962500000000002,64.75,0.3591666666666667,0.625,0.63125,2024,12,29,6,186.0,246.91666666666663,198.54166666666663,200.45833333333334,165.20833333333334,222.25,271.0416666666667
123.58333333333331,122.41666666666669,1921.1666666666667,48.9875,23.1875,73.0,0.505,2.0,0.6020833333333333,2024,12,30,0,168.45833333333334,186.0,246.91666666666663,173.22222222222226,222.25,271.0416666666667,247.83333333333331
218.0666666666667,215.50833333333333,2142.7916666666665,75.45,32.1875,67.875,0.85,4.208333333333333,0.4229166666666666,2024,12,31,1,165.20833333333334,168.45833333333334,186.0,185.30555555555557,271.0416666666667,247.83333333333331,256.0
206.85,204.84583333333333,2302.958333333333,67.98333333333333,31.35833333333333,82.04166666666667,0.6654166666666667,3.083333333333333,0.50625,2025,1,1,2,222.25,165.20833333333334,168.45833333333334,219.5,247.83333333333331,256.0,260.8333333333333
207.27083333333331,205.8875,3183.0416666666665,79.0125,37.208333333333336,86.29166666666667,0.57,2.25,0.4791666666666667,2025,1,2,3,271.0416666666667,222.25,165.20833333333334,247.04166666666666,256.0,260.8333333333333,201.91666666666663
212.1916666666667,206.84166666666667,2772.708333333333,102.4875,51.99583333333334,78.91666666666667,0.4370833333333333,9.291666666666666,0.5520833333333334,2025,1,3,4,247.83333333333331,271.0416666666667,222.25,258.2916666666667,260.8333333333333,201.91666666666663,175.33333333333334
186.6625,178.32916666666665,2353.625,80.55416666666666,36.36666666666667,69.95833333333333,0.4658333333333333,15.166666666666666,0.5708333333333333,2025,1,4,5,256.0,247.83333333333331,271.0416666666667,254.88888888888889,201.91666666666663,175.33333333333334,176.20833333333334
133.21666666666667,130.09166666666667,1856.625,42.475,19.45833333333333,62.29166666666666,0.7808333333333333,5.541666666666667,0.4083333333333334,2025,1,5,6,260.8333333333333,256.0,247.83333333333331,239.5833333333333,175.33333333333334,176.20833333333334,162.375
113.75833333333334,112.30416666666667,1014.5416666666666,45.22083333333333,24.475,67.95833333333333,0.9279166666666666,2.5416666666666665,0.4270833333333333,2025,1,6,0,201.91666666666663,260.8333333333333,256.0,212.69444444444443,176.20833333333334,162.375,194.75
85.56666666666666,83.91250000000001,1083.7083333333333,37.44166666666667,17.204166666666666,72.375,0.3941666666666667,2.875,0.6041666666666666,2025,1,7,1,175.33333333333334,201.91666666666663,260.8333333333333,184.4861111111111,162.375,194.75,250.58333333333331
91.025,87.9875,1965.5,54.15416666666667,21.09583333333333,67.04166666666667,0.1845833333333333,0.2083333333333333,0.6979166666666666,2025,1,8,2,176.20833333333334,175.33333333333334,201.91666666666663,171.30555555555557,194.75,250.58333333333331,268.5
181.40833333333333,178.38750000000002,3551.833333333333,92.82916666666668,44.14166666666667,66.375,0.33375,0.0,0.6333333333333333,2025,1,9,3,162.375,176.20833333333334,175.33333333333334,177.77777777777774,250.58333333333331,268.5,207.83333333333331
219.57083333333333,218.4125,2551.208333333333,89.95,39.72916666666666,66.08333333333333,0.6699999999999999,0.2916666666666667,0.5187499999999999,2025,1,10,4,194.75,162.375,176.20833333333334,202.56944444444443,268.5,207.83333333333331,173.83333333333334
214.24166666666667,212.4333333333333,1564.3333333333333,62.10416666666666,29.45833333333333,38.333333333333336,1.184583333333333,3.0,0.2416666666666666,2025,1,11,5,250.58333333333331,194.75,162.375,237.94444444444443,207.83333333333331,173.83333333333334,165.04166666666666
104.07083333333333,101.80833333333334,1619.2083333333333,42.18333333333333,23.7625,66.83333333333333,0.8308333333333334,3.9166666666666665,0.4020833333333333,2025,1,12,6,268.5,250.58333333333331,194.75,242.30555555555554,173.83333333333334,165.04166666666666,217.41666666666663
88.25416666666666,87.57916666666667,1539.7083333333333,49.00833333333333,22.95,71.20833333333333,0.3729166666666666,1.0833333333333333,0.6416666666666667,2025,1,13,0,207.83333333333331,268.5,250.58333333333331,216.7222222222222,165.04166666666666,217.41666666666663,211.95833333333331
113.44166666666666,110.575,2428.25,73.86666666666666,31.225,79.45833333333333,0.2541666666666667,0.4583333333333333,0.6666666666666666,2025,1,14,1,173.83333333333334,207.83333333333331,268.5,182.2361111111111,217.41666666666663,211.95833333333331,197.16666666666663
188.78333333333333,185.60416666666663,2319.958333333333,127.80833333333334,60.41666666666666,67.29166666666667,0.4325,1.1666666666666667,0.56875,2025,1,15,2,165.04166666666666,173.83333333333334,207.83333333333331,185.43055555555554,211.95833333333331,197.16666666666663,192.125
155.09166666666667,152.90833333333333,2307.708333333333,67.7375,32.78333333333333,59.41666666666666,0.9504166666666666,1.875,0.3562499999999999,2025,1,16,3,217.41666666666663,165.04166666666666,173.83333333333334,198.13888888888883,197.16666666666663,192.125,241.79166666666663
126.6,125.35833333333332,1675.4583333333333,43.65833333333333,20.716666666666665,70.58333333333333,0.4575,1.9583333333333333,0.5916666666666667,2025,1,17,4,211.95833333333331,217.41666666666663,165.04166666666666,208.84722222222217,192.125,241.79166666666663,189.25
167.62083333333334,165.98333333333332,2567.375,75.69166666666666,34.42916666666667,57.875,0.4020833333333333,2.875,0.5666666666666667,2025,1,18,5,197.16666666666663,211.95833333333331,217.41666666666663,200.41666666666666,241.79166666666663,189.25,158.29166666666666
183.1291666666667,179.89166666666665,1953.9166666666667,80.33749999999999,39.016666666666666,54.16666666666666,0.7079166666666666,5.75,0.4854166666666666,2025,1,19,6,192.125,197.16666666666663,211.95833333333331,210.3611111111111,189.25,158.29166666666666,157.08333333333334
89.96666666666665,88.7625,1217.5416666666667,30.275,20.08333333333333,93.95833333333331,0.4358333333333333,2.25,0.6729166666666666,2025,1,20,0,241.79166666666663,192.125,197.16666666666663,207.7222222222222,158.29166666666666,157.08333333333334,141.83333333333334
69.64166666666667,68.14583333333333,1031.7083333333333,37.74583333333333,17.258333333333333,68.625,0.2325,2.583333333333333,0.7145833333333335,2025,1,21,1,189.25,241.79166666666663,192.125,196.44444444444443,157.08333333333334,141.83333333333334,148.41666666666666
62.21666666666667,60.895833333333336,1216.0416666666667,36.99166666666667,17.25,76.83333333333333,0.3066666666666667,2.375,0.6604166666666667,2025,1,22,2,158.29166666666666,189.25,241.79166666666663,168.20833333333334,141.83333333333334,148.41666666666666,142.33333333333334
56.62916666666666,54.46666666666667,844.3333333333334,38.99166666666667,16.133333333333333,76.83333333333333,0.3541666666666667,2.6666666666666665,0.6354166666666666,2025,1,23,3,157.08333333333334,158.29166666666666,189.25,152.4027777777778,148.41666666666666,142.33333333333334,164.625
52.11666666666667,50.270833333333336,980.75,34.670833333333334,14.05,69.25,0.1529166666666666,1.6666666666666667,0.7416666666666667,2025,1,24,4,141.83333333333334,157.08333333333334,158.29166666666666,149.11111111111111,142.33333333333334,164.625,178.91666666666666
65.30416666666666,62.68333333333334,1633.3333333333333,42.425,15.070833333333333,67.875,0.1554166666666666,1.2916666666666667,0.7354166666666666,2025,1,25,5,148.41666666666666,141.83333333333334,157.08333333333334,144.19444444444446,164.625,178.91666666666666,178.29166666666666
100.96666666666664,97.575,1982.4583333333333,64.70833333333333,21.35833333333333,73.29166666666667,0.1558333333333333,0.1666666666666666,0.8500000000000001,2025,1,26,6,142.33333333333334,148.41666666666666,141.83333333333334,151.79166666666666,178.91666666666666,178.29166666666666,181.375
120.71666666666664,116.96666666666664,2194.0,70.91250000000001,26.933333333333334,73.16666666666667,0.2029166666666666,0.0,0.8479166666666668,2025,1,27,0,164.625,142.33333333333334,148.41666666666666,161.95833333333334,178.29166666666666,181.375,175.54166666666666
111.65,108.90833333333336,2088.2916666666665,69.41666666666667,27.52083333333333,95.20833333333331,0.2079166666666666,0.375,0.8479166666666668,2025,1,28,1,178.91666666666666,164.625,142.33333333333334,173.94444444444443,181.375,175.54166666666666,178.70833333333334
109.17083333333332,107.84166666666664,1388.7916666666667,43.75,23.379166666666663,86.54166666666667,0.4379166666666667,1.2916666666666667,0.7479166666666667,2025,1,29,2,178.29166666666666,178.91666666666666,164.625,179.52777777777774,175.54166666666666,178.70833333333334,191.08333333333331
110.02916666666664,105.73333333333332,1185.6666666666667,39.44166666666667,25.4875,86.375,0.7362500000000001,7.916666666666667,0.6208333333333333,2025,1,30,3,181.375,178.29166666666666,178.91666666666666,178.40277777777774,178.70833333333334,191.08333333333331,190.66666666666663
131.175,124.99166666666667,1695.25,60.32916666666667,24.379166666666663,72.54166666666667,0.9133333333333334,10.208333333333334,0.58125,2025,1,31,4,175.54166666666666,181.375,178.29166666666666,178.54166666666666,191.08333333333331,190.66666666666663,178.83333333333334
133.65416666666667,129.67916666666667,897.9166666666666,45.75,23.166666666666668,78.16666666666667,0.8720833333333333,7.333333333333333,0.6416666666666667,2025,2,1,5,178.70833333333334,175.54166666666666,181.375,181.7777777777778,190.66666666666663,178.83333333333334,176.75
138.85416666666666,129.20416666666668,1095.4583333333333,45.97916666666666,22.954166666666666,72.29166666666667,0.5912499999999999,17.916666666666668,0.71875,2025,2,2,6,191.08333333333331,178.70833333333334,175.54166666666666,186.81944444444443,178.83333333333334,176.75,193.20833333333331
102.30833333333334,99.22916666666669,1411.9166666666667,52.38333333333333,20.745833333333334,70.75,0.3654166666666666,5.416666666666667,0.8562500000000001,2025,2,3,0,190.66666666666663,191.08333333333331,178.70833333333334,186.8611111111111,176.75,193.20833333333331,183.83333333333331
125.8125,122.69166666666666,1030.4166666666667,62.395833333333336,26.954166666666666,62.5,0.4691666666666667,5.625,0.65,2025,2,4,1,178.83333333333334,190.66666666666663,191.08333333333331,182.08333333333334,193.20833333333331,183.83333333333331,137.95833333333334
137.94166666666666,133.54166666666666,1289.0833333333333,69.0,22.65416666666667,52.54166666666666,0.6666666666666666,7.875,0.5833333333333334,2025,2,5,2,176.75,178.83333333333334,190.66666666666663,182.93055555555557,183.83333333333331,137.95833333333334,126.70833333333331
100.04583333333332,94.99583333333334,1066.8333333333333,42.97916666666666,19.204166666666666,68.58333333333333,0.4491666666666666,9.333333333333334,0.6854166666666667,2025,2,6,3,193.20833333333331,176.75,178.83333333333334,184.5972222222222,137.95833333333334,126.70833333333331,174.95833333333334
43.50416666666666,41.45,770.25,24.445833333333336,12.158333333333331,84.875,0.2154166666666666,3.875,0.8520833333333333,2025,2,7,4,183.83333333333331,193.20833333333331,176.75,171.66666666666666,126.70833333333331,174.95833333333334,188.58333333333331
66.12916666666666,64.425,1174.625,46.60833333333333,17.183333333333334,70.5,0.2716666666666666,2.4166666666666665,0.84375,2025,2,8,5,137.95833333333334,183.83333333333331,193.20833333333331,149.5,174.95833333333334,188.58333333333331,176.95833333333334
128.37916666666666,124.48333333333332,2017.25,97.84583333333336,34.74583333333333,62.16666666666666,0.3475,4.666666666666667,0.8395833333333332,2025,2,9,6,126.70833333333331,137.95833333333334,183.83333333333331,146.54166666666666,188.58333333333331,176.95833333333334,148.95833333333334
139.24166666666667,127.8375,1427.4166666666667,84.8875,32.50833333333333,70.58333333333333,0.5537500000000001,21.416666666666668,0.7416666666666667,2025,2,10,0,174.95833333333334,126.70833333333331,137.95833333333334,163.41666666666666,176.95833333333334,148.95833333333334,129.04166666666666
89.60416666666667,79.125,846.2916666666666,34.7625,18.870833333333334,87.5,0.5570833333333333,19.125,0.7687499999999999,2025,2,11,1,188.58333333333331,174.95833333333334,126.70833333333331,180.16666666666666,148.95833333333334,129.04166666666666,123.0
61.09583333333333,50.75833333333333,964.5833333333334,34.00833333333333,13.929166666666667,68.95833333333333,0.18625,19.125,1.0104166666666667,2025,2,12,2,176.95833333333334,188.58333333333331,174.95833333333334,171.5,129.04166666666666,123.0,137.91666666666666
51.24166666666667,44.80416666666667,975.625,36.8,13.125,65.41666666666667,0.1533333333333333,10.916666666666666,0.9979166666666668,2025,2,13,3,148.95833333333334,176.95833333333334,188.58333333333331,151.6527777777778,123.0,137.91666666666666,147.08333333333334
52.65,48.92083333333333,1192.5833333333333,45.30416666666667,15.525,65.95833333333333,0.155,5.0,1.0895833333333331,2025,2,14,4,129.04166666666666,148.95833333333334,176.95833333333334,133.66666666666666,137.91666666666666,147.08333333333334,154.20833333333334
57.07916666666667,52.275,1433.875,49.875,15.591666666666669,67.70833333333333,0.1704166666666666,8.083333333333334,1.0791666666666668,2025,2,15,5,123.0,129.04166666666666,148.95833333333334,129.98611111111111,147.08333333333334,154.20833333333334,142.0
67.06666666666666,61.85833333333333,1302.125,57.29583333333333,19.3375,55.833333333333336,0.3233333333333333,8.208333333333334,0.7666666666666666,2025,2,16,6,137.91666666666666,123.0,129.04166666666666,136.0,154.20833333333334,142.0,113.95833333333331
63.075,57.52916666666667,968.6666666666666,37.9875,13.445833333333333,71.95833333333333,0.3429166666666667,10.083333333333334,0.9270833333333334,2025,2,17,0,147.08333333333334,137.91666666666666,123.0,146.40277777777777,142.0,113.95833333333331,104.70833333333331
52.5,47.77916666666667,1076.5,30.52916666666667,14.820833333333333,77.125,0.29625,8.041666666666666,0.9229166666666666,2025,2,18,1,154.20833333333334,147.08333333333334,137.91666666666666,147.76388888888889,113.95833333333331,104.70833333333331,126.20833333333331
40.65416666666667,37.891666666666666,918.5416666666666,26.15833333333333,14.979166666666666,83.91666666666667,0.3429166666666667,4.75,0.91875,2025,2,19,2,142.0,154.20833333333334,147.08333333333334,136.72222222222223,104.70833333333331,126.20833333333331,124.5
53.583333333333336,39.5,517.375,19.64583333333333,9.725,82.0,0.65125,26.291666666666668,0.3229166666666667,2025,2,20,3,113.95833333333331,142.0,154.20833333333334,120.22222222222221,126.20833333333331,124.5,151.41666666666666
67.27083333333333,51.36666666666667,642.6666666666666,30.479166666666668,10.783333333333331,73.625,0.4079166666666666,28.875,1.0770833333333332,2025,2,21,4,104.70833333333331,113.95833333333331,142.0,114.95833333333331,124.5,151.41666666666666,161.25
47.9125,43.2875,1125.7916666666667,35.954166666666666,12.325,75.33333333333333,0.25625,8.208333333333334,1.0625,2025,2,22,5,126.20833333333331,104.70833333333331,113.95833333333331,118.47222222222221,151.41666666666666,161.25,158.41666666666666
80.1125,73.92083333333333,1465.9166666666667,69.35833333333333,19.454166666666666,68.45833333333333,0.2545833333333333,8.75,1.0875,2025,2,23,6,124.5,126.20833333333331,104.70833333333331,134.04166666666666,161.25,158.41666666666666,115.70833333333331
82.45,75.72916666666667,1772.0416666666667,73.64583333333333,21.8125,69.20833333333333,0.2791666666666667,9.75,1.0770833333333334,2025,2,24,0,151.41666666666666,124.5,126.20833333333331,145.7222222222222,158.41666666666666,115.70833333333331,85.75
77.55416666666666,65.14166666666667,1402.8333333333333,46.145833333333336,15.391666666666666,57.958333333333336,0.63875,21.75,0.3979166666666667,2025,2,25,1,161.25,151.41666666666666,124.5,157.02777777777777,115.70833333333331,85.75,97.08333333333331
56.94166666666666,32.15833333333333,494.6666666666667,20.1,11.1125,80.95833333333333,0.61375,44.333333333333336,0.7875,2025,2,26,2,158.41666666666666,161.25,151.41666666666666,145.12499999999997,85.75,97.08333333333331,105.875
65.04166666666667,28.25,458.0833333333333,15.358333333333334,7.583333333333333,69.54166666666667,0.8120833333333333,66.875,0.2270833333333333,2025,2,27,3,115.70833333333331,158.41666666666666,161.25,119.95833333333333,97.08333333333331,105.875,102.58333333333331
60.22083333333333,39.55,542.25,24.45833333333333,9.645833333333334,57.25,0.5383333333333333,37.66666666666666,0.4333333333333333,2025,2,28,4,85.75,115.70833333333331,158.41666666666666,99.51388888888887,105.875,102.58333333333331,147.125
38.925,32.7,539.875,25.258333333333336,9.529166666666669,62.66666666666666,0.2583333333333333,10.875,0.9208333333333334,2025,3,1,5,97.08333333333331,85.75,115.70833333333331,96.2361111111111,102.58333333333331,147.125,117.16666666666669
51.84166666666667,46.00416666666666,1241.75,40.44583333333333,13.9375,62.708333333333336,0.1475,9.625,1.275,2025,3,2,6,105.875,97.08333333333331,85.75,101.84722222222221,147.125,117.16666666666669,83.16666666666667
64.69583333333334,53.30416666666667,1091.1666666666667,39.90833333333333,11.729166666666666,59.79166666666666,0.53875,21.58333333333333,0.9166666666666666,2025,3,3,0,102.58333333333331,105.875,97.08333333333331,118.52777777777777,117.16666666666669,83.16666666666667,67.91666666666667
57.3125,34.520833333333336,579.875,19.475,8.316666666666666,79.625,0.3245833333333333,41.66666666666666,1.0354166666666669,2025,3,4,1,147.125,102.58333333333331,105.875,122.29166666666667,83.16666666666667,67.91666666666667,144.875
18.579166666666666,17.825,539.125,16.395833333333332,7.958333333333333,87.25,0.13375,1.125,1.3729166666666668,2025,3,5,2,117.16666666666669,147.125,102.58333333333331,115.81944444444446,67.91666666666667,144.875,149.0
33.34583333333333,32.52916666666667,1366.25,38.2625,13.291666666666666,78.75,0.1379166666666666,0.5416666666666666,1.3770833333333334,2025,3,6,3,83.16666666666667,117.16666666666669,147.125,89.41666666666667,144.875,149.0,128.41666666666666
64.12916666666666,62.49583333333334,1337.5,59.7,21.995833333333334,86.375,0.2262499999999999,0.8333333333333334,1.2604166666666667,2025,3,7,4,67.91666666666667,83.16666666666667,117.16666666666669,98.65277777777779,149.0,128.41666666666666,103.625
53.99583333333334,51.90416666666667,1135.6666666666667,50.13333333333333,15.516666666666666,72.0,0.1158333333333333,2.583333333333333,1.4770833333333335,2025,3,8,5,144.875,67.91666666666667,83.16666666666667,120.59722222222221,128.41666666666666,103.625,98.95833333333331
42.57083333333333,39.270833333333336,809.9166666666666,26.92083333333333,12.045833333333334,99.125,0.2504166666666667,6.333333333333333,1.3770833333333334,2025,3,9,6,149.0,144.875,67.91666666666667,140.76388888888889,103.625,98.95833333333331,105.66666666666669
68.72916666666667,37.68333333333333,518.7083333333334,18.558333333333334,14.891666666666666,100.04166666666669,0.49,62.458333333333336,1.1416666666666666,2025,3,10,0,128.41666666666666,149.0,144.875,127.01388888888887,98.95833333333331,105.66666666666669,98.75
69.11666666666666,34.737500000000004,511.6666666666667,26.27916666666667,8.887500000000001,84.45833333333333,0.5483333333333333,66.29166666666667,1.0833333333333333,2025,3,11,1,103.625,128.41666666666666,149.0,110.33333333333333,105.66666666666669,98.75,101.125
71.18333333333334,33.05,531.75,22.316666666666663,8.804166666666667,92.125,0.44375,71.95833333333333,1.2291666666666667,2025,3,12,2,98.95833333333331,103.625,128.41666666666666,102.75,98.75,101.125,96.125
71.22500000000001,36.94166666666667,421.5833333333333,29.745833333333334,8.395833333333334,69.25,0.43625,65.5,1.0354166666666669,2025,3,13,3,105.66666666666669,98.95833333333331,103.625,101.125,101.125,96.125,122.16666666666669
51.3375,33.025,481.5,27.475,10.008333333333333,75.75,0.4070833333333333,34.166666666666664,1.0854166666666667,2025,3,14,4,98.75,105.66666666666669,98.95833333333331,101.84722222222223,96.125,122.16666666666669,144.70833333333334
69.45,40.59166666666667,401.9166666666667,33.737500000000004,10.6875,81.375,0.61375,53.54166666666666,1.0041666666666669,2025,3,15,5,101.125,98.75,105.66666666666669,98.66666666666667,122.16666666666669,144.70833333333334,133.91666666666666
61.74166666666667,42.8875,930.0833333333334,37.579166666666666,12.933333333333332,85.33333333333333,0.38625,35.416666666666664,1.23125,2025,3,16,6,96.125,101.125,98.75,106.47222222222223,144.70833333333334,133.91666666666666,119.79166666666669
58.54166666666666,52.520833333333336,1000.125,53.9125,17.650000000000002,85.66666666666667,0.26,11.25,1.2541666666666669,2025,3,17,0,122.16666666666669,96.125,101.125,121.0,133.91666666666666,119.79166666666669,94.83333333333331
47.99583333333334,45.29583333333333,1020.2916666666666,52.825,15.558333333333332,86.75,0.1979166666666666,5.083333333333333,1.4333333333333331,2025,3,18,1,144.70833333333334,122.16666666666669,96.125,133.59722222222223,119.79166666666669,94.83333333333331,89.33333333333333
46.333333333333336,39.65416666666667,955.9583333333334,41.62083333333333,13.766666666666666,87.29166666666667,0.3899999999999999,12.083333333333334,1.2041666666666666,2025,3,19,2,133.91666666666666,144.70833333333334,122.16666666666669,132.80555555555557,94.83333333333331,89.33333333333333,113.29166666666669
28.7875,24.679166666666664,660.125,22.120833333333334,8.870833333333334,94.70833333333331,0.2604166666666667,7.791666666666667,1.5375,2025,3,20,3,119.79166666666669,133.91666666666666,144.70833333333334,116.18055555555554,89.33333333333333,113.29166666666669,135.41666666666666
34.15,29.204166666666666,755.875,27.5375,10.0625,91.25,0.1779166666666667,8.916666666666666,1.56875,2025,3,21,4,94.83333333333331,119.79166666666669,133.91666666666666,101.31944444444444,113.29166666666669,135.41666666666666,148.95833333333334
41.04166666666666,37.895833333333336,728.7916666666666,39.59166666666667,13.504166666666668,103.125,0.1958333333333333,5.458333333333333,1.7625,2025,3,22,5,89.33333333333333,94.83333333333331,119.79166666666669,99.15277777777777,135.41666666666666,148.95833333333334,161.58333333333334
46.81666666666666,44.1125,975.5,50.65833333333333,16.479166666666668,97.70833333333331,0.23375,4.791666666666667,1.8458333333333332,2025,3,23,6,113.29166666666669,89.33333333333333,94.83333333333331,112.68055555555556,148.95833333333334,161.58333333333334,147.66666666666666
63.90833333333333,60.525,939.4166666666666,55.47083333333333,21.154166666666665,107.75,0.3004166666666666,6.25,1.79375,2025,3,24,0,135.41666666666666,113.29166666666669,89.33333333333333,132.55555555555557,161.58333333333334,147.66666666666666,119.08333333333331
67.47916666666667,58.5,669.3333333333334,24.116666666666664,14.775,125.04166666666669,0.37,17.0,1.5645833333333332,2025,3,25,1,148.95833333333334,135.41666666666666,113.29166666666669,148.6527777777778,147.66666666666666,119.08333333333331,92.875
77.75416666666666,48.95,579.3333333333334,15.8875,13.625,118.83333333333331,0.4879166666666667,55.208333333333336,1.45625,2025,3,26,2,161.58333333333334,148.95833333333334,135.41666666666666,152.73611111111111,119.08333333333331,92.875,75.29166666666667
102.03333333333336,37.53333333333333,530.9166666666666,13.283333333333331,11.179166666666667,101.41666666666669,0.305,119.29166666666669,1.8083333333333331,2025,3,27,3,147.66666666666666,161.58333333333334,148.95833333333334,142.77777777777774,92.875,75.29166666666667,80.41666666666667
33.6,14.75,430.875,13.716666666666669,6.054166666666667,110.08333333333331,0.1604166666666666,34.708333333333336,1.7958333333333334,2025,3,28,4,119.08333333333331,147.66666666666666,161.58333333333334,119.875,75.29166666666667,80.41666666666667,84.08333333333333
13.725,12.254166666666668,450.4583333333333,14.795833333333334,8.049999999999999,108.83333333333331,0.1441666666666666,2.5416666666666665,1.914583333333333,2025,3,29,5,92.875,119.08333333333331,147.66666666666666,95.75,80.41666666666667,84.08333333333333,90.08333333333331
20.541666666666668,19.779166666666665,722.5,24.83333333333333,8.895833333333334,103.45833333333331,0.12,0.0416666666666666,2.0145833333333334,2025,3,30,6,75.29166666666667,92.875,119.08333333333331,82.86111111111111,84.08333333333333,90.08333333333331,112.33333333333331
29.1625,25.23333333333333,658.2916666666666,22.975,9.229166666666666,98.25,0.1645833333333333,7.041666666666667,2.0020833333333337,2025,3,31,0,80.41666666666667,75.29166666666667,92.875,79.93055555555556,90.08333333333331,112.33333333333331,103.33333333333331
40.175,28.45,740.375,28.512500000000003,8.916666666666666,93.95833333333331,0.2008333333333333,21.45833333333333,1.9729166666666669,2025,4,1,1,84.08333333333333,80.41666666666667,75.29166666666667,84.8611111111111,112.33333333333331,103.33333333333331,90.66666666666669
40.645833333333336,36.80833333333333,651.3333333333334,46.90416666666667,14.416666666666666,93.625,0.2570833333333333,5.916666666666667,1.6979166666666667,2025,4,2,2,90.08333333333331,84.08333333333333,80.41666666666667,95.49999999999999,103.33333333333331,90.66666666666669,89.08333333333333
30.2125,24.14583333333333,576.4583333333334,19.8875,8.424999999999999,108.29166666666669,0.3349999999999999,11.75,1.727083333333333,2025,4,3,3,112.33333333333331,90.08333333333331,84.08333333333333,101.91666666666664,90.66666666666669,89.08333333333333,100.625
34.84583333333333,20.60833333333333,507.7916666666667,14.9625,8.545833333333333,108.375,0.2479166666666666,26.625,1.94375,2025,4,4,4,103.33333333333331,112.33333333333331,90.08333333333331,102.1111111111111,89.08333333333333,100.625,116.5
29.9875,20.991666666666667,699.8333333333334,24.516666666666666,9.920833333333333,109.0,0.20625,16.833333333333332,1.9708333333333328,2025,4,5,5,90.66666666666669,103.33333333333331,112.33333333333331,94.36111111111113,100.625,116.5,115.79166666666669
33.454166666666666,31.329166666666666,824.7083333333334,41.225,12.766666666666666,98.125,0.2179166666666666,2.75,2.05625,2025,4,6,6,89.08333333333333,90.66666666666669,103.33333333333331,93.45833333333333,116.5,115.79166666666669,120.16666666666669
40.55833333333333,37.19583333333333,616.4166666666666,43.35,16.441666666666666,101.54166666666669,0.29875,6.083333333333333,1.8666666666666665,2025,4,7,0,100.625,89.08333333333333,90.66666666666669,102.06944444444446,115.79166666666669,120.16666666666669,115.16666666666669
74.8875,38.766666666666666,568.4583333333334,32.15,13.525,99.875,0.41,68.0,1.6979166666666667,2025,4,8,1,116.5,100.625,89.08333333333333,110.97222222222223,120.16666666666669,115.16666666666669,117.16666666666669
73.63333333333334,37.19166666666667,605.25,21.916666666666668,14.15,116.125,0.58,70.83333333333333,1.4666666666666668,2025,4,9,2,115.79166666666669,116.5,100.625,117.48611111111113,115.16666666666669,117.16666666666669,129.16666666666666
67.99166666666666,34.34166666666667,829.0416666666666,23.929166666666664,13.233333333333334,111.375,0.5125000000000001,67.625,1.44375,2025,4,10,3,120.16666666666669,115.79166666666669,116.5,117.04166666666669,117.16666666666669,129.16666666666666,137.125
137.64583333333334,46.5125,611.6666666666666,22.39583333333333,11.8875,101.66666666666669,0.5833333333333334,177.79166666666666,1.1416666666666668,2025,4,11,4,115.16666666666669,120.16666666666669,115.79166666666669,117.50000000000001,129.16666666666666,137.125,152.125
110.15416666666664,39.270833333333336,481.7083333333333,23.666666666666668,11.5,116.29166666666669,0.4929166666666666,133.125,1.5645833333333332,2025,4,12,5,117.16666666666669,115.16666666666669,120.16666666666669,120.5,137.125,152.125,137.08333333333334
97.30416666666667,40.37083333333333,509.75,27.941666666666663,16.679166666666667,122.41666666666669,0.4225,111.58333333333331,1.8541666666666667,2025,4,13,6,129.16666666666666,117.16666666666669,115.16666666666669,127.81944444444446,152.125,137.08333333333334,161.29166666666666
64.62083333333334,43.1625,572.0833333333334,39.25416666666667,17.216666666666665,126.75,0.3904166666666666,40.958333333333336,2.03125,2025,4,14,0,137.125,129.16666666666666,117.16666666666669,139.4722222222222,137.08333333333334,161.29166666666666,150.79166666666666
213.4416666666667,58.62916666666666,500.5,23.45,14.645833333333334,130.54166666666666,0.6183333333333333,304.375,1.64375,2025,4,15,1,152.125,137.125,129.16666666666666,142.11111111111111,161.29166666666666,150.79166666666666,123.16666666666669
196.35,59.3375,472.0,14.0125,15.1125,140.79166666666666,0.7308333333333333,274.125,1.5270833333333331,2025,4,16,2,137.08333333333334,152.125,137.125,150.16666666666666,150.79166666666666,123.16666666666669,126.75
80.5875,38.704166666666666,571.2083333333334,19.841666666666665,12.3625,130.41666666666666,0.4775,82.54166666666667,1.8895833333333332,2025,4,17,3,161.29166666666666,137.08333333333334,152.125,149.72222222222223,123.16666666666669,126.75,145.16666666666666
54.57916666666667,31.441666666666663,612.875,29.475,12.879166666666668,117.375,0.4666666666666666,44.958333333333336,1.7875,2025,4,18,4,150.79166666666666,161.29166666666666,137.08333333333334,145.08333333333334,126.75,145.16666666666666,136.875
206.00833333333333,62.80833333333334,359.9166666666667,11.570833333333333,11.895833333333334,126.33333333333331,0.60875,290.0833333333333,1.6145833333333333,2025,4,19,5,123.16666666666669,150.79166666666666,161.29166666666666,133.56944444444446,145.16666666666666,136.875,140.08333333333334
163.05833333333334,48.20416666666667,422.7083333333333,11.6,10.825,133.41666666666666,0.6358333333333334,235.91666666666663,1.5625,2025,4,20,6,126.75,123.16666666666669,150.79166666666666,131.69444444444446,136.875,140.08333333333334,121.83333333333331
153.00416666666666,47.458333333333336,504.2916666666667,19.5125,11.991666666666667,120.45833333333331,0.5020833333333333,206.54166666666663,1.65625,2025,4,21,0,145.16666666666666,126.75,123.16666666666669,136.26388888888889,140.08333333333334,121.83333333333331,119.20833333333331
91.82083333333333,37.3,441.6666666666667,21.154166666666665,9.966666666666669,121.58333333333331,0.395,104.5,1.9458333333333333,2025,4,22,1,136.875,145.16666666666666,126.75,140.70833333333334,121.83333333333331,119.20833333333331,96.16666666666669
57.94583333333333,36.7,654.625,34.983333333333334,10.108333333333333,106.70833333333331,0.3120833333333333,39.833333333333336,2.114583333333333,2025,4,23,2,140.08333333333334,136.875,145.16666666666666,132.93055555555557,119.20833333333331,96.16666666666669,97.875
41.80833333333333,32.19166666666667,622.9583333333334,38.94166666666667,11.3375,104.0,0.2708333333333333,17.291666666666668,2.0541666666666667,2025,4,24,3,121.83333333333331,140.08333333333334,136.875,127.04166666666664,96.16666666666669,97.875,104.20833333333331
24.2,18.40833333333333,392.25,31.454166666666666,7.283333333333334,107.375,0.2620833333333333,11.5,2.025,2025,4,25,4,119.20833333333331,121.83333333333331,140.08333333333334,112.40277777777777,97.875,104.20833333333331,120.58333333333331
26.683333333333334,18.591666666666665,513.5833333333334,25.73333333333333,7.804166666666667,117.5,0.3154166666666667,15.458333333333334,1.8916666666666664,2025,4,26,5,96.16666666666669,119.20833333333331,121.83333333333331,104.41666666666667,104.20833333333331,120.58333333333331,140.875
31.0875,21.60833333333333,547.75,23.6125,8.525,120.16666666666669,0.2745833333333333,18.791666666666668,2.1,2025,4,27,6,97.875,96.16666666666669,119.20833333333331,99.41666666666667,120.58333333333331,140.875,177.41666666666666
39.19583333333333,32.2625,733.9583333333334,35.7625,12.733333333333334,125.66666666666669,0.2691666666666666,13.166666666666666,2.114583333333333,2025,4,28,0,104.20833333333331,97.875,96.16666666666669,107.55555555555554,140.875,177.41666666666666,215.66666666666663
206.2375,72.02083333333333,543.875,33.37083333333333,14.904166666666669,129.70833333333334,0.4354166666666666,262.75,1.7479166666666668,2025,4,29,1,120.58333333333331,104.20833333333331,97.875,121.88888888888887,177.41666666666666,215.66666666666663,190.375
317.0416666666667,91.6125,517.0833333333334,25.075,18.1,152.125,0.67625,449.25,1.5166666666666666,2025,4,30,2,140.875,120.58333333333331,104.20833333333331,146.29166666666666,215.66666666666663,190.375,158.66666666666666
411.95,98.725,584.375,13.808333333333332,17.304166666666667,155.66666666666666,1.2491666666666668,623.6666666666666,0.9458333333333332,2025,5,1,3,177.41666666666666,140.875,120.58333333333331,177.9861111111111,190.375,158.66666666666666,127.33333333333331
206.1875,67.48333333333333,524.625,12.454166666666666,13.316666666666668,146.41666666666666,1.17125,273.7083333333333,0.9729166666666668,2025,5,2,4,215.66666666666663,177.41666666666666,140.875,194.4861111111111,158.66666666666666,127.33333333333331,136.91666666666666
101.35416666666669,49.90416666666667,547.7916666666666,25.258333333333336,9.954166666666667,130.75,0.7075,102.33333333333331,1.40625,2025,5,3,5,190.375,215.66666666666663,177.41666666666666,188.2361111111111,127.33333333333331,136.91666666666666,165.20833333333334
67.00416666666666,37.96666666666667,682.9166666666666,23.78333333333333,10.425,114.91666666666669,0.8129166666666667,53.875,1.0875,2025,5,4,6,158.66666666666666,190.375,215.66666666666663,158.79166666666666,136.91666666666666,165.20833333333334,165.25
207.9625,67.94583333333334,587.0833333333334,28.7375,15.279166666666669,104.04166666666669,1.1495833333333334,270.25,1.00625,2025,5,5,0,127.33333333333331,158.66666666666666,190.375,140.9722222222222,165.20833333333334,165.25,149.70833333333334
224.1625,80.40833333333333,555.2916666666666,38.92916666666667,13.3,115.83333333333331,1.106666666666667,281.125,1.3145833333333334,2025,5,6,1,136.91666666666666,127.33333333333331,158.66666666666666,143.15277777777777,165.25,149.70833333333334,156.5
194.1,66.10416666666667,519.2083333333334,26.7875,11.820833333333333,121.58333333333331,1.09625,245.75,1.5,2025,5,7,2,165.20833333333334,136.91666666666666,127.33333333333331,155.79166666666666,149.70833333333334,156.5,155.83333333333334
131.54166666666666,54.69583333333333,509.375,17.9,12.183333333333332,130.875,1.3583333333333334,147.125,0.9270833333333334,2025,5,8,3,165.25,165.20833333333334,136.91666666666666,160.05555555555557,156.5,155.83333333333334,153.70833333333334
113.72083333333336,53.9375,563.3333333333334,20.7125,10.4375,128.20833333333334,0.9795833333333334,117.58333333333331,1.6083333333333334,2025,5,9,4,149.70833333333334,165.25,165.20833333333334,157.1527777777778,155.83333333333334,153.70833333333334,165.04166666666666
93.00416666666666,51.09166666666667,604.5833333333334,24.8875,11.141666666666666,126.75,0.6875,83.79166666666667,1.8229166666666667,2025,5,10,5,156.5,149.70833333333334,165.25,154.01388888888889,153.70833333333334,165.04166666666666,130.375
88.35416666666667,55.95416666666667,889.5833333333334,30.72083333333333,14.079166666666666,122.16666666666669,0.6483333333333333,64.875,1.4520833333333334,2025,5,11,6,155.83333333333334,156.5,149.70833333333334,155.34722222222226,165.04166666666666,130.375,126.66666666666669
75.17083333333333,55.04166666666666,592.75,38.84166666666666,15.5,121.45833333333331,0.4879166666666666,39.333333333333336,1.9729166666666669,2025,5,12,0,153.70833333333334,155.83333333333334,156.5,158.19444444444446,130.375,126.66666666666669,133.20833333333334
70.52083333333333,34.59583333333333,587.1666666666666,26.52916666666667,9.345833333333331,121.79166666666669,0.4895833333333333,73.79166666666667,1.9104166666666669,2025,5,13,1,165.04166666666666,153.70833333333334,155.83333333333334,149.70833333333334,126.66666666666669,133.20833333333334,121.08333333333331
49.520833333333336,35.38333333333333,774.5,36.38333333333333,10.6125,120.79166666666669,0.4066666666666667,28.95833333333333,2.120833333333333,2025,5,14,2,130.375,165.04166666666666,153.70833333333334,140.69444444444443,133.20833333333334,121.08333333333331,137.625
61.54166666666666,40.075,800.4583333333334,37.708333333333336,10.620833333333334,111.83333333333331,0.3916666666666666,42.29166666666666,2.0375,2025,5,15,3,126.66666666666669,130.375,165.04166666666666,130.08333333333334,121.08333333333331,137.625,161.66666666666666
57.16666666666666,36.270833333333336,665.5416666666666,33.25416666666667,11.258333333333333,108.16666666666669,0.38875,42.04166666666666,2.2104166666666667,2025,5,16,4,133.20833333333334,126.66666666666669,130.375,126.98611111111113,137.625,161.66666666666666,150.33333333333334
107.94583333333333,54.18333333333334,600.4166666666666,38.65416666666667,13.020833333333334,117.25,0.52125,109.41666666666669,2.025,2025,5,17,5,121.08333333333331,133.20833333333334,126.66666666666669,130.63888888888889,161.66666666666666,150.33333333333334,158.83333333333334
62.09583333333333,43.1875,770.875,35.94166666666667,13.704166666666666,129.625,0.4645833333333333,38.25,2.15625,2025,5,18,6,137.625,121.08333333333331,133.20833333333334,140.12499999999997,150.33333333333334,158.83333333333334,141.91666666666666
221.3,78.10416666666667,647.5833333333334,22.77083333333333,13.733333333333334,128.70833333333334,0.6266666666666666,287.3333333333333,1.6854166666666668,2025,5,19,0,161.66666666666666,137.625,121.08333333333331,149.875,158.83333333333334,141.91666666666666,212.91666666666663
94.29583333333332,44.75,818.875,27.495833333333334,11.2875,118.58333333333331,0.4475,96.0,2.035416666666667,2025,5,20,1,150.33333333333334,161.66666666666666,137.625,156.94444444444443,141.91666666666666,212.91666666666663,486.0833333333333
68.19166666666666,44.37916666666666,721.1666666666666,30.316666666666663,11.445833333333333,125.70833333333331,0.4975,46.458333333333336,2.083333333333333,2025,5,21,2,158.83333333333334,150.33333333333334,161.66666666666666,150.36111111111111,212.91666666666663,486.0833333333333,218.45833333333331
578.7625,152.49166666666667,560.8333333333334,13.6125,14.416666666666666,147.20833333333334,0.8650000000000001,841.5416666666666,1.9020833333333331,2025,5,22,3,141.91666666666666,158.83333333333334,150.33333333333334,171.2222222222222,486.0833333333333,218.45833333333331,150.54166666666666
453.4708333333333,111.00416666666666,622.2083333333334,13.804166666666667,13.783333333333331,149.0,1.09625,679.7083333333334,1.6708333333333334,2025,5,23,4,212.91666666666663,141.91666666666666,158.83333333333334,280.3055555555555,218.45833333333331,150.54166666666666,144.29166666666666
260.1458333333333,81.0125,606.2916666666666,16.616666666666667,13.645833333333334,125.20833333333331,1.2891666666666668,359.0416666666667,0.8374999999999999,2025,5,24,5,486.0833333333333,212.91666666666663,141.91666666666666,305.8194444444444,150.54166666666666,144.29166666666666,162.66666666666666
121.64583333333331,41.59583333333333,510.3333333333333,16.4375,10.829166666666666,132.25,0.6358333333333334,157.70833333333334,2.2583333333333333,2025,5,25,6,218.45833333333331,486.0833333333333,212.91666666666663,285.02777777777777,144.29166666666666,162.66666666666666,142.125
121.57916666666668,46.92083333333333,551.5833333333334,32.81666666666667,10.5625,124.91666666666669,0.4579166666666667,148.91666666666666,2.270833333333333,2025,5,26,0,150.54166666666666,218.45833333333331,486.0833333333333,171.09722222222217,162.66666666666666,142.125,140.58333333333334
99.05416666666667,54.78333333333333,682.375,36.00833333333333,13.6125,138.29166666666666,0.7374999999999999,89.54166666666667,1.8520833333333333,2025,5,27,1,144.29166666666666,150.54166666666666,218.45833333333331,152.49999999999997,142.125,140.58333333333334,132.54166666666666
79.69166666666666,44.00833333333333,858.625,25.516666666666666,11.545833333333334,117.625,0.6537499999999999,73.0,1.89375,2025,5,28,2,162.66666666666666,144.29166666666666,150.54166666666666,149.69444444444443,140.58333333333334,132.54166666666666,149.54166666666666
86.07083333333333,48.77916666666667,677.0833333333334,32.2,11.095833333333331,116.54166666666669,0.5545833333333333,75.41666666666667,1.8833333333333333,2025,5,29,3,142.125,162.66666666666666,144.29166666666666,148.45833333333331,132.54166666666666,149.54166666666666,150.95833333333334
109.11666666666667,46.275,528.3333333333334,20.808333333333334,9.1,114.95833333333331,0.5991666666666667,125.54166666666669,1.8666666666666665,2025,5,30,4,140.58333333333334,142.125,162.66666666666666,138.41666666666663,149.54166666666666,150.95833333333334,116.70833333333331
200.01666666666665,63.75416666666666,432.625,16.650000000000002,10.083333333333334,120.125,0.7004166666666666,272.375,1.8208333333333333,2025,5,31,5,132.54166666666666,140.58333333333334,142.125,140.88888888888886,150.95833333333334,116.70833333333331,118.79166666666669
111.35,41.59583333333333,364.875,20.54583333333333,8.512500000000001,120.20833333333331,0.4466666666666667,136.625,2.125,2025,6,1,6,149.54166666666666,132.54166666666666,140.58333333333334,144.3472222222222,116.70833333333331,118.79166666666669,115.91666666666669
48.6875,29.004166666666663,550.7083333333334,29.204166666666666,6.925,113.29166666666669,0.37125,39.583333333333336,2.21875,2025,6,2,0,150.95833333333334,149.54166666666666,132.54166666666666,139.06944444444443,118.79166666666669,115.91666666666669,135.375
69.46666666666667,30.991666666666664,436.75,17.116666666666667,8.820833333333333,139.33333333333334,0.6070833333333333,73.95833333333333,1.7354166666666666,2025,6,3,1,116.70833333333331,150.95833333333334,149.54166666666666,128.81944444444443,115.91666666666669,135.375,164.33333333333334
115.5,41.270833333333336,437.7083333333333,25.241666666666664,10.508333333333336,125.20833333333331,0.5495833333333333,142.54166666666666,2.0125,2025,6,4,2,118.79166666666669,116.70833333333331,150.95833333333334,117.13888888888887,135.375,164.33333333333334,147.08333333333334
130.38333333333333,47.43333333333334,525.7083333333334,31.241666666666664,9.766666666666667,124.125,0.5891666666666667,160.83333333333334,2.095833333333333,2025,6,5,3,115.91666666666669,118.79166666666669,116.70833333333331,123.3611111111111,164.33333333333334,147.08333333333334,128.5
141.22083333333333,61.04166666666666,633.0416666666666,36.03333333333333,13.083333333333334,127.33333333333331,0.6383333333333333,157.08333333333334,2.0791666666666666,2025,6,6,4,135.375,115.91666666666669,118.79166666666669,138.54166666666666,147.08333333333334,128.5,112.5
80.16250000000001,43.45416666666667,647.6666666666666,24.2625,11.495833333333332,130.25,0.5466666666666667,73.66666666666667,2.160416666666667,2025,6,7,5,164.33333333333334,135.375,115.91666666666669,148.93055555555554,128.5,112.5,120.04166666666669
74.09166666666667,35.291666666666664,718.5416666666666,20.90833333333333,9.883333333333333,119.0,0.4216666666666666,78.79166666666667,2.23125,2025,6,8,6,147.08333333333334,164.33333333333334,135.375,146.63888888888889,112.5,120.04166666666669,102.5
61.425,32.84166666666667,754.0,22.883333333333336,9.8,117.125,0.3929166666666666,57.29166666666666,2.325,2025,6,9,0,128.5,147.08333333333334,164.33333333333334,129.3611111111111,120.04166666666669,102.5,105.91666666666669
51.84583333333333,28.6,612.9583333333334,16.916666666666668,13.6375,132.20833333333334,0.3683333333333333,48.0,2.5812500000000003,2025,6,10,1,112.5,128.5,147.08333333333334,120.34722222222221,102.5,105.91666666666669,138.04166666666666
64.17083333333333,30.5875,752.6666666666666,19.4625,9.966666666666669,107.04166666666669,0.41,68.04166666666667,2.4541666666666666,2025,6,11,2,120.04166666666669,112.5,128.5,111.68055555555554,105.91666666666669,138.04166666666666,305.3333333333333
69.91250000000001,29.95,588.2083333333334,23.09583333333333,9.220833333333331,109.70833333333331,0.4279166666666666,80.0,2.4479166666666665,2025,6,12,3,102.5,120.04166666666669,112.5,109.4861111111111,138.04166666666666,305.3333333333333,201.16666666666663
265.6875,81.06666666666666,570.0416666666666,19.941666666666663,12.6375,130.79166666666666,0.7958333333333334,374.9583333333333,1.6770833333333333,2025,6,13,4,105.91666666666669,102.5,120.04166666666669,115.48611111111109,305.3333333333333,201.16666666666663,171.41666666666666
470.6041666666667,114.07083333333333,613.1666666666666,18.6125,14.991666666666667,146.125,1.28125,715.5,1.28125,2025,6,14,5,138.04166666666666,105.91666666666669,102.5,183.0972222222222,201.16666666666663,171.41666666666666,170.125
228.48333333333332,79.19166666666666,673.7083333333334,27.554166666666664,16.858333333333334,131.08333333333334,1.21625,300.4166666666667,1.09375,2025,6,15,6,305.3333333333333,138.04166666666666,105.91666666666669,214.84722222222217,171.41666666666666,170.125,151.91666666666666
244.47916666666663,97.97916666666669,662.4166666666666,28.629166666666663,20.60833333333333,136.91666666666666,1.1525,298.5,0.5854166666666667,2025,6,16,0,201.16666666666663,305.3333333333333,138.04166666666666,225.9722222222222,170.125,151.91666666666666,159.58333333333334
128.8125,65.66250000000001,616.5,25.575,13.970833333333331,119.54166666666669,0.7333333333333334,123.54166666666669,1.85,2025,6,17,1,171.41666666666666,201.16666666666663,305.3333333333333,180.90277777777774,151.91666666666666,159.58333333333334,163.70833333333334
122.30416666666667,47.62916666666666,703.0833333333334,17.575,10.166666666666666,140.20833333333334,0.7395833333333334,156.75,2.0625,2025,6,18,2,170.125,171.41666666666666,201.16666666666663,164.4861111111111,159.58333333333334,163.70833333333334,177.5
183.64583333333331,68.41666666666667,546.4166666666666,14.6375,12.933333333333332,148.08333333333334,1.3724999999999998,230.91666666666663,1.3645833333333333,2025,6,19,3,151.91666666666666,170.125,171.41666666666666,160.54166666666666,163.70833333333334,177.5,155.25
246.65,74.57083333333334,440.4166666666667,13.458333333333334,12.933333333333332,143.95833333333334,1.6358333333333333,348.9166666666667,0.775,2025,6,20,4,159.58333333333334,151.91666666666666,170.125,158.40277777777777,177.5,155.25,161.375
284.7583333333333,74.75833333333334,394.0833333333333,13.254166666666668,11.5,134.83333333333334,1.4241666666666666,404.25,1.40625,2025,6,21,5,163.70833333333334,159.58333333333334,151.91666666666666,166.93055555555554,155.25,161.375,163.45833333333334
160.5375,63.93333333333334,505.5833333333333,21.754166666666663,10.7125,101.41666666666669,1.4574999999999998,188.5,0.6666666666666666,2025,6,22,6,177.5,163.70833333333334,159.58333333333334,165.4861111111111,161.375,163.45833333333334,147.375
136.17499999999998,62.55833333333334,498.2083333333333,18.866666666666667,10.0125,131.20833333333334,1.2208333333333334,145.45833333333334,1.66875,2025,6,23,0,155.25,177.5,163.70833333333334,164.70833333333331,163.45833333333334,147.375,98.0
185.025,71.66250000000001,472.4583333333333,13.204166666666666,12.275,149.0,1.4354166666666668,226.58333333333331,1.4166666666666667,2025,6,24,1,161.375,155.25,177.5,160.02777777777774,147.375,98.0,126.25
93.525,39.9625,488.3333333333333,14.570833333333333,7.020833333333333,111.625,1.4574999999999998,103.16666666666669,0.81875,2025,6,25,2,163.45833333333334,161.375,155.25,157.40277777777774,98.0,126.25,142.125
54.29166666666666,40.145833333333336,759.8333333333334,25.179166666666664,10.883333333333333,101.41666666666669,1.180416666666667,28.875,0.7104166666666667,2025,6,26,3,147.375,163.45833333333334,161.375,136.27777777777774,126.25,142.125,159.70833333333334
68.39999999999999,47.05,822.7083333333334,37.3875,13.941666666666668,87.70833333333333,0.9179166666666668,42.66666666666666,1.40625,2025,6,27,4,98.0,147.375,163.45833333333334,123.87499999999999,142.125,159.70833333333334,135.04166666666666
151.28333333333333,60.3375,819.1666666666666,31.35833333333333,14.579166666666666,108.83333333333331,1.0095833333333333,180.79166666666663,1.6020833333333335,2025,6,28,5,126.25,98.0,147.375,122.12499999999999,159.70833333333334,135.04166666666666,117.33333333333331
86.51666666666667,48.82083333333333,521.6666666666666,19.325,11.0625,130.08333333333334,1.4533333333333334,76.375,1.2166666666666666,2025,6,29,6,142.125,126.25,98.0,142.69444444444443,135.04166666666666,117.33333333333331,110.91666666666669
81.57083333333334,42.3,487.4583333333333,18.4875,9.541666666666666,122.75,1.0508333333333333,80.83333333333333,1.41875,2025,6,30,0,159.70833333333334,142.125,126.25,145.62499999999997,117.33333333333331,110.91666666666669,130.875
77.925,37.00416666666667,427.0833333333333,17.587500000000002,8.9125,100.75,0.975,78.08333333333333,1.1375,2025,7,1,1,135.04166666666666,159.70833333333334,142.125,137.3611111111111,110.91666666666669,130.875,143.66666666666666
83.25,39.80833333333333,551.5833333333334,26.679166666666664,9.866666666666667,101.25,0.8441666666666667,83.66666666666667,1.9916666666666665,2025,7,2,2,117.33333333333331,135.04166666666666,159.70833333333334,121.09722222222221,130.875,143.66666666666666,156.04166666666666
123.90833333333336,50.91666666666666,598.0,24.33333333333333,10.379166666666666,107.20833333333331,0.9675,146.25,1.6625,2025,7,3,3,110.91666666666669,117.33333333333331,135.04166666666666,119.70833333333331,143.66666666666666,156.04166666666666,152.20833333333334
95.7125,50.54583333333333,566.2916666666666,27.354166666666668,13.416666666666666,118.04166666666669,1.01,90.95833333333331,1.76875,2025,7,4,4,130.875,110.91666666666669,117.33333333333331,128.4861111111111,156.04166666666666,152.20833333333334,147.08333333333334
109.72916666666669,55.49583333333334,603.5833333333334,22.6125,11.4125,130.08333333333334,1.3641666666666667,109.95833333333331,1.4770833333333335,2025,7,5,5,143.66666666666666,130.875,110.91666666666669,143.52777777777774,152.20833333333334,147.08333333333334,138.75
117.97083333333336,58.69583333333333,660.7083333333334,33.6625,11.083333333333334,96.75,1.33125,119.29166666666669,0.9958333333333332,2025,7,6,6,156.04166666666666,143.66666666666666,130.875,150.63888888888889,147.08333333333334,138.75,148.08333333333334
112.66666666666669,52.375,741.0,26.495833333333334,10.841666666666669,106.91666666666669,1.09375,119.08333333333331,1.4833333333333334,2025,7,7,0,152.20833333333334,156.04166666666666,143.66666666666666,151.77777777777777,138.75,148.08333333333334,97.375
75.23333333333333,52.09166666666667,818.4583333333334,36.1,12.6375,96.08333333333331,1.0933333333333333,44.708333333333336,1.225,2025,7,8,1,147.08333333333334,152.20833333333334,156.04166666666666,146.01388888888889,148.08333333333334,97.375,115.25
71.1875,46.99166666666667,622.1666666666666,30.9375,11.15,98.66666666666669,1.16875,48.208333333333336,1.2354166666666666,2025,7,9,2,138.75,147.08333333333334,152.20833333333334,144.63888888888889,97.375,115.25,169.875
42.208333333333336,30.366666666666664,377.625,23.1875,6.566666666666666,78.91666666666667,0.87,23.33333333333333,0.5479166666666667,2025,7,10,3,148.08333333333334,138.75,147.08333333333334,128.06944444444443,115.25,169.875,155.58333333333334
61.6625,54.70416666666667,702.6666666666666,38.645833333333336,14.995833333333332,97.29166666666669,0.84375,14.041666666666666,1.69375,2025,7,11,4,97.375,148.08333333333334,138.75,120.23611111111109,169.875,155.58333333333334,131.25
163.5,80.97083333333333,674.625,45.42916666666667,15.104166666666666,114.20833333333331,1.0083333333333333,166.04166666666666,1.6895833333333332,2025,7,12,5,115.25,97.375,148.08333333333334,127.49999999999999,155.58333333333334,131.25,99.58333333333331
61.85,53.333333333333336,1108.7916666666667,39.0,12.145833333333334,74.625,0.74375,16.625,1.1166666666666667,2025,7,13,6,169.875,115.25,97.375,146.90277777777774,131.25,99.58333333333331,100.70833333333331
43.65,41.891666666666666,1026.6666666666667,34.0625,8.35,75.25,0.4895833333333333,3.125,1.08125,2025,7,14,0,155.58333333333334,169.875,115.25,152.2361111111111,99.58333333333331,100.70833333333331,121.25
34.675000000000004,32.516666666666666,623.625,22.775,7.245833333333334,89.45833333333333,0.7687499999999999,3.875,1.775,2025,7,15,1,131.25,155.58333333333334,169.875,128.80555555555554,100.70833333333331,121.25,151.20833333333334
41.833333333333336,35.075,445.4583333333333,20.329166666666666,7.520833333333333,91.16666666666669,0.86375,13.041666666666666,0.8395833333333332,2025,7,16,2,99.58333333333331,131.25,155.58333333333334,110.51388888888886,121.25,151.20833333333334,161.25
92.65416666666664,54.99166666666667,538.375,20.2875,9.854166666666666,105.25,0.89125,72.29166666666667,0.9166666666666666,2025,7,17,3,100.70833333333331,99.58333333333331,131.25,107.18055555555553,151.20833333333334,161.25,198.20833333333331
77.0625,62.38333333333333,985.1666666666666,38.3,14.783333333333331,96.375,0.8279166666666667,28.416666666666668,1.40625,2025,7,18,4,121.25,100.70833333333331,99.58333333333331,124.38888888888887,161.25,198.20833333333331,132.66666666666666
104.12083333333334,70.16250000000001,1330.2916666666667,47.68333333333334,12.158333333333331,93.83333333333331,0.595,67.91666666666667,2.2916666666666665,2025,7,19,5,151.20833333333334,121.25,100.70833333333331,144.56944444444443,198.20833333333331,132.66666666666666,112.83333333333331
363.5208333333333,86.0625,667.0833333333334,29.20833333333333,9.470833333333331,94.79166666666669,0.7920833333333334,551.6666666666666,1.6854166666666668,2025,7,20,6,161.25,151.20833333333334,121.25,170.2222222222222,132.66666666666666,112.83333333333331,132.54166666666666
60.96666666666667,35.47083333333333,574.9166666666666,26.079166666666666,10.0125,77.79166666666667,0.7283333333333334,49.79166666666666,0.7604166666666666,2025,7,21,0,198.20833333333331,161.25,151.20833333333334,164.04166666666663,112.83333333333331,132.54166666666666,140.54166666666666
67.51666666666667,47.2375,500.7083333333333,21.42083333333333,8.200000000000001,97.5,0.9658333333333332,40.41666666666666,1.3270833333333334,2025,7,22,1,132.66666666666666,198.20833333333331,161.25,147.90277777777774,132.54166666666666,140.54166666666666,132.33333333333334
83.07083333333334,48.9,821.0833333333334,31.308333333333334,9.0125,88.75,1.0566666666666666,65.33333333333333,0.95,2025,7,23,2,112.83333333333331,132.66666666666666,198.20833333333331,126.01388888888886,140.54166666666666,132.33333333333334,161.58333333333334
78.08333333333333,51.69166666666666,1060.5833333333333,41.71666666666667,12.083333333333334,78.08333333333333,0.9979166666666668,53.66666666666666,0.7854166666666668,2025,7,24,3,132.54166666666666,112.83333333333331,132.66666666666666,128.63888888888886,132.33333333333334,161.58333333333334,163.08333333333334
88.53333333333335,56.3125,1418.5416666666667,48.2375,12.266666666666666,80.91666666666667,0.9666666666666668,64.54166666666667,1.0958333333333334,2025,7,25,4,140.54166666666666,132.54166666666666,112.83333333333331,135.13888888888889,161.58333333333334,163.08333333333334,162.54166666666666
83.72916666666667,70.52916666666667,1429.75,63.25,12.354166666666666,94.58333333333331,0.8566666666666666,26.541666666666668,1.4604166666666665,2025,7,26,5,132.33333333333334,140.54166666666666,132.54166666666666,144.81944444444443,163.08333333333334,162.54166666666666,153.0
76.47083333333333,68.2625,998.5,56.725,13.025,102.875,0.8341666666666666,16.5,2.01875,2025,7,27,6,161.58333333333334,132.33333333333334,140.54166666666666,152.33333333333334,162.54166666666666,153.0,136.75
104.12083333333334,74.70833333333333,1024.7083333333333,43.91666666666666,12.404166666666669,104.54166666666669,1.1895833333333334,59.333333333333336,1.3979166666666665,2025,7,28,0,163.08333333333334,161.58333333333334,132.33333333333334,162.40277777777774,153.0,136.75,125.33333333333331
96.32083333333333,47.56666666666666,542.0416666666666,17.8125,6.958333333333333,113.08333333333331,1.05375,97.625,1.3541666666666667,2025,7,29,1,162.54166666666666,163.08333333333334,161.58333333333334,159.54166666666666,136.75,125.33333333333331,108.41666666666669
114.39166666666668,51.7625,464.625,21.616666666666664,9.4875,103.125,1.01,122.70833333333331,1.56875,2025,7,30,2,153.0,162.54166666666666,163.08333333333334,150.76388888888889,125.33333333333331,108.41666666666669,127.20833333333331
39.74166666666667,37.60416666666666,500.8333333333333,22.59583333333333,10.975,72.0,0.6570833333333334,4.208333333333333,1.1666666666666667,2025,7,31,3,136.75,153.0,162.54166666666666,138.3611111111111,108.41666666666669,127.20833333333331,155.95833333333334
45.73333333333333,45.2875,747.1666666666666,26.016666666666666,13.325,67.125,0.6191666666666666,0.6666666666666666,0.53125,2025,8,1,4,125.33333333333331,136.75,153.0,123.49999999999999,127.20833333333331,155.95833333333334,151.95833333333334
48.0,46.9125,851.3333333333334,41.15,9.625,81.41666666666667,0.6758333333333333,2.1666666666666665,1.525,2025,8,2,5,108.41666666666669,125.33333333333331,136.75,120.31944444444441,155.95833333333334,151.95833333333334,134.125
107.71666666666664,74.95,681.5,45.85,13.416666666666666,102.66666666666669,0.8975,65.79166666666667,1.3270833333333334,2025,8,3,6,127.20833333333331,108.41666666666669,125.33333333333331,130.52777777777774,151.95833333333334,134.125,143.125
91.28333333333336,48.99583333333334,667.8333333333334,21.0125,8.9,120.58333333333331,0.8275,83.04166666666667,1.7062499999999998,2025,8,4,0,155.95833333333334,127.20833333333331,108.41666666666669,145.04166666666666,134.125,143.125,159.58333333333334
112.725,50.12916666666666,472.0833333333333,17.841666666666665,7.9875,96.91666666666669,0.7470833333333333,121.45833333333331,1.8458333333333328,2025,8,5,1,151.95833333333334,155.95833333333334,127.20833333333331,147.3472222222222,143.125,159.58333333333334,157.625
138.62916666666666,59.72083333333333,615.625,22.691666666666663,9.825,101.91666666666669,0.82125,154.04166666666666,1.8041666666666665,2025,8,6,2,134.125,151.95833333333334,155.95833333333334,143.06944444444443,159.58333333333334,157.625,147.95833333333334
135.39583333333334,67.96666666666667,673.4166666666666,37.22916666666666,11.341666666666669,97.33333333333331,0.7229166666666668,131.5,1.8458333333333328,2025,8,7,3,143.125,134.125,151.95833333333334,145.6111111111111,157.625,147.95833333333334,155.20833333333334
100.6125,54.07916666666667,600.4583333333334,31.5125,10.691666666666668,97.70833333333331,0.6341666666666667,89.58333333333333,1.9041666666666668,2025,8,8,4,159.58333333333334,143.125,134.125,153.44444444444443,147.95833333333334,155.20833333333334,148.375
135.3375,61.825,700.2916666666666,29.58333333333333,12.279166666666669,104.5,0.7641666666666667,141.41666666666666,1.7875,2025,8,9,5,157.625,159.58333333333334,143.125,155.05555555555554,155.20833333333334,148.375,125.625
112.75833333333333,58.17083333333333,764.7916666666666,35.94166666666667,12.420833333333334,94.83333333333331,0.7670833333333333,105.0,1.8083333333333331,2025,8,10,6,147.95833333333334,157.625,159.58333333333334,153.5972222222222,148.375,125.625,147.83333333333334
103.875,48.14166666666667,630.0416666666666,26.20833333333333,10.295833333333333,82.16666666666667,0.7933333333333333,108.75,1.5479166666666666,2025,8,11,0,155.20833333333334,147.95833333333334,157.625,150.51388888888889,125.625,147.83333333333334,145.33333333333334
139.125,51.833333333333336,762.1666666666666,19.1375,9.779166666666669,82.41666666666667,0.8966666666666666,172.5,1.2208333333333334,2025,8,12,1,148.375,155.20833333333334,147.95833333333334,143.06944444444443,147.83333333333334,145.33333333333334,141.58333333333334
121.2875,57.9125,614.0,24.791666666666668,12.0,86.125,0.9708333333333332,122.70833333333331,1.21875,2025,8,13,2,125.625,148.375,155.20833333333334,140.6111111111111,145.33333333333334,141.58333333333334,156.125
83.14166666666667,48.13333333333333,617.125,33.62916666666667,11.529166666666669,58.54166666666666,0.64625,70.41666666666667,0.1916666666666666,2025,8,14,3,147.83333333333334,125.625,148.375,139.5972222222222,141.58333333333334,156.125,145.79166666666666
66.675,56.65833333333333,679.4166666666666,36.2,13.308333333333332,88.66666666666667,0.7704166666666667,19.375,1.1270833333333334,2025,8,15,4,145.33333333333334,147.83333333333334,125.625,144.91666666666666,156.125,145.79166666666666,106.5
71.87916666666666,64.49166666666666,789.3333333333334,31.4375,9.916666666666666,100.625,1.1995833333333332,14.916666666666666,1.4791666666666667,2025,8,16,5,141.58333333333334,145.33333333333334,147.83333333333334,147.68055555555554,145.79166666666666,106.5,140.5
42.520833333333336,40.40416666666667,521.5,19.829166666666666,6.504166666666666,91.625,1.1225,4.0,1.1333333333333333,2025,8,17,6,156.125,141.58333333333334,145.33333333333334,147.8333333333333,106.5,140.5,121.54166666666669
45.05,44.25833333333333,535.5833333333334,25.995833333333334,12.295833333333334,69.75,1.0025,1.625,0.9854166666666666,2025,8,18,0,145.79166666666666,156.125,141.58333333333334,136.13888888888889,140.5,121.54166666666669,133.20833333333334
52.90833333333333,51.1625,577.375,35.045833333333334,11.216666666666669,84.95833333333333,0.6708333333333334,3.5,2.0,2025,8,19,1,106.5,145.79166666666666,156.125,130.93055555555554,121.54166666666669,133.20833333333334,152.41666666666666
46.25416666666666,37.44166666666667,601.25,32.74583333333333,8.5875,85.08333333333333,0.5720833333333334,17.166666666666668,1.5770833333333334,2025,8,20,2,140.5,106.5,145.79166666666666,122.84722222222221,133.20833333333334,152.41666666666666,126.08333333333331
52.03333333333333,48.79583333333333,676.4583333333334,42.78333333333333,14.45,106.125,0.4379166666666667,6.25,2.1979166666666665,2025,8,21,3,121.54166666666669,140.5,106.5,131.75,152.41666666666666,126.08333333333331,86.33333333333333
60.51666666666667,57.50416666666666,811.875,44.7375,13.2875,100.375,0.6725,5.25,1.75625,2025,8,22,4,133.20833333333334,121.54166666666669,140.5,135.7222222222222,126.08333333333331,86.33333333333333,82.04166666666667
37.025,33.895833333333336,500.6666666666667,20.3375,8.700000000000001,94.16666666666669,1.0691666666666666,5.958333333333333,1.1291666666666669,2025,8,23,5,152.41666666666666,133.20833333333334,121.54166666666669,137.2361111111111,86.33333333333333,82.04166666666667,59.54166666666666
28.02083333333333,27.054166666666664,545.8333333333334,29.71666666666667,11.341666666666669,56.29166666666666,0.6783333333333333,1.7083333333333333,0.5375,2025,8,24,6,126.08333333333331,152.41666666666666,133.20833333333334,121.61111111111107,82.04166666666667,59.54166666666666,79.16666666666667
22.6125,22.604166666666668,461.9166666666667,23.6375,5.7625,42.75,0.3416666666666666,0.0,0.2770833333333333,2025,8,25,0,86.33333333333333,126.08333333333331,152.41666666666666,98.15277777777776,59.54166666666666,79.16666666666667,133.25
19.204166666666666,19.0375,420.0,20.120833333333334,4.8625,64.54166666666667,0.42625,0.375,0.4604166666666667,2025,8,26,1,82.04166666666667,86.33333333333333,126.08333333333331,75.9722222222222,79.16666666666667,133.25,121.54166666666669
34.0875,33.375,780.125,26.491666666666664,7.4375,87.04166666666667,0.5379166666666667,1.4583333333333333,1.59375,2025,8,27,2,59.54166666666666,82.04166666666667,86.33333333333333,73.58333333333331,133.25,121.54166666666669,91.58333333333331
51.59583333333333,50.90833333333333,818.875,34.07083333333333,10.279166666666669,91.83333333333331,0.6933333333333334,1.4583333333333333,1.5229166666666665,2025,8,28,3,79.16666666666667,59.54166666666666,82.04166666666667,90.65277777777776,121.54166666666669,91.58333333333331,109.04166666666669
36.00416666666667,35.670833333333334,480.3333333333333,23.52083333333333,7.170833333333333,84.20833333333333,0.8883333333333333,0.5833333333333334,1.3104166666666666,2025,8,29,4,133.25,79.16666666666667,59.54166666666666,111.31944444444444,91.58333333333331,109.04166666666669,93.875
33.75833333333333,33.43333333333333,598.0416666666666,24.9875,10.408333333333331,73.41666666666667,0.7625000000000001,0.5416666666666666,1.0875,2025,8,30,5,121.54166666666669,133.25,79.16666666666667,115.45833333333331,109.04166666666669,93.875,66.16666666666667
39.75416666666667,39.62083333333333,586.75,28.683333333333334,10.6625,61.54166666666666,0.755,0.0,0.6416666666666667,2025,8,31,6,91.58333333333331,121.54166666666669,133.25,107.38888888888887,93.875,66.16666666666667,72.5
21.120833333333334,21.08333333333333,421.9166666666667,13.620833333333332,9.229166666666666,92.75,0.4520833333333333,0.0,1.5770833333333334,2025,9,1,0,109.04166666666669,91.58333333333331,121.54166666666669,98.16666666666664,66.16666666666667,72.5,79.41666666666667
20.95833333333333,20.85833333333333,455.5416666666667,16.283333333333335,8.095833333333333,67.66666666666667,0.4312499999999999,0.0,0.75,2025,9,2,1,93.875,109.04166666666669,91.58333333333331,89.69444444444444,72.5,79.41666666666667,100.16666666666669
24.14583333333333,24.0,435.7916666666667,24.65,8.145833333333334,58.125,0.48875,0.0833333333333333,0.56875,2025,9,3,2,66.16666666666667,93.875,109.04166666666669,77.51388888888887,79.41666666666667,100.16666666666669,131.45833333333334
24.2625,23.870833333333334,630.9166666666666,25.35,9.283333333333331,61.91666666666666,0.3808333333333333,0.5416666666666666,1.7000000000000002,2025,9,4,3,72.5,66.16666666666667,93.875,72.69444444444443,100.16666666666669,131.45833333333334,121.75
40.1125,39.266666666666666,1240.7916666666667,56.9125,13.129166666666668,79.375,0.22875,0.6666666666666666,2.002083333333333,2025,9,5,4,79.41666666666667,72.5,66.16666666666667,84.02777777777777,131.45833333333334,121.75,97.625
51.15,49.80416666666667,1081.5833333333333,62.61666666666667,14.779166666666669,75.70833333333333,0.34125,1.2083333333333333,1.15,2025,9,6,5,100.16666666666669,79.41666666666667,72.5,103.68055555555554,121.75,97.625,115.125
39.35416666666666,38.7,794.9166666666666,34.579166666666666,10.691666666666668,66.41666666666667,0.6733333333333333,1.2916666666666667,0.8020833333333334,2025,9,7,6,131.45833333333334,100.16666666666669,79.41666666666667,117.79166666666667,97.625,115.125,110.875
30.829166666666666,30.58333333333333,986.0833333333334,32.6625,7.458333333333333,71.625,0.5904166666666667,0.2083333333333333,1.2125,2025,9,8,0,121.75,131.45833333333334,100.16666666666669,116.94444444444441,115.125,110.875,87.29166666666667
45.86666666666667,45.57916666666667,960.375,43.65,12.716666666666669,83.41666666666667,0.435,0.375,1.60625,2025,9,9,1,97.625,121.75,131.45833333333334,111.49999999999999,110.875,87.29166666666667,101.29166666666669
34.608333333333334,29.883333333333336,674.7083333333334,26.6375,9.8875,79.83333333333333,0.32125,8.916666666666666,1.8875,2025,9,10,2,115.125,97.625,121.75,107.87499999999999,87.29166666666667,101.29166666666669,111.54166666666669
41.29583333333333,33.43333333333333,844.0833333333334,30.566666666666663,10.829166666666666,74.08333333333333,0.3425,14.791666666666666,1.945833333333333,2025,9,11,3,110.875,115.125,97.625,104.43055555555554,101.29166666666669,111.54166666666669,115.29166666666669
47.1,38.12916666666667,888.7083333333334,41.0625,10.429166666666667,59.625,0.4170833333333333,16.833333333333332,1.7083333333333333,2025,9,12,4,87.29166666666667,110.875,115.125,99.81944444444444,111.54166666666669,115.29166666666669,112.54166666666669
49.44583333333333,41.86666666666667,863.5833333333334,50.63333333333333,12.125,65.29166666666667,0.5333333333333333,14.125,1.40625,2025,9,13,5,101.29166666666669,87.29166666666667,110.875,100.04166666666667,115.29166666666669,112.54166666666669,114.375
42.30416666666667,36.37916666666667,877.4583333333334,53.275000000000006,11.9375,66.41666666666667,0.435,10.625,1.7020833333333334,2025,9,14,6,111.54166666666669,101.29166666666669,87.29166666666667,109.375,112.54166666666669,114.375,135.16666666666666
44.24166666666667,36.329166666666666,894.0,46.25833333333333,11.583333333333334,79.66666666666667,0.4783333333333333,14.333333333333334,1.6458333333333333,2025,9,15,0,115.29166666666669,111.54166666666669,101.29166666666669,113.125,114.375,135.16666666666666,142.125
50.95416666666667,40.25416666666667,670.9166666666666,38.895833333333336,10.983333333333334,86.66666666666667,0.4916666666666667,20.33333333333333,1.59375,2025,9,16,1,112.54166666666669,115.29166666666669,111.54166666666669,114.06944444444444,135.16666666666666,142.125,137.54166666666666
80.00833333333334,52.12916666666666,840.625,47.925,14.3,92.33333333333331,0.5220833333333333,53.66666666666666,1.5833333333333333,2025,9,17,2,114.375,112.54166666666669,115.29166666666669,120.69444444444441,142.125,137.54166666666666,149.0
64.55416666666666,46.4625,613.2083333333334,33.550000000000004,11.495833333333332,97.45833333333331,0.5175,35.666666666666664,1.5354166666666669,2025,9,18,3,135.16666666666666,114.375,112.54166666666669,130.55555555555551,137.54166666666666,149.0,159.29166666666666
63.925,47.41666666666666,712.6666666666666,38.4,13.666666666666666,95.125,0.4545833333333333,31.875,1.5520833333333333,2025,9,19,4,142.125,135.16666666666666,114.375,138.27777777777774,149.0,159.29166666666666,153.08333333333334
73.72500000000001,59.49166666666667,1006.9583333333334,54.2875,16.779166666666665,85.25,0.3916666666666666,27.666666666666668,1.6729166666666666,2025,9,20,5,137.54166666666666,142.125,135.16666666666666,142.88888888888889,159.29166666666666,153.08333333333334,119.5
83.40416666666667,62.475,728.5833333333334,63.2375,18.2375,91.375,0.3954166666666667,40.625,1.5729166666666667,2025,9,21,6,149.0,137.54166666666666,142.125,148.6111111111111,153.08333333333334,119.5,109.625
61.5875,50.958333333333336,626.7083333333334,62.00416666666666,15.616666666666667,74.79166666666667,0.3041666666666666,19.95833333333333,1.6833333333333331,2025,9,22,0,159.29166666666666,149.0,137.54166666666666,153.79166666666666,119.5,109.625,118.04166666666669
45.36666666666667,35.520833333333336,657.4166666666666,50.475,12.529166666666669,79.75,0.2375,17.791666666666668,1.7770833333333331,2025,9,23,1,153.08333333333334,159.29166666666666,149.0,143.95833333333334,109.625,118.04166666666669,130.20833333333334
50.19166666666666,38.55833333333333,623.8333333333334,50.65833333333333,13.15,77.79166666666667,0.2591666666666666,21.5,1.7354166666666666,2025,9,24,2,119.5,153.08333333333334,159.29166666666666,127.40277777777776,118.04166666666669,130.20833333333334,135.45833333333334
51.38333333333333,38.84166666666667,731.75,50.6125,12.833333333333334,77.625,0.2479166666666666,23.33333333333333,1.7604166666666667,2025,9,25,3,109.625,119.5,153.08333333333334,115.72222222222221,130.20833333333334,135.45833333333334,131.125
55.50416666666666,44.51666666666667,781.3333333333334,45.67083333333333,14.3375,86.29166666666667,0.37125,20.291666666666668,1.5895833333333331,2025,9,26,4,118.04166666666669,109.625,119.5,119.29166666666667,135.45833333333334,131.125,132.45833333333334
60.62916666666666,49.46666666666667,898.4583333333334,54.75,15.5625,88.875,0.35625,21.625,1.5375,2025,9,27,5,130.20833333333334,118.04166666666669,109.625,127.90277777777777,131.125,132.45833333333334,160.75
45.5625,40.00833333333333,1117.875,50.9125,12.183333333333332,93.16666666666669,0.3104166666666667,11.208333333333334,1.6791666666666665,2025,9,28,6,135.45833333333334,130.20833333333334,118.04166666666669,132.26388888888889,132.45833333333334,160.75,142.20833333333334
68.77916666666667,55.145833333333336,1125.375,52.15833333333333,18.070833333333333,93.79166666666669,0.5287499999999999,27.0,1.225,2025,9,29,0,131.125,135.45833333333334,130.20833333333334,133.01388888888889,160.75,142.20833333333334,154.125
69.39999999999999,55.39166666666667,1104.5416666666667,37.016666666666666,18.7875,120.08333333333331,0.5083333333333334,27.70833333333333,1.2854166666666669,2025,9,30,1,132.45833333333334,131.125,135.45833333333334,141.44444444444443,142.20833333333334,154.125,153.66666666666666
61.37916666666666,48.975,889.5833333333334,32.3875,14.808333333333332,110.625,0.5854166666666667,24.75,1.2583333333333333,2025,10,1,2,160.75,132.45833333333334,131.125,145.13888888888889,154.125,153.66666666666666,146.625
69.1375,58.90416666666667,888.8333333333334,44.52916666666667,16.504166666666666,100.04166666666669,0.6304166666666667,20.20833333333333,1.2104166666666667,2025,10,2,3,142.20833333333334,160.75,132.45833333333334,152.3611111111111,153.66666666666666,146.625,153.04166666666666
55.3625,49.47916666666666,926.4166666666666,28.7125,15.1,118.91666666666669,0.7491666666666666,11.208333333333334,1.0416666666666667,2025,10,3,4,154.125,142.20833333333334,160.75,149.99999999999997,146.625,153.04166666666666,116.25
64.97916666666667,58.74166666666667,1333.0416666666667,38.41666666666666,17.3125,97.91666666666669,0.7254166666666667,12.0,1.0895833333333331,2025,10,4,5,153.66666666666666,154.125,142.20833333333334,151.4722222222222,153.04166666666666,116.25,104.25
63.625,56.6875,618.0416666666666,41.2375,14.6,93.08333333333331,0.6933333333333334,12.75,1.09375,2025,10,5,6,146.625,153.66666666666666,154.125,151.1111111111111,116.25,104.25,105.16666666666669
45.93333333333334,35.1625,370.4166666666667,29.9625,10.925,77.58333333333333,0.6683333333333333,20.33333333333333,0.6145833333333334,2025,10,6,0,153.04166666666666,146.625,153.66666666666666,138.63888888888889,104.25,105.16666666666669,137.16666666666666
44.7875,34.800000000000004,658.7916666666666,35.275,8.891666666666667,65.5,0.4937499999999999,18.291666666666668,1.0833333333333333,2025,10,7,1,116.25,153.04166666666666,146.625,124.51388888888887,105.16666666666669,137.16666666666666,140.33333333333334
49.84166666666667,41.2875,972.125,49.88333333333333,11.558333333333332,66.70833333333333,0.3483333333333333,15.416666666666666,1.2395833333333333,2025,10,8,2,104.25,116.25,153.04166666666666,108.55555555555554,137.16666666666666,140.33333333333334,147.91666666666666
59.56666666666666,53.05833333333334,1688.3333333333333,56.35833333333333,15.004166666666668,78.45833333333333,0.2704166666666667,12.208333333333334,1.2666666666666666,2025,10,9,3,105.16666666666669,104.25,116.25,115.52777777777776,140.33333333333334,147.91666666666666,130.125
63.67916666666667,56.66666666666666,1473.7916666666667,60.22916666666666,14.895833333333334,75.08333333333333,0.2579166666666667,13.125,1.3041666666666667,2025,10,10,4,137.16666666666666,105.16666666666669,104.25,127.55555555555554,147.91666666666666,130.125,155.45833333333334
52.29583333333333,48.1,1084.625,59.49583333333334,14.3625,72.5,0.23,7.958333333333333,1.3916666666666666,2025,10,11,5,140.33333333333334,137.16666666666666,105.16666666666669,141.80555555555554,130.125,155.45833333333334,159.0
60.083333333333336,54.24583333333333,1161.4166666666667,47.69166666666666,15.620833333333332,83.25,0.2170833333333333,11.208333333333334,1.3833333333333335,2025,10,12,6,147.91666666666666,140.33333333333334,137.16666666666666,139.45833333333334,155.45833333333334,159.0,159.625
69.82083333333334,65.97083333333333,1287.125,76.29166666666667,19.875,79.625,0.2320833333333333,7.166666666666667,1.3229166666666667,2025,10,13,0,130.125,147.91666666666666,140.33333333333334,144.49999999999997,159.0,159.625,164.66666666666666
76.92916666666666,73.66250000000001,1453.8333333333333,79.47500000000001,21.683333333333334,74.29166666666667,0.3025,6.125,1.2604166666666667,2025,10,14,1,155.45833333333334,130.125,147.91666666666666,148.19444444444443,159.625,164.66666666666666,164.66666666666666
68.93333333333334,64.97916666666667,1620.25,56.21666666666667,20.241666666666667,87.75,0.5079166666666667,7.291666666666667,1.0,2025,10,15,2,159.0,155.45833333333334,130.125,158.02777777777774,164.66666666666666,164.66666666666666,165.25
80.27499999999999,75.6125,1441.625,70.49166666666666,22.729166666666668,88.33333333333333,0.4425,8.458333333333334,1.125,2025,10,16,3,159.625,159.0,155.45833333333334,161.0972222222222,164.66666666666666,165.25,163.70833333333334
76.88333333333334,74.4375,1664.0,82.05416666666666,23.666666666666668,84.33333333333333,0.2975,4.375,1.2395833333333333,2025,10,17,4,164.66666666666666,159.625,159.0,162.9861111111111,165.25,163.70833333333334,155.54166666666666
78.57083333333334,76.95,1611.125,89.35416666666667,26.354166666666668,86.625,0.2491666666666666,3.0,1.23125,2025,10,18,5,164.66666666666666,164.66666666666666,159.625,164.8611111111111,163.70833333333334,155.54166666666666,152.20833333333334
76.32916666666667,75.175,1883.25,87.21249999999999,24.416666666666668,75.66666666666667,0.3091666666666666,2.083333333333333,1.1479166666666665,2025,10,19,6,165.25,164.66666666666666,164.66666666666666,164.54166666666666,155.54166666666666,152.20833333333334,131.875
65.37916666666666,62.40833333333333,1299.6666666666667,78.6375,19.375,74.45833333333333,0.3145833333333333,5.416666666666667,1.1479166666666667,2025,10,20,0,163.70833333333334,165.25,164.66666666666666,161.49999999999997,152.20833333333334,131.875,150.0
57.520833333333336,54.45416666666667,904.75,59.47083333333333,16.233333333333334,77.125,0.4112499999999999,5.75,1.0229166666666667,2025,10,21,1,155.54166666666666,163.70833333333334,165.25,157.15277777777774,131.875,150.0,158.20833333333334
51.3125,49.36666666666667,1105.9166666666667,56.66666666666666,13.295833333333334,73.33333333333333,0.3125,3.625,1.1479166666666667,2025,10,22,2,152.20833333333334,155.54166666666666,163.70833333333334,146.54166666666663,150.0,158.20833333333334,167.08333333333334
70.02499999999999,66.41666666666667,2013.8333333333333,66.8,16.129166666666666,73.58333333333333,0.3358333333333334,6.625,1.1104166666666666,2025,10,23,3,131.875,152.20833333333334,155.54166666666666,144.69444444444443,158.20833333333334,167.08333333333334,179.5
75.7375,73.04166666666667,1387.2083333333333,72.10416666666667,20.8875,72.875,0.34625,4.833333333333333,1.1208333333333331,2025,10,24,4,150.0,131.875,152.20833333333334,146.69444444444443,167.08333333333334,179.5,181.16666666666663
99.1375,94.475,1404.8333333333333,78.82083333333334,26.2625,87.125,0.4745833333333333,8.75,1.0145833333333334,2025,10,25,5,158.20833333333334,150.0,131.875,158.43055555555554,179.5,181.16666666666663,173.125
120.94583333333333,114.7125,1498.0,79.71666666666667,28.275,92.45833333333331,0.615,11.666666666666666,0.9229166666666666,2025,10,26,6,167.08333333333334,158.20833333333334,150.0,168.26388888888889,181.16666666666663,173.125,177.16666666666666
113.4,107.9375,1256.6666666666667,71.87916666666666,27.84583333333333,86.75,0.6483333333333333,10.166666666666666,0.8666666666666667,2025,10,27,0,179.5,167.08333333333334,158.20833333333334,175.91666666666663,173.125,177.16666666666666,185.91666666666663
121.5,95.05416666666667,1370.375,80.10000000000001,21.90833333333333,69.75,0.5054166666666666,49.5,1.0229166666666667,2025,10,28,1,181.16666666666663,179.5,167.08333333333334,177.93055555555551,177.16666666666666,185.91666666666663,180.54166666666663
132.90416666666667,116.6375,1638.625,74.50416666666666,21.33333333333333,79.66666666666667,0.6979166666666666,29.541666666666668,0.9104166666666668,2025,10,29,2,173.125,181.16666666666663,179.5,177.15277777777774,185.91666666666663,180.54166666666663,181.54166666666663
127.92916666666667,121.34166666666664,1477.7916666666667,74.86666666666666,24.041666666666668,80.54166666666667,0.6766666666666666,12.375,0.9,2025,10,30,3,177.16666666666666,173.125,181.16666666666663,178.7361111111111,180.54166666666663,181.54166666666663,177.25
116.7875,110.925,1534.375,60.01666666666666,19.704166666666666,88.875,0.515,10.916666666666666,0.98125,2025,10,31,4,185.91666666666663,177.16666666666666,173.125,181.20833333333326,181.54166666666663,177.25,180.375
121.15,114.025,1559.25,65.49166666666666,17.962500000000002,69.70833333333333,0.5437500000000001,13.083333333333334,0.93125,2025,11,1,5,180.54166666666663,185.91666666666663,177.16666666666666,182.6666666666666,177.25,180.375,168.70833333333334
114.95416666666668,108.025,1813.875,50.72916666666666,17.25,78.54166666666667,0.44625,12.666666666666666,0.9729166666666668,2025,11,2,6,181.54166666666663,180.54166666666663,185.91666666666663,179.77777777777774,180.375,168.70833333333334,125.91666666666669
120.6125,113.87083333333334,2270.208333333333,72.1125,24.120833333333334,66.375,0.37,12.083333333333334,1.0291666666666666,2025,11,3,0,177.25,181.54166666666663,180.54166666666663,179.72222222222217,168.70833333333334,125.91666666666669,102.45833333333331
73.20416666666667,63.63333333333333,705.4583333333334,29.28333333333333,14.9375,86.16666666666667,0.46375,17.791666666666668,0.8875000000000001,2025,11,4,1,180.375,177.25,181.54166666666663,175.44444444444443,125.91666666666669,102.45833333333331,114.41666666666669
59.44166666666666,40.145833333333336,584.7916666666666,20.975,10.8,88.95833333333333,0.3845833333333333,35.666666666666664,0.8520833333333333,2025,11,5,2,168.70833333333334,180.375,177.25,158.33333333333334,102.45833333333331,114.41666666666669,148.58333333333334
35.375,33.612500000000004,850.1666666666666,32.12083333333333,11.758333333333333,74.625,0.1770833333333333,2.9166666666666665,0.9333333333333336,2025,11,6,3,125.91666666666669,168.70833333333334,180.375,132.3611111111111,114.41666666666669,148.58333333333334,153.20833333333334
51.05,49.35833333333333,1370.0833333333333,49.49166666666667,14.370833333333332,71.625,0.1420833333333333,2.7916666666666665,0.9291666666666668,2025,11,7,4,102.45833333333331,125.91666666666669,168.70833333333334,114.26388888888887,148.58333333333334,153.20833333333334,157.04166666666666
60.52916666666667,58.91666666666666,1598.3333333333333,55.37083333333334,14.995833333333332,68.625,0.2045833333333333,2.7916666666666665,0.8854166666666666,2025,11,8,5,114.41666666666669,102.45833333333331,125.91666666666669,121.81944444444441,153.20833333333334,157.04166666666666,175.29166666666666
62.38333333333333,61.50416666666666,1681.0833333333333,55.17083333333333,13.745833333333332,67.79166666666667,0.1854166666666666,1.4583333333333333,0.9083333333333332,2025,11,9,6,148.58333333333334,114.41666666666669,102.45833333333331,138.73611111111111,157.04166666666666,175.29166666666666,177.33333333333334
88.075,86.45416666666667,2232.208333333333,62.10833333333333,18.42083333333333,63.41666666666666,0.345,2.833333333333333,0.85,2025,11,10,0,153.20833333333334,148.58333333333334,114.41666666666669,152.94444444444443,175.29166666666666,177.33333333333334,174.625
115.17916666666667,111.69166666666666,1708.625,66.32083333333334,22.1375,67.29166666666667,0.50875,6.25,0.7458333333333332,2025,11,11,1,157.04166666666666,153.20833333333334,148.58333333333334,161.8472222222222,177.33333333333334,174.625,167.0
105.29583333333332,102.34166666666664,1470.9166666666667,59.89166666666667,20.34583333333333,71.625,0.3833333333333333,5.083333333333333,0.7833333333333333,2025,11,12,2,175.29166666666666,157.04166666666666,153.20833333333334,169.88888888888889,174.625,167.0,178.375
95.07916666666668,92.32083333333333,1523.75,56.6,18.975,67.16666666666667,0.2825,5.083333333333333,0.8041666666666667,2025,11,13,3,177.33333333333334,175.29166666666666,157.04166666666666,175.75,167.0,178.375,171.875
102.9375,98.24583333333334,1785.25,61.05833333333334,22.691666666666663,62.0,0.3116666666666667,8.541666666666666,0.8125,2025,11,14,4,174.625,177.33333333333334,175.29166666666666,172.9861111111111,178.375,171.875,176.125
109.85416666666669,105.24166666666667,2014.6666666666667,62.9875,27.46666666666667,60.625,0.3129166666666667,8.458333333333334,0.8125,2025,11,15,5,167.0,174.625,177.33333333333334,173.3333333333333,171.875,176.125,190.70833333333331
101.25416666666666,99.01666666666668,2208.0416666666665,68.33333333333333,26.816666666666663,54.375,0.3274999999999999,4.083333333333333,0.8624999999999999,2025,11,16,6,178.375,167.0,174.625,172.41666666666663,176.125,190.70833333333331,197.70833333333331
119.9875,118.75833333333333,2213.0416666666665,75.57083333333334,29.133333333333336,55.375,0.3520833333333333,2.125,0.8416666666666667,2025,11,17,0,171.875,178.375,167.0,175.4583333333333,190.70833333333331,197.70833333333331,195.04166666666663
142.4,141.42499999999998,2418.9166666666665,76.0625,34.391666666666666,67.29166666666667,0.455,1.8333333333333333,0.7708333333333334,2025,11,18,1,176.125,171.875,178.375,179.56944444444443,197.70833333333331,195.04166666666663,193.375
152.17499999999998,151.4,1987.7916666666667,88.33749999999999,44.22916666666666,76.0,0.5345833333333333,1.2083333333333333,0.71875,2025,11,19,2,190.70833333333331,176.125,171.875,188.18055555555551,195.04166666666663,193.375,199.375
135.34166666666667,134.88750000000002,1913.625,88.925,41.93333333333333,81.08333333333333,0.6004166666666667,1.0,0.6729166666666666,2025,11,20,3,197.70833333333331,190.70833333333331,176.125,194.48611111111106,193.375,199.375,205.625
144.04583333333332,143.41666666666666,1568.8333333333333,72.84166666666667,33.229166666666664,73.58333333333333,0.7979166666666666,1.2083333333333333,0.5895833333333333,2025,11,21,4,195.04166666666663,197.70833333333331,190.70833333333331,195.37499999999997,199.375,205.625,182.0
148.79583333333332,147.87916666666666,2177.75,72.50833333333334,34.92916666666667,73.25,0.6816666666666666,1.4583333333333333,0.6333333333333333,2025,11,22,5,193.375,195.04166666666663,197.70833333333331,195.93055555555551,205.625,182.0,176.08333333333334
145.04583333333332,143.72916666666666,2601.875,89.22500000000001,37.2375,71.0,0.5670833333333333,2.208333333333333,0.5916666666666667,2025,11,23,6,199.375,193.375,195.04166666666663,199.4583333333333,182.0,176.08333333333334,177.70833333333334
106.15416666666664,104.8,1941.9583333333333,59.27916666666667,26.60833333333333,78.875,0.3616666666666666,2.5416666666666665,0.6916666666666668,2025,11,24,0,205.625,199.375,193.375,195.66666666666663,176.08333333333334,177.70833333333334,181.54166666666663
104.34166666666664,103.07083333333333,1823.3333333333333,56.47916666666666,27.058333333333334,75.04166666666667,0.3041666666666666,2.375,0.7208333333333333,2025,11,25,1,182.0,205.625,199.375,187.90277777777774,177.70833333333334,181.54166666666663,179.75
117.6875,115.84583333333336,2011.5416666666667,63.45416666666667,32.291666666666664,67.125,0.3325,3.5416666666666665,0.7166666666666667,2025,11,26,2,176.08333333333334,182.0,205.625,178.5972222222222,181.54166666666663,179.75,166.5
116.16666666666669,114.63333333333333,1725.7083333333333,63.40833333333333,31.46666666666667,72.66666666666667,0.3374999999999999,2.875,0.7229166666666668,2025,11,27,3,177.70833333333334,176.08333333333334,182.0,178.44444444444443,179.75,166.5,162.20833333333334
101.84166666666668,101.12916666666666,1667.0833333333333,59.6,30.633333333333336,77.95833333333333,0.3,1.3333333333333333,0.7395833333333334,2025,11,28,4,181.54166666666663,177.70833333333334,176.08333333333334,179.66666666666663,166.5,162.20833333333334,162.95833333333334
79.83333333333333,78.85833333333333,1973.3333333333333,47.708333333333336,27.695833333333336,86.95833333333333,0.20375,1.875,0.7937500000000001,2025,11,29,5,179.75,181.54166666666663,177.70833333333334,175.93055555555551,162.20833333333334,162.95833333333334,181.375
78.75416666666666,77.90833333333333,1842.1666666666667,50.75833333333333,24.55,78.08333333333333,0.2154166666666666,1.4166666666666667,0.7374999999999999,2025,11,30,6,166.5,179.75,181.54166666666663,169.4861111111111,162.95833333333334,181.375,191.83333333333331
92.175,91.14583333333331,2717.333333333333,54.16666666666666,24.829166666666666,72.45833333333333,0.33375,1.0,0.7000000000000001,2025,12,1,0,162.20833333333334,166.5,179.75,163.88888888888889,181.375,191.83333333333331,178.83333333333334
132.70000000000002,132.22083333333333,2306.625,64.7,33.3125,74.41666666666667,0.5241666666666667,1.0,0.6083333333333333,2025,12,2,1,162.95833333333334,162.20833333333334,166.5,168.8472222222222,191.83333333333331,178.83333333333334,176.0
129.37916666666666,129.14166666666668,2055.2916666666665,56.14166666666667,31.704166666666666,84.20833333333333,0.3679166666666666,0.4166666666666667,0.6791666666666667,2025,12,3,2,181.375,162.95833333333334,162.20833333333334,178.7222222222222,178.83333333333334,176.0,170.95833333333334
98.5125,98.14166666666668,1869.125,58.40416666666667,26.525,73.95833333333333,0.3258333333333333,0.375,0.6833333333333335,2025,12,4,3,191.83333333333331,181.375,162.95833333333334,184.01388888888883,176.0,170.95833333333334,171.04166666666666
111.85416666666669,110.2125,2155.6666666666665,68.37083333333334,31.275,71.16666666666667,0.3045833333333333,0.6666666666666666,0.6645833333333333,2025,12,5,4,178.83333333333334,191.83333333333331,181.375,182.22222222222217,170.95833333333334,171.04166666666666,180.41666666666663
86.29166666666667,85.82916666666667,1618.75,36.75416666666667,23.979166666666668,86.41666666666667,0.2704166666666667,0.75,0.6687500000000001,2025,12,6,5,176.0,178.83333333333334,191.83333333333331,175.26388888888889,171.04166666666666,180.41666666666663,154.83333333333334
113.00833333333334,112.04583333333332,2331.1666666666665,55.23333333333333,25.2125,72.54166666666667,0.35375,1.7083333333333333,0.61875,2025,12,7,6,170.95833333333334,176.0,178.83333333333334,172.66666666666666,180.41666666666663,154.83333333333334,162.375
93.70416666666668,92.25,1655.9583333333333,48.47916666666666,21.291666666666668,76.79166666666667,0.2625,2.5416666666666665,0.6104166666666667,2025,12,8,0,171.04166666666666,170.95833333333334,176.0,174.13888888888883,154.83333333333334,162.375,187.375
66.8,64.13333333333334,1703.5833333333333,44.9875,18.004166666666666,70.20833333333333,0.205,2.583333333333333,0.6666666666666666,2025,12,9,1,180.41666666666663,171.04166666666666,170.95833333333334,168.76388888888883,162.375,187.375,209.45833333333331
94.60416666666669,92.6875,2170.75,61.1125,25.2625,61.375,0.2195833333333333,1.125,0.6416666666666667,2025,12,10,2,154.83333333333334,180.41666666666663,171.04166666666666,165.87499999999997,187.375,209.45833333333331,228.0
146.01250000000002,145.07500000000002,2488.458333333333,75.41666666666667,37.325,74.54166666666667,0.32,1.0416666666666667,0.625,2025,12,11,3,162.375,154.83333333333334,180.41666666666663,168.19444444444443,209.45833333333331,228.0,199.375
181.60833333333332,180.69583333333333,3688.6666666666665,91.54166666666669,40.55833333333333,77.66666666666667,0.3899999999999999,1.5416666666666667,0.6041666666666666,2025,12,12,4,187.375,162.375,154.83333333333334,186.40277777777774,228.0,199.375,224.875
164.57500000000002,163.06666666666666,2228.583333333333,65.6875,37.7375,68.41666666666667,0.52625,2.875,0.4604166666666667,2025,12,13,5,209.45833333333331,187.375,162.375,208.27777777777774,199.375,224.875,178.58333333333334
170.09583333333333,166.97916666666666,1863.7083333333333,61.41666666666666,41.40416666666667,82.45833333333333,0.4875,5.875,0.50625,2025,12,14,6,228.0,209.45833333333331,187.375,212.27777777777774,224.875,178.58333333333334,165.54166666666666
149.04583333333332,145.975,1867.6666666666667,54.63333333333333,37.36666666666667,78.79166666666667,0.3929166666666666,5.666666666666667,0.54375,2025,12,15,0,199.375,228.0,209.45833333333331,217.41666666666666,178.58333333333334,165.54166666666666,180.79166666666663
90.99166666666667,88.60000000000001,1607.25,31.8375,24.7,98.75,0.29875,4.333333333333333,0.65625,2025,12,16,1,224.875,199.375,228.0,200.94444444444443,165.54166666666666,180.79166666666663,222.29166666666663
95.30833333333334,87.925,2091.0,43.11666666666667,20.33333333333333,75.58333333333333,0.2433333333333333,13.75,0.6916666666666668,2025,12,17,2,178.58333333333334,224.875,199.375,189.66666666666666,180.79166666666663,222.29166666666663,209.41666666666663
162.4625,158.19583333333333,2947.375,68.925,43.69166666666666,78.91666666666667,0.3895833333333333,7.791666666666667,0.5666666666666667,2025,12,18,3,165.54166666666666,178.58333333333334,224.875,174.9722222222222,222.29166666666663,209.41666666666663,198.625
164.46666666666667,163.5875,3165.7916666666665,76.31666666666666,42.016666666666666,72.04166666666667,0.4216666666666666,1.3333333333333333,0.625,2025,12,19,4,180.79166666666663,165.54166666666666,178.58333333333334,189.54166666666663,209.41666666666663,198.625,188.33333333333331
155.42916666666667,153.77916666666667,3617.9166666666665,66.89166666666667,40.50833333333333,65.375,0.48875,3.0416666666666665,0.4916666666666667,2025,12,20,5,222.29166666666663,180.79166666666663,165.54166666666666,204.16666666666663,198.625,188.33333333333331,161.5
141.9375,139.57500000000002,1989.2916666666667,48.10416666666666,30.15416666666667,69.125,0.6079166666666667,4.375,0.5104166666666666,2025,12,21,6,209.41666666666663,222.29166666666663,180.79166666666663,210.1111111111111,188.33333333333331,161.5,142.16666666666666
111.8125,109.20833333333331,1951.8333333333333,51.70416666666667,22.90833333333333,51.25,0.635,4.583333333333333,0.4666666666666666,2025,12,22,0,198.625,209.41666666666663,222.29166666666663,198.79166666666663,161.5,142.16666666666666,155.83333333333334
60.2125,57.5625,994.0833333333334,31.566666666666663,14.641666666666666,64.25,0.3866666666666666,4.541666666666667,0.5604166666666667,2025,12,23,1,188.33333333333331,198.625,209.41666666666663,182.81944444444443,142.16666666666666,155.83333333333334,173.25
57.54166666666666,54.77916666666667,1372.7916666666667,37.68333333333333,16.45,64.04166666666667,0.18625,3.4166666666666665,0.6208333333333333,2025,12,24,2,161.5,188.33333333333331,198.625,163.99999999999997,155.83333333333334,173.25,188.41666666666663
78.97500000000001,76.84166666666667,1850.2083333333333,54.57916666666667,22.7875,51.833333333333336,0.1775,0.4166666666666667,0.6020833333333333,2025,12,25,3,142.16666666666666,161.5,188.33333333333331,153.16666666666666,173.25,188.41666666666663,189.20833333333331
126.3375,123.8125,2534.25,66.27499999999999,39.145833333333336,56.958333333333336,0.2691666666666666,1.3333333333333333,0.6062500000000001,2025,12,26,4,155.83333333333334,142.16666666666666,161.5,157.08333333333334,188.41666666666663,189.20833333333331,193.45833333333331
125.45833333333331,124.31666666666666,2298.75,52.30833333333334,32.5125,71.04166666666667,0.3516666666666666,2.083333333333333,0.5645833333333333,2025,12,27,5,173.25,155.83333333333334,142.16666666666666,172.49999999999997,189.20833333333331,193.45833333333331,220.75
143.55416666666667,142.95416666666668,2684.125,64.52083333333333,35.55833333333333,61.54166666666666,0.3687499999999999,0.8333333333333334,0.5854166666666667,2025,12,28,6,188.41666666666663,173.25,155.83333333333334,183.62499999999997,193.45833333333331,220.75,207.08333333333331
141.26250000000002,140.75416666666666,2210.0416666666665,68.92916666666666,33.65416666666667,54.04166666666666,0.4370833333333333,0.7083333333333334,0.4645833333333333,2025,12,29,0,189.20833333333331,188.41666666666663,173.25,190.36111111111106,220.75,207.08333333333331,187.79166666666663
172.85416666666666,172.52916666666667,2240.625,75.07083333333334,46.8875,68.625,0.4983333333333333,0.375,0.5229166666666667,2025,12,30,1,193.45833333333331,189.20833333333331,188.41666666666663,201.13888888888883,207.08333333333331,187.79166666666663,195.875
156.34166666666667,155.65833333333333,2120.208333333333,57.62083333333334,32.4,53.5,0.68,1.2916666666666667,0.3020833333333333,2025,12,31,2,220.75,193.45833333333331,189.20833333333331,207.0972222222222,187.79166666666663,195.875,190.33333333333331
124.3125,121.425,1360.5,33.44583333333333,23.070833333333336,62.125,1.36125,4.875,0.1729166666666667,2026,1,1,3,207.08333333333331,220.75,193.45833333333331,205.2083333333333,195.875,190.33333333333331,196.45833333333331
142.34166666666667,138.28333333333333,1497.0833333333333,55.91666666666666,23.704166666666666,50.625,0.6891666666666666,7.125,0.5020833333333333,2026,1,2,4,187.79166666666663,207.08333333333331,220.75,196.91666666666663,190.33333333333331,196.45833333333331,238.25
137.82916666666668,134.30833333333334,2244.7916666666665,58.19166666666667,24.758333333333336,55.79166666666666,0.5791666666666667,6.166666666666667,0.5354166666666667,2026,1,3,5,195.875,187.79166666666663,207.08333333333331,191.3333333333333,196.45833333333331,238.25,218.75
165.05416666666667,160.04583333333332,2036.2916666666667,69.6125,30.90833333333333,50.75,0.8558333333333333,8.833333333333334,0.4666666666666666,2026,1,4,6,190.33333333333331,195.875,187.79166666666663,194.2222222222222,238.25,218.75,226.54166666666663
192.2625,186.8083333333333,2041.0833333333333,66.27499999999999,28.383333333333336,63.875,0.9083333333333332,9.708333333333334,0.4666666666666666,2026,1,5,0,196.45833333333331,190.33333333333331,195.875,208.3472222222222,218.75,226.54166666666663,274.0833333333333
178.29166666666666,173.53333333333333,2104.7916666666665,54.4625,21.829166666666666,69.29166666666667,0.8191666666666667,8.291666666666666,0.4104166666666666,2026,1,6,1,238.25,196.45833333333331,190.33333333333331,217.81944444444443,226.54166666666663,274.0833333333333,234.70833333333331
206.63333333333333,200.9,2619.0416666666665,80.19583333333334,29.05,64.20833333333333,0.7970833333333333,10.166666666666666,0.39375,2026,1,7,2,218.75,238.25,196.45833333333331,227.8472222222222,274.0833333333333,234.70833333333331,199.95833333333331
220.51666666666665,214.6,2742.9166666666665,81.16666666666667,36.52916666666666,56.0,0.71125,10.458333333333334,0.4041666666666666,2026,1,8,3,226.54166666666663,218.75,238.25,239.79166666666663,234.70833333333331,199.95833333333331,197.45833333333331
160.53333333333333,156.10416666666666,1805.2916666666667,60.55833333333334,23.566666666666663,56.083333333333336,0.5933333333333334,7.791666666666667,0.4895833333333333,2026,1,9,4,274.0833333333333,226.54166666666663,218.75,245.1111111111111,199.95833333333331,197.45833333333331,194.33333333333331
152.69583333333333,150.18333333333334,1841.2083333333333,58.875,24.9625,74.375,0.4708333333333334,4.375,0.5541666666666667,2026,1,10,5,234.70833333333331,274.0833333333333,226.54166666666663,236.24999999999997,197.45833333333331,194.33333333333331,242.16666666666663
142.45000000000002,141.1875,2035.9583333333333,50.84166666666667,23.2625,85.45833333333333,0.4845833333333333,2.125,0.6333333333333333,2026,1,11,6,199.95833333333331,234.70833333333331,274.0833333333333,210.70833333333326,194.33333333333331,242.16666666666663,265.0416666666667
160.99583333333334,159.56666666666666,3625.8333333333335,60.99166666666667,28.64583333333333,74.58333333333333,0.4216666666666667,2.0416666666666665,0.6291666666666667,2026,1,12,0,197.45833333333331,199.95833333333331,234.70833333333331,197.24999999999991,242.16666666666663,265.0416666666667,269.125
216.85,214.85416666666663,3559.875,80.50833333333334,38.49583333333333,62.458333333333336,0.66125,2.125,0.5708333333333333,2026,1,13,1,194.33333333333331,197.45833333333331,199.95833333333331,211.31944444444437,265.0416666666667,269.125,297.625
213.50833333333333,212.63333333333333,3541.5416666666665,72.96249999999999,32.90833333333333,85.08333333333333,0.6495833333333333,1.3333333333333333,0.625,2026,1,14,2,242.16666666666663,194.33333333333331,197.45833333333331,233.84722222222217,269.125,297.625,296.1666666666667
234.1291666666667,233.03333333333333,3812.0833333333335,86.46249999999999,27.516666666666666,69.70833333333333,0.5429166666666666,2.083333333333333,0.6083333333333333,2026,1,15,3,265.0416666666667,242.16666666666663,194.33333333333331,258.77777777777777,297.625,296.1666666666667,233.91666666666663
256.3833333333333,253.65,2955.458333333333,93.625,45.18333333333334,47.04166666666666,0.5495833333333333,5.041666666666667,0.4895833333333333,2026,1,16,4,269.125,265.0416666666667,242.16666666666663,277.26388888888886,296.1666666666667,233.91666666666663,264.0833333333333
224.32916666666665,220.58333333333331,2294.25,72.21249999999999,38.69583333333333,55.54166666666666,0.3891666666666666,6.708333333333333,0.53125,2026,1,17,5,297.625,269.125,265.0416666666667,287.63888888888886,233.91666666666663,264.0833333333333,249.91666666666663
185.02916666666667,181.54166666666663,2792.708333333333,80.52916666666667,36.891666666666666,67.91666666666667,0.4975,6.125,0.5375,2026,1,18,6,296.1666666666667,297.625,269.125,275.9027777777777,264.0833333333333,249.91666666666663,231.58333333333331
220.1208333333333,217.67916666666667,2383.4166666666665,92.15,41.1375,74.625,0.7083333333333334,4.25,0.5020833333333333,2026,1,19,0,233.91666666666663,296.1666666666667,297.625,264.7222222222222,249.91666666666663,231.58333333333331,212.95833333333331
192.33333333333331,189.97916666666663,2141.0416666666665,76.90416666666667,32.84583333333333,70.25,0.6366666666666667,4.166666666666667,0.50625,2026,1,20,1,264.0833333333333,233.91666666666663,296.1666666666667,249.30555555555551,231.58333333333331,212.95833333333331,149.95833333333334
179.7541666666667,177.35416666666666,2183.75,82.5,35.083333333333336,66.70833333333333,0.485,4.291666666666667,0.5979166666666667,2026,1,21,2,249.91666666666663,264.0833333333333,233.91666666666663,248.52777777777771,212.95833333333331,149.95833333333334,142.0
122.575,120.84166666666664,1728.0416666666667,54.4125,26.041666666666668,72.125,0.6629166666666667,3.0416666666666665,0.5270833333333333,2026,1,22,3,231.58333333333331,249.91666666666663,264.0833333333333,231.48611111111106,149.95833333333334,142.0,147.125
53.59166666666667,46.35416666666666,627.5833333333334,21.8,12.108333333333334,71.08333333333333,0.57,12.958333333333334,0.5479166666666667,2026,1,23,4,212.95833333333331,231.58333333333331,249.91666666666663,198.16666666666663,142.0,147.125,168.625
77.10416666666667,59.10833333333333,1242.25,34.62916666666667,14.054166666666667,46.125,0.3304166666666666,30.125,0.5958333333333333,2026,1,24,5,149.95833333333334,212.95833333333331,231.58333333333331,168.30555555555551,147.125,168.625,166.5
69.47916666666667,68.13333333333334,1354.5416666666667,38.35833333333333,15.745833333333332,64.16666666666667,0.3070833333333333,2.083333333333333,0.6416666666666667,2026,1,25,6,142.0,149.95833333333334,212.95833333333331,146.3611111111111,168.625,166.5,162.5
111.45833333333331,108.4875,1743.8333333333333,58.3375,23.258333333333336,44.66666666666666,0.5845833333333333,1.9166666666666667,0.3875,2026,1,26,0,147.125,142.0,149.95833333333334,152.5833333333333,166.5,162.5,164.0
73.2875,68.70416666666667,759.75,30.20833333333333,13.4875,61.29166666666666,0.6741666666666667,8.125,0.375,2026,1,27,1,168.625,147.125,142.0,160.74999999999997,162.5,164.0,157.54166666666666
90.725,87.28333333333335,1163.5833333333333,41.95,20.25,56.083333333333336,0.37625,5.291666666666667,0.6916666666666668,2026,1,28,2,166.5,168.625,147.125,165.87499999999997,164.0,157.54166666666666,183.70833333333331
70.91250000000001,69.38333333333334,1360.0416666666667,45.3,21.025,57.583333333333336,0.2329166666666666,1.4166666666666667,0.7208333333333333,2026,1,29,3,162.5,166.5,168.625,164.3333333333333,157.54166666666666,183.70833333333331,206.79166666666663
85.60416666666667,83.25833333333334,2125.125,60.15,23.2,57.708333333333336,0.255,0.875,0.7270833333333333,2026,1,30,4,164.0,162.5,166.5,161.34722222222217,183.70833333333331,206.79166666666663,193.75
148.13750000000002,146.09583333333333,2318.083333333333,74.55,26.7125,51.91666666666666,0.5108333333333334,2.125,0.5520833333333334,2026,1,31,5,157.54166666666666,164.0,162.5,168.4166666666666,206.79166666666663,193.75,175.625
158.78333333333333,156.24166666666667,1166.375,53.29583333333333,18.866666666666667,54.125,0.9395833333333332,4.458333333333333,0.4291666666666667,2026,2,1,6,183.70833333333331,157.54166666666666,164.0,182.68055555555551,193.75,175.625,188.625
120.14583333333331,116.66666666666669,1067.2916666666667,45.96666666666667,12.216666666666669,41.5,0.7395833333333334,6.083333333333333,0.5375,2026,2,2,0,206.79166666666663,183.70833333333331,157.54166666666666,194.74999999999991,175.625,188.625,158.75
117.65416666666664,113.61666666666667,1555.125,52.92083333333333,22.616666666666664,72.20833333333333,0.6345833333333334,7.125,0.6416666666666667,2026,2,3,1,193.75,206.79166666666663,183.70833333333331,192.05555555555551,188.625,158.75,164.08333333333334
116.19583333333333,111.7625,1097.9166666666667,48.80416666666667,13.129166666666668,54.54166666666666,0.4704166666666666,8.041666666666666,0.75,2026,2,4,2,175.625,193.75,206.79166666666663,185.99999999999997,158.75,164.08333333333334,164.54166666666666
70.14999999999999,66.66666666666667,1351.2916666666667,42.16666666666666,15.908333333333331,68.75,0.1941666666666666,5.75,0.9,2026,2,5,3,188.625,175.625,193.75,174.3333333333333,164.08333333333334,164.54166666666666,120.29166666666669
99.23333333333332,95.67083333333332,1771.9166666666667,67.575,24.14583333333333,62.875,0.425,3.7083333333333335,0.8416666666666667,2026,2,6,4,158.75,188.625,175.625,170.4861111111111,164.54166666666666,120.29166666666669,159.5
68.53750000000001,50.52916666666667,941.0416666666666,36.8,14.825,64.5,0.29375,32.875,0.9583333333333334,2026,2,7,5,164.08333333333334,158.75,188.625,162.4583333333333,120.29166666666669,159.5,169.16666666666666
58.25416666666666,52.03333333333333,1061.2916666666667,40.40833333333333,13.625,68.95833333333333,0.1725,9.75,0.9770833333333332,2026,2,8,6,164.54166666666666,164.08333333333334,158.75,149.63888888888886,159.5,169.16666666666666,119.375
97.12083333333334,91.80416666666667,1566.6666666666667,64.0125,22.979166666666668,55.25,0.40375,6.291666666666667,0.7604166666666666,2026,2,9,0,120.29166666666669,164.54166666666666,164.08333333333334,148.1111111111111,169.16666666666666,119.375,103.66666666666669
82.4375,75.77083333333333,880.7083333333334,29.85833333333333,14.929166666666667,83.16666666666667,0.6379166666666667,9.5,0.6583333333333333,2026,2,10,1,159.5,120.29166666666669,164.54166666666666,149.65277777777774,119.375,103.66666666666669,149.625
40.8,34.53333333333333,646.5,23.329166666666666,9.9625,73.54166666666667,0.2879166666666666,11.583333333333334,0.86875,2026,2,11,2,169.16666666666666,159.5,120.29166666666669,149.34722222222217,103.66666666666669,149.625,161.41666666666666
45.67083333333333,43.26666666666667,1002.2916666666666,33.78333333333333,13.3875,76.29166666666667,0.1695833333333333,3.5,1.0229166666666667,2026,2,12,3,119.375,169.16666666666666,159.5,130.7361111111111,149.625,161.41666666666666,157.20833333333334
70.24583333333334,67.87083333333334,1198.8333333333333,50.7125,17.337500000000002,67.75,0.2275,2.0,0.9875,2026,2,13,4,103.66666666666669,119.375,169.16666666666666,124.22222222222219,161.41666666666666,157.20833333333334,160.79166666666666
81.02083333333333,77.22083333333333,1289.9166666666667,50.22916666666666,19.5,74.54166666666667,0.2791666666666667,4.916666666666667,0.91875,2026,2,14,5,149.625,103.66666666666669,119.375,138.2361111111111,157.20833333333334,160.79166666666666,159.83333333333334
77.45416666666667,68.4125,1441.4583333333333,45.74166666666667,16.254166666666666,75.33333333333333,0.24875,16.875,0.9458333333333332,2026,2,15,6,161.41666666666666,149.625,103.66666666666669,156.0833333333333,160.79166666666666,159.83333333333334,163.625
