date,pm10,pm2_5,carbon_monoxide,nitrogen_dioxide,sulphur_dioxide,ozone,aerosol_optical_depth,dust,uv_index,us_aqi,european_aqi
2022-08-01,,,,,,,,,,,
2022-08-02,,,,,,,,,,,
2022-08-03,,,,,,,,,,,
2022-08-04,55.23684210526316,37.49473684210526,724.5263157894736,36.689473684210526,13.668421052631578,97.63157894736842,1.0594736842105263,5.157894736842105,1.0789473684210527,,
2022-08-05,59.895833333333336,40.59583333333333,625.7916666666666,28.537499999999998,15.375,78.79166666666667,0.9658333333333333,6.083333333333333,1.0958333333333334,113.05263157894737,72.63157894736842
2022-08-06,63.0,44.041666666666664,1144.0416666666667,39.416666666666664,15.320833333333333,80.08333333333333,0.39666666666666667,0.6666666666666666,1.6333333333333335,109.91666666666667,70.75
2022-08-07,83.16666666666667,57.36666666666667,1437.7916666666667,55.4125,19.508333333333333,89.83333333333333,0.8295833333333333,3.625,1.3812499999999999,150.625,86.58333333333333
2022-08-08,69.79583333333333,46.875,1091.125,39.670833333333334,16.370833333333334,88.375,0.7754166666666666,8.541666666666666,1.7125000000000001,130.20833333333334,76.33333333333333
2022-08-09,88.175,61.11666666666667,1624.9166666666667,57.0875,22.995833333333334,92.95833333333333,0.4920833333333334,2.1666666666666665,2.097916666666667,155.20833333333334,87.75
2022-08-10,97.04583333333333,67.5625,1522.5,66.175,25.879166666666666,92.41666666666667,0.5158333333333334,1.125,1.96875,158.16666666666666,91.25
2022-08-11,57.96666666666667,40.141666666666666,898.625,45.3125,14.333333333333334,44.25,0.5804166666666667,1.75,0.8895833333333334,147.08333333333334,85.58333333333333
2022-08-12,41.5375,28.900000000000002,806.25,36.145833333333336,14.129166666666668,58.208333333333336,0.13708333333333333,0.75,2.5437499999999997,82.58333333333333,60.625
2022-08-13,72.08333333333333,49.94583333333333,1311.5,55.36666666666667,22.1125,75.70833333333333,0.26333333333333336,1.875,2.3541666666666665,122.875,74.20833333333333
2022-08-14,63.97083333333333,42.1875,728.75,33.475,18.554166666666667,101.20833333333333,0.60875,10.833333333333334,1.8083333333333333,137.41666666666666,76.95833333333333
2022-08-15,46.17083333333333,31.245833333333334,593.4583333333334,28.020833333333332,13.645833333333334,66.16666666666667,0.52625,4.416666666666667,0.9333333333333332,99.625,68.125
2022-08-16,60.270833333333336,41.733333333333334,1016.625,41.90833333333333,15.945833333333333,61.625,0.2579166666666667,1.5416666666666667,1.7249999999999999,100.58333333333333,68.41666666666667
2022-08-17,46.01666666666667,28.84583333333333,518.25,26.579166666666666,11.766666666666666,64.29166666666667,0.31416666666666665,14.375,1.7666666666666666,104.83333333333333,69.83333333333333
2022-08-18,58.4125,38.391666666666666,854.375,34.15,17.729166666666668,74.54166666666667,0.32708333333333334,10.0,2.029166666666667,91.58333333333333,64.70833333333333
2022-08-19,60.6625,39.40416666666666,1296.875,42.9625,20.962500000000002,57.25,0.3625,12.916666666666666,1.477083333333333,111.04166666666667,71.91666666666667
2022-08-20,70.2375,44.512499999999996,1275.2083333333333,47.18333333333334,20.304166666666667,82.04166666666667,0.5620833333333334,17.75,1.5458333333333334,130.08333333333334,76.29166666666667
2022-08-21,80.3875,49.0625,1149.6666666666667,40.99166666666667,21.6875,86.25,0.6045833333333334,27.291666666666668,1.8708333333333333,115.25,71.375
2022-08-22,121.73333333333333,76.94583333333334,2124.0,68.40416666666667,30.766666666666666,83.29166666666667,0.5725,31.375,1.875,160.0,97.0
2022-08-23,73.62083333333334,49.65416666666667,968.7916666666666,45.35833333333333,17.216666666666665,91.54166666666667,0.5575,8.375,1.8645833333333333,155.16666666666666,88.41666666666667
2022-08-24,48.333333333333336,28.954166666666666,469.25,21.95,13.479166666666666,79.20833333333333,0.3670833333333334,20.291666666666668,1.9208333333333334,113.70833333333333,72.79166666666667
2022-08-25,52.65,33.762499999999996,594.5416666666666,26.683333333333334,15.387500000000001,89.58333333333333,0.5404166666666667,11.75,1.7249999999999999,88.75,63.25
2022-08-26,81.71666666666667,51.63333333333333,1254.0833333333333,43.68333333333334,22.09583333333333,83.79166666666667,0.5133333333333333,20.041666666666668,1.70625,123.33333333333333,75.16666666666667
2022-08-27,114.875,74.54583333333333,2335.5,65.97500000000001,34.891666666666666,89.91666666666667,0.5366666666666667,20.25,1.6416666666666666,161.5,95.83333333333333
2022-08-28,77.39166666666667,49.9125,1254.0,54.725,20.695833333333333,74.58333333333333,0.5470833333333333,14.125,1.675,148.25,86.75
2022-08-29,58.199999999999996,37.766666666666666,790.4583333333334,35.604166666666664,14.683333333333332,96.20833333333333,0.6783333333333333,10.833333333333334,1.3729166666666666,124.5,74.04166666666667
2022-08-30,78.94166666666666,53.550000000000004,1441.7916666666667,53.4125,24.208333333333332,99.125,0.645,6.75,1.54375,116.95833333333333,70.58333333333333
2022-08-31,135.21666666666667,92.50416666666666,2881.0416666666665,90.79166666666667,37.05416666666667,95.79166666666667,0.63875,7.833333333333333,1.5166666666666666,172.20833333333334,110.375
2022-09-01,101.81666666666666,67.77916666666667,2157.2916666666665,74.60000000000001,24.854166666666668,82.91666666666667,0.48125,11.708333333333334,1.7625000000000002,161.66666666666666,96.5
2022-09-02,113.21249999999999,74.825,2017.5416666666667,70.25,25.34583333333333,132.41666666666666,0.6995833333333333,15.0,1.3416666666666668,182.0,99.08333333333333
2022-09-03,103.24166666666667,68.15416666666667,1617.4583333333333,51.775,22.816666666666666,105.375,0.5641666666666666,14.25,1.5208333333333333,163.875,97.58333333333333
2022-09-04,75.10000000000001,48.0875,975.8333333333334,40.141666666666666,16.683333333333334,95.0,0.54125,16.583333333333332,1.5604166666666666,152.625,87.875
2022-09-05,61.97083333333333,38.166666666666664,589.2083333333334,25.900000000000002,15.262500000000001,102.25,0.5979166666666667,19.875,1.5374999999999999,117.41666666666667,72.20833333333333
2022-09-06,92.02083333333333,54.99583333333334,1138.375,43.300000000000004,19.625,102.16666666666667,0.7174999999999999,35.625,1.4145833333333335,131.04166666666666,75.33333333333333
2022-09-07,123.54166666666667,77.07916666666667,2024.5,66.65833333333333,29.3,94.41666666666667,0.6254166666666666,35.833333333333336,1.4124999999999999,161.33333333333334,93.125
2022-09-08,144.04166666666666,94.83333333333333,2717.25,84.42083333333333,34.9,104.5,0.7575,24.291666666666668,1.4229166666666666,178.29166666666666,116.16666666666667
2022-09-09,103.64999999999999,69.06666666666666,1164.5416666666667,44.5875,19.958333333333332,110.08333333333333,0.9745833333333334,14.875,1.1333333333333333,167.58333333333334,99.91666666666667
2022-09-10,95.42916666666667,64.97500000000001,1123.7916666666667,38.454166666666666,14.545833333333334,91.83333333333333,1.0954166666666667,8.541666666666666,1.0083333333333333,156.125,93.66666666666667
2022-09-11,97.80416666666667,66.35833333333333,1199.625,43.512499999999996,18.1125,91.91666666666667,1.2133333333333334,9.791666666666666,0.9270833333333334,156.91666666666666,92.66666666666667
2022-09-12,97.23333333333333,67.02083333333333,1453.5833333333333,51.69166666666666,19.220833333333335,91.33333333333333,0.8320833333333333,5.333333333333333,1.3666666666666665,158.20833333333334,93.41666666666667
2022-09-13,114.58333333333333,78.9875,2276.5833333333335,65.32916666666667,27.166666666666668,97.08333333333333,0.7145833333333332,5.25,1.3729166666666668,167.25,100.75
2022-09-14,99.1125,68.47083333333333,1850.0833333333333,62.862500000000004,20.837500000000002,94.08333333333333,0.7166666666666667,4.416666666666667,1.2729166666666667,162.33333333333334,96.75
2022-09-15,103.21249999999999,70.83333333333333,1559.4583333333333,61.574999999999996,23.120833333333334,96.875,0.6933333333333334,6.75,1.34375,162.70833333333334,95.5
2022-09-16,106.82916666666667,71.87083333333332,993.9166666666666,41.583333333333336,18.941666666666666,107.41666666666667,1.06,13.833333333333334,1.18125,159.33333333333334,97.45833333333333
2022-09-17,113.94166666666666,76.8125,1456.5,42.608333333333334,25.025000000000002,110.625,0.9750000000000001,14.0,1.16875,162.70833333333334,95.33333333333333
2022-09-18,136.11666666666667,92.39999999999999,2458.3333333333335,65.24583333333334,32.05833333333333,88.66666666666667,0.6816666666666666,12.708333333333334,1.25625,171.375,114.04166666666667
2022-09-19,140.74583333333334,94.42916666666667,2796.2083333333335,89.25833333333333,33.074999999999996,96.5,0.6091666666666666,16.291666666666668,1.4312500000000001,175.91666666666666,113.0
2022-09-20,128.38750000000002,86.12083333333334,1737.9166666666667,66.6875,30.15833333333333,93.66666666666667,0.8554166666666667,15.791666666666666,0.9291666666666667,171.41666666666666,110.625
2022-09-21,116.94583333333333,79.11666666666666,1452.1666666666667,54.49583333333334,26.1875,90.29166666666667,0.9054166666666666,11.583333333333334,1.1020833333333333,171.5,115.25
2022-09-22,50.324999999999996,34.52916666666667,705.8333333333334,31.650000000000002,13.591666666666667,63.583333333333336,0.41791666666666666,3.0,1.5916666666666668,128.5,79.75
2022-09-23,45.49583333333334,31.420833333333334,731.7916666666666,34.11666666666667,16.0125,72.58333333333333,0.2733333333333334,1.5,1.6020833333333335,96.33333333333333,66.25
2022-09-24,29.758333333333336,20.833333333333332,570.4166666666666,29.066666666666666,9.308333333333334,68.20833333333333,0.3841666666666667,0.0,0.4604166666666667,76.70833333333333,53.458333333333336
2022-09-25,33.579166666666666,23.45,675.5833333333334,27.641666666666666,9.508333333333333,80.08333333333333,0.35874999999999996,0.25,1.5125,70.875,47.791666666666664
2022-09-26,71.64999999999999,48.5625,1458.3333333333333,45.333333333333336,23.825,78.125,0.6104166666666667,6.583333333333333,1.2895833333333333,93.08333333333333,64.375
2022-09-27,139.51666666666668,95.7375,3322.8333333333335,99.15833333333335,41.891666666666666,91.41666666666667,0.5345833333333333,7.541666666666667,1.2666666666666666,168.66666666666666,105.91666666666667
2022-09-28,129.48333333333332,88.21666666666665,2400.9166666666665,95.53333333333335,31.395833333333332,86.41666666666667,0.64125,10.166666666666666,1.2750000000000001,170.70833333333334,109.79166666666667
2022-09-29,144.27083333333334,96.77916666666665,2249.625,77.80416666666666,30.316666666666666,78.29166666666667,0.8525,16.458333333333332,1.05625,169.5,113.95833333333333
2022-09-30,126.30833333333334,84.14583333333333,2080.375,77.1375,26.058333333333334,73.95833333333333,0.6304166666666666,16.291666666666668,1.2541666666666667,169.875,114.58333333333333
2022-10-01,115.24583333333334,77.26666666666667,1647.0416666666667,66.21249999999999,24.304166666666664,75.04166666666667,0.5575,12.958333333333334,1.2708333333333333,162.58333333333334,103.625
2022-10-02,109.7625,74.28750000000001,1540.625,55.09166666666667,26.079166666666666,83.91666666666667,0.4879166666666667,9.375,1.3291666666666666,159.66666666666666,99.25
2022-10-03,135.12083333333334,92.10000000000001,1950.5833333333333,59.28333333333333,43.125,82.20833333333333,0.43291666666666667,8.458333333333334,1.3354166666666665,166.58333333333334,109.625
2022-10-04,148.97083333333333,101.46666666666665,1278.5833333333333,43.475,54.04583333333333,89.83333333333333,0.435,9.791666666666666,1.3354166666666665,172.29166666666666,118.29166666666667
2022-10-05,135.11666666666667,91.73333333333333,1131.0416666666667,33.94166666666667,47.28333333333333,107.625,0.4479166666666667,10.625,1.3187499999999999,171.5,115.625
2022-10-06,118.19166666666666,79.55,851.0416666666666,29.55,40.016666666666666,103.95833333333333,0.5220833333333333,11.916666666666666,1.2208333333333334,163.625,104.04166666666667
2022-10-07,117.35000000000001,79.75833333333334,807.5416666666666,21.170833333333334,38.15416666666667,124.16666666666667,0.6616666666666667,9.625,1.1291666666666667,167.08333333333334,106.66666666666667
2022-10-08,99.02083333333333,68.00833333333334,989.8333333333334,38.2125,24.95,93.33333333333333,0.5929166666666666,5.875,1.1666666666666667,158.70833333333334,97.70833333333333
2022-10-09,92.72083333333335,62.00833333333333,1097.7083333333333,49.3375,23.741666666666664,72.29166666666667,0.6295833333333333,12.375,1.1291666666666667,155.33333333333334,92.33333333333333
2022-10-10,69.375,46.78333333333333,812.75,36.166666666666664,17.375,84.54166666666667,0.9116666666666666,7.583333333333333,0.9083333333333333,151.125,87.95833333333333
2022-10-11,36.858333333333334,25.379166666666666,673.5416666666666,29.912499999999998,11.145833333333334,71.25,0.5025000000000001,1.9166666666666667,0.8666666666666667,94.91666666666667,66.29166666666667
2022-10-12,71.93333333333334,50.074999999999996,1510.9583333333333,53.80416666666667,18.441666666666666,58.291666666666664,0.4666666666666666,1.125,1.1666666666666667,97.875,67.375
2022-10-13,144.0,99.00416666666666,2897.0833333333335,93.5,38.233333333333334,63.125,0.5995833333333334,6.833333333333333,0.9666666666666667,161.0,102.33333333333333
2022-10-14,162.68333333333334,111.53333333333335,2883.6666666666665,89.3875,39.766666666666666,72.33333333333333,0.5166666666666667,9.875,1.04375,175.66666666666666,123.08333333333333
2022-10-15,172.38333333333333,118.66250000000001,3076.9583333333335,90.03333333333335,37.916666666666664,76.20833333333333,0.48333333333333334,8.208333333333334,1.0999999999999999,185.375,138.125
2022-10-16,150.76250000000002,104.10000000000001,1354.875,48.4125,43.30416666666667,91.875,0.5191666666666667,6.291666666666667,1.0770833333333334,173.16666666666666,119.75
2022-10-17,173.88333333333333,119.7375,1340.125,39.90833333333333,53.32916666666667,95.04166666666667,0.5654166666666667,7.916666666666667,1.0729166666666667,181.5,132.08333333333334
2022-10-18,151.42499999999998,104.25,1122.875,30.425,41.24583333333333,98.5,0.6920833333333333,7.458333333333333,0.9791666666666666,183.29166666666666,135.0
2022-10-19,121.36666666666667,83.53750000000001,853.0,22.95,32.574999999999996,107.79166666666667,0.8025000000000001,6.041666666666667,0.8354166666666667,167.20833333333334,110.625
2022-10-20,74.41666666666667,49.34583333333333,418.7083333333333,11.450000000000001,16.75,104.04166666666667,0.9341666666666666,12.0,0.7833333333333333,155.625,94.41666666666667
2022-10-21,98.27499999999999,65.49583333333334,743.5833333333334,28.495833333333334,34.25,75.875,0.58875,13.25,0.9125,135.33333333333334,79.95833333333333
2022-10-22,147.20416666666668,99.95,1122.5,48.03333333333333,48.84166666666667,71.25,0.37125,12.875,1.0125,166.5,109.20833333333333
2022-10-23,172.11249999999998,118.74583333333334,1512.2916666666667,59.06666666666666,42.81666666666666,75.04166666666667,0.37125,7.458333333333333,0.9854166666666667,181.16666666666666,131.95833333333334
2022-10-24,166.9625,116.15416666666665,1319.4166666666667,42.59166666666667,52.225,101.54166666666667,0.41625,3.3333333333333335,0.9229166666666666,182.20833333333334,133.29166666666666
2022-10-25,194.57500000000002,135.39583333333334,1337.125,36.5625,62.5875,98.5,0.51625,4.0,0.9229166666666666,186.41666666666666,139.83333333333334
2022-10-26,213.45416666666665,148.15416666666667,1347.4166666666667,33.09166666666666,41.62083333333333,97.375,0.5758333333333333,5.708333333333333,0.9083333333333333,194.58333333333334,152.125
2022-10-27,253.65,176.1625,1481.7083333333333,39.333333333333336,53.76666666666667,102.54166666666667,0.74625,6.625,0.78125,206.20833333333334,165.29166666666666
2022-10-28,309.82916666666665,214.83333333333334,1843.7083333333333,40.083333333333336,61.40833333333333,99.125,0.7000000000000001,9.083333333333334,0.80625,260.0416666666667,208.54166666666666
2022-10-29,281.59166666666664,194.53333333333333,1686.875,37.375,52.51666666666667,96.45833333333333,0.8283333333333333,10.791666666666666,0.7291666666666666,251.16666666666666,201.25
2022-10-30,206.34166666666667,142.20833333333334,1136.6666666666667,23.7,38.329166666666666,101.04166666666667,0.8470833333333333,10.083333333333334,0.7354166666666667,210.375,168.25
2022-10-31,203.88333333333333,140.55833333333334,1110.0416666666667,21.90833333333333,33.983333333333334,103.79166666666667,0.9191666666666666,10.25,0.6729166666666666,198.0,157.29166666666666
2022-11-01,163.97916666666666,113.05833333333334,909.2916666666666,20.895833333333332,27.375,101.29166666666667,0.9679166666666666,7.916666666666667,0.6270833333333333,185.41666666666666,138.08333333333334
2022-11-02,124.47500000000001,85.20416666666667,848.0,28.683333333333334,35.44583333333333,74.79166666666667,0.4870833333333333,8.083333333333334,0.78125,176.33333333333334,124.41666666666667
2022-11-03,140.19166666666666,95.51666666666667,881.3333333333334,27.9875,43.604166666666664,86.125,0.6925,10.75,0.7125,160.79166666666666,100.79166666666667
2022-11-04,194.3791666666667,132.9375,1173.0,28.445833333333336,44.51666666666667,99.25,0.8333333333333334,13.208333333333334,0.7000000000000001,185.375,138.0
2022-11-05,165.37083333333334,112.58333333333333,863.875,17.666666666666668,24.916666666666668,95.375,1.1204166666666666,13.25,0.625,188.66666666666666,143.08333333333334
2022-11-06,122.79583333333333,82.61666666666666,623.5833333333334,17.8125,25.325,90.41666666666667,1.3791666666666667,13.333333333333334,0.4583333333333333,165.875,108.70833333333333
2022-11-07,146.51666666666668,99.77083333333333,939.3333333333334,28.6375,42.1,78.875,1.0095833333333333,11.208333333333334,0.5166666666666667,172.0,117.83333333333333
2022-11-08,128.50416666666666,87.41666666666667,921.0,34.108333333333334,42.475,73.66666666666667,0.6745833333333334,10.125,0.7041666666666666,166.625,109.70833333333333
2022-11-09,134.48749999999998,91.84166666666665,878.2916666666666,33.225,35.44166666666667,63.125,1.2608333333333335,9.625,0.26666666666666666,173.70833333333334,120.54166666666667
2022-11-10,107.99583333333334,73.9375,1024.25,40.920833333333334,26.020833333333332,55.666666666666664,0.7566666666666667,7.166666666666667,0.6062500000000001,162.625,103.54166666666667
2022-11-11,108.50833333333333,74.75833333333334,1018.75,39.354166666666664,37.5625,65.20833333333333,0.40125000000000005,4.5,0.7583333333333333,157.125,95.41666666666667
2022-11-12,143.5625,99.6875,1019.125,36.74583333333333,56.975,73.20833333333333,0.32166666666666666,3.3333333333333335,0.7708333333333334,169.45833333333334,114.125
2022-11-13,148.34583333333333,103.1375,1053.1666666666667,32.199999999999996,50.34583333333333,78.54166666666667,0.4770833333333333,2.875,0.5895833333333333,173.375,119.79166666666667
2022-11-14,98.8875,66.03750000000001,451.75,13.649999999999999,14.0625,85.75,0.8991666666666668,12.25,0.4708333333333334,163.66666666666666,105.08333333333333
2022-11-15,144.0875,97.24583333333334,876.4166666666666,42.62916666666667,37.145833333333336,49.125,0.7429166666666668,14.416666666666666,0.5979166666666667,168.58333333333334,112.70833333333333
2022-11-16,118.46249999999999,81.10000000000001,952.75,40.541666666666664,34.49166666666667,63.791666666666664,0.52,7.708333333333333,0.7208333333333333,162.75,103.91666666666667
2022-11-17,105.04166666666667,72.20833333333333,1067.5416666666667,37.36666666666667,30.424999999999997,82.66666666666667,0.38958333333333334,5.708333333333333,0.7270833333333333,165.41666666666666,107.75
2022-11-18,125.0125,86.72916666666667,1304.5416666666667,46.65,47.762499999999996,75.0,0.22958333333333333,3.1666666666666665,0.7104166666666667,156.58333333333334,94.45833333333333
2022-11-19,165.71666666666667,115.66250000000001,1679.5,50.725,50.01666666666667,78.625,0.4366666666666667,1.7916666666666667,0.60625,182.125,133.29166666666666
2022-11-20,101.49583333333334,70.16666666666667,1331.2916666666667,50.32083333333333,33.733333333333334,63.166666666666664,0.2733333333333334,3.375,0.69375,166.25,109.08333333333333
2022-11-21,106.79166666666667,73.89999999999999,1649.5416666666667,60.0375,29.400000000000002,66.33333333333333,0.25625000000000003,3.125,0.6958333333333333,156.91666666666666,94.83333333333333
2022-11-22,124.68333333333334,86.99583333333334,2026.4583333333333,70.55416666666666,27.3,69.5,0.22833333333333336,1.25,0.6937500000000001,164.625,106.83333333333333
2022-11-23,154.45000000000002,107.64999999999999,3106.6666666666665,98.1125,36.53333333333333,67.79166666666667,0.23500000000000001,1.9166666666666667,0.6729166666666666,171.20833333333334,116.58333333333333
2022-11-24,186.3166666666667,130.1625,3766.0833333333335,109.0625,42.80416666666667,74.16666666666667,0.26625000000000004,1.4583333333333333,0.7125,180.08333333333334,130.25
2022-11-25,188.35,131.21666666666667,3204.9166666666665,86.33333333333333,40.074999999999996,74.25,0.34208333333333335,3.0,0.7520833333333333,194.33333333333334,151.79166666666666
2022-11-26,175.35416666666666,122.3,2403.0833333333335,77.84583333333333,35.0375,70.41666666666667,0.3120833333333333,2.125,0.7645833333333334,187.20833333333334,140.91666666666666
2022-11-27,171.65416666666667,119.97083333333335,2797.2083333333335,85.64999999999999,34.104166666666664,72.75,0.35375,1.0,0.7583333333333333,182.95833333333334,134.58333333333334
2022-11-28,257.175,179.77083333333334,5672.083333333333,151.53333333333333,51.04583333333333,67.75,0.4558333333333333,1.5833333333333333,0.6749999999999999,209.04166666666666,164.95833333333334
2022-11-29,219.45416666666668,153.27083333333334,4207.416666666667,118.58333333333333,37.59583333333334,51.041666666666664,0.38958333333333334,1.7916666666666667,0.6729166666666666,219.58333333333334,176.125
2022-11-30,224.625,156.57500000000002,4096.375,129.77083333333334,39.09583333333333,67.33333333333333,0.41625,2.875,0.59375,198.66666666666666,157.91666666666666
2022-12-01,223.3708333333333,155.74166666666667,4327.541666666667,130.13750000000002,38.708333333333336,64.04166666666667,0.38875,2.2916666666666665,0.6270833333333333,204.66666666666666,164.08333333333334
2022-12-02,234.80416666666667,163.475,4386.416666666667,113.29166666666667,37.708333333333336,56.25,0.58375,3.875,0.44583333333333336,214.95833333333334,172.29166666666666
2022-12-03,203.72916666666666,141.85833333333332,3116.9583333333335,91.875,35.8125,66.79166666666667,0.6416666666666667,2.875,0.4875,199.875,158.95833333333334
2022-12-04,210.70416666666665,147.05833333333334,3730.9583333333335,109.53750000000001,41.125,61.708333333333336,0.48291666666666666,2.2083333333333335,0.5229166666666667,194.625,152.29166666666666
2022-12-05,244.8166666666667,170.95416666666665,5092.25,131.40833333333333,49.0375,70.33333333333333,0.5016666666666666,1.5416666666666667,0.5291666666666667,218.66666666666666,175.29166666666666
2022-12-06,122.425,85.41250000000001,1932.9166666666667,69.09166666666667,21.508333333333336,61.0,0.3541666666666667,1.25,0.5958333333333333,187.83333333333334,139.875
2022-12-07,94.97083333333335,65.90833333333333,1484.5,51.475,17.445833333333333,58.666666666666664,0.23708333333333334,2.2916666666666665,0.61875,157.66666666666666,96.16666666666667
2022-12-08,155.55833333333334,107.92083333333333,2750.1666666666665,83.95,31.741666666666664,55.25,0.43875,3.375,0.45416666666666666,164.0,105.75
2022-12-09,101.86666666666667,69.49583333333334,1755.5,54.050000000000004,16.508333333333333,48.416666666666664,0.5420833333333334,6.333333333333333,0.48124999999999996,170.08333333333334,114.83333333333333
2022-12-10,74.85833333333333,50.5625,1322.1666666666667,49.6625,13.183333333333332,43.541666666666664,0.5004166666666666,6.166666666666667,0.4791666666666667,152.875,89.04166666666667
2022-12-11,68.92083333333333,47.30833333333334,1207.0833333333333,44.99583333333334,12.950000000000001,42.75,0.2704166666666667,3.125,0.6208333333333333,131.29166666666666,78.29166666666667
2022-12-12,90.66250000000001,62.70416666666667,1510.0416666666667,54.604166666666664,17.591666666666665,49.083333333333336,0.25416666666666665,2.75,0.61875,146.16666666666666,84.91666666666667
2022-12-13,52.916666666666664,36.5625,805.0833333333334,23.59166666666667,9.404166666666667,54.375,0.22333333333333336,1.5416666666666667,1.3208333333333333,144.33333333333334,84.20833333333333
2022-12-14,1.2,0.8458333333333333,59.416666666666664,0.0,0.7000000000000001,27.375,0.05333333333333334,0.0,2.1145833333333335,44.791666666666664,29.833333333333332
2022-12-15,0.9541666666666666,0.6625,61.291666666666664,0.0,0.41250000000000003,31.541666666666668,0.04,0.0,2.1145833333333335,13.875,12.625
2022-12-16,123.78333333333335,86.05416666666667,2869.6666666666665,76.72916666666667,25.25,48.541666666666664,0.235,2.6666666666666665,1.1166666666666667,76.41666666666667,51.791666666666664
2022-12-17,271.95416666666665,189.5875,6345.958333333333,147.33333333333334,51.24583333333334,72.83333333333333,0.4354166666666666,3.5,0.5354166666666667,211.79166666666666,165.66666666666666
2022-12-18,294.03749999999997,205.07500000000002,6180.916666666667,170.10833333333332,51.99583333333334,67.0,0.5616666666666666,3.7916666666666665,0.5,243.33333333333334,195.08333333333334
2022-12-19,307.875,214.3791666666667,6157.25,158.83333333333334,52.612500000000004,64.625,0.6933333333333334,5.0,0.45625,266.3333333333333,213.41666666666666
2022-12-20,298.28749999999997,207.9333333333333,5457.875,144.275,45.875,59.5,0.755,3.9166666666666665,0.43333333333333335,254.79166666666666,204.29166666666666
2022-12-21,301.6791666666667,210.47916666666666,5473.25,157.38750000000002,46.987500000000004,72.5,0.8250000000000001,3.4166666666666665,0.41875,256.7916666666667,205.83333333333334
2022-12-22,300.56666666666666,210.15,6619.0,168.3125,51.512499999999996,73.95833333333333,0.6925,1.5416666666666667,0.4270833333333333,270.0,216.41666666666666
2022-12-23,276.64166666666665,193.45000000000002,6632.875,153.74583333333334,45.42916666666667,79.95833333333333,0.71625,1.0,0.3770833333333334,246.16666666666666,197.33333333333334
2022-12-24,217.51666666666665,151.95000000000002,4885.0,111.6875,37.90416666666667,72.20833333333333,0.6229166666666667,1.2083333333333333,0.4270833333333333,228.08333333333334,182.79166666666666
2022-12-25,169.39166666666668,118.08749999999999,3721.5833333333335,95.09166666666665,30.058333333333334,47.75,0.5404166666666667,2.0,0.4145833333333333,183.08333333333334,134.625
2022-12-26,248.8708333333333,173.8791666666667,5584.458333333333,141.02916666666667,44.25,66.70833333333333,0.65625,1.0,0.425,205.25,161.91666666666666
2022-12-27,179.4333333333333,125.28750000000001,3128.25,89.10000000000001,26.945833333333336,57.208333333333336,0.47833333333333333,1.125,0.48333333333333334,207.95833333333334,165.66666666666666
2022-12-28,167.49583333333334,116.44166666666666,3390.2083333333335,88.84583333333335,25.34583333333333,63.708333333333336,0.36125,3.125,0.5458333333333333,176.25,124.25
2022-12-29,223.1875,154.62083333333334,4819.625,112.58749999999999,24.833333333333332,34.125,0.6745833333333334,5.958333333333333,0.21666666666666667,207.58333333333334,164.33333333333334
2022-12-30,117.86666666666667,79.75416666666666,1671.875,47.762499999999996,11.766666666666666,46.333333333333336,0.48,10.0,0.5479166666666667,177.45833333333334,126.125
2022-12-31,107.82916666666667,74.96249999999999,2158.7916666666665,64.39583333333333,18.966666666666665,49.083333333333336,0.2325,2.25,0.6166666666666667,157.95833333333334,96.54166666666667
2023-01-01,179.61666666666667,125.12083333333334,4729.625,120.09166666666668,33.03333333333333,43.5,0.32583333333333336,2.2916666666666665,0.45208333333333334,172.45833333333334,118.66666666666667
2023-01-02,237.14583333333334,165.29166666666666,6427.25,146.81666666666666,41.2875,62.666666666666664,0.5445833333333333,2.5833333333333335,0.42291666666666666,201.79166666666666,160.16666666666666
2023-01-03,241.29166666666666,168.20416666666668,6222.583333333333,144.67499999999998,45.10833333333333,61.75,0.6816666666666666,2.9583333333333335,0.3833333333333333,220.875,177.08333333333334
2023-01-04,284.62083333333334,198.83333333333334,6578.083333333333,161.72083333333333,48.53333333333333,80.0,0.6308333333333334,1.625,0.4291666666666667,224.875,180.375
2023-01-05,323.175,226.11249999999998,7634.875,170.50416666666666,44.90833333333333,59.0,0.6745833333333334,1.5416666666666667,0.38749999999999996,267.1666666666667,214.20833333333334
2023-01-06,309.6041666666667,216.5583333333333,7007.458333333333,142.59583333333333,37.38333333333333,46.041666666666664,0.8337500000000001,1.6666666666666667,0.25833333333333336,265.8333333333333,213.04166666666666
2023-01-07,322.825,225.85416666666666,6595.5,133.44583333333333,33.083333333333336,56.0,0.8391666666666667,1.0,0.30624999999999997,278.0,222.83333333333334
2023-01-08,270.65000000000003,189.05416666666667,5572.375,128.60416666666666,26.674999999999997,53.375,0.6475000000000001,1.7916666666666667,0.46458333333333335,245.875,197.0
2023-01-09,299.5125,209.07500000000002,6329.416666666667,144.77083333333334,32.887499999999996,78.29166666666667,0.7087500000000001,2.3333333333333335,0.4270833333333333,251.375,201.45833333333334
2023-01-10,304.1791666666667,212.1,6364.375,156.38333333333333,30.745833333333334,81.95833333333333,0.8191666666666667,2.5416666666666665,0.36666666666666664,264.5833333333333,211.91666666666666
2023-01-11,247.57916666666665,172.52083333333334,4188.708333333333,95.70416666666667,16.529166666666665,44.916666666666664,1.1254166666666667,3.0,0.15208333333333335,251.125,201.25
2023-01-12,189.60416666666666,131.03333333333333,3551.4166666666665,75.7,22.933333333333334,55.166666666666664,0.84,6.166666666666667,0.46249999999999997,193.66666666666666,149.16666666666666
2023-01-13,163.3375,111.74166666666667,3325.9583333333335,79.34166666666667,22.125,49.708333333333336,1.235,9.208333333333334,0.37916666666666665,191.54166666666666,147.54166666666666
2023-01-14,82.60416666666667,56.93333333333334,1603.9583333333333,43.89166666666667,12.174999999999999,52.0,0.5308333333333334,3.6666666666666665,0.5833333333333334,164.0,105.5
2023-01-15,103.94583333333333,72.35000000000001,2840.5833333333335,73.59583333333333,19.1875,49.75,0.22833333333333336,1.75,0.6437499999999999,144.20833333333334,83.25
2023-01-16,135.80416666666667,94.71249999999999,3220.3333333333335,87.60833333333333,23.270833333333332,54.75,0.29833333333333334,1.2916666666666667,0.6145833333333334,170.83333333333334,116.0
2023-01-17,140.57500000000002,97.8875,3322.0833333333335,92.42083333333333,24.45,58.833333333333336,0.3183333333333333,1.75,0.575,167.83333333333334,111.5
2023-01-18,211.09166666666667,147.55833333333334,5289.0,141.4,40.7,66.95833333333333,0.39958333333333335,1.0,0.49791666666666673,188.5,142.79166666666666
2023-01-19,175.51250000000002,122.29166666666667,3528.2083333333335,89.49583333333334,32.38333333333333,70.5,0.6079166666666667,2.125,0.47708333333333336,188.625,143.25
2023-01-20,174.19583333333333,120.70833333333333,3335.9583333333335,85.28333333333333,29.166666666666668,53.5,0.8008333333333333,4.208333333333333,0.16458333333333333,190.625,146.16666666666666
2023-01-21,91.2625,63.34166666666667,1784.1666666666667,51.87083333333334,16.474999999999998,48.25,0.49041666666666667,2.0833333333333335,0.5541666666666667,164.0,105.625
2023-01-22,114.65833333333335,79.74583333333334,2233.0833333333335,67.10833333333333,20.7375,44.291666666666664,0.8554166666666667,1.8333333333333333,0.48333333333333334,158.08333333333334,96.875
2023-01-23,118.5625,82.01666666666667,1601.5,49.27916666666667,12.612499999999999,50.375,1.4241666666666666,3.0833333333333335,0.30416666666666664,163.66666666666666,105.04166666666667
2023-01-24,142.1625,98.575,2042.6666666666667,51.69166666666666,15.670833333333334,57.833333333333336,1.5045833333333334,2.4583333333333335,0.41250000000000003,166.58333333333334,109.66666666666667
2023-01-25,163.07500000000002,112.74166666666667,2820.125,69.45,24.854166666666668,54.75,1.705,4.166666666666667,0.2625,176.75,124.91666666666667
2023-01-26,165.48333333333332,115.00833333333333,2452.5416666666665,66.51666666666667,20.704166666666666,52.666666666666664,0.7441666666666666,2.0833333333333335,0.5,186.375,139.70833333333334
2023-01-27,122.00833333333333,84.80416666666666,1505.875,45.52916666666667,28.8125,70.5,0.30916666666666665,1.6666666666666667,0.75,169.66666666666666,114.29166666666667
2023-01-28,151.525,105.47500000000001,2726.7083333333335,70.05833333333334,32.49583333333333,71.16666666666667,0.27291666666666664,2.125,0.7250000000000001,168.75,112.91666666666667
2023-01-29,179.6833333333333,124.80833333333334,4021.5,87.86666666666667,28.837500000000002,65.45833333333333,0.8945833333333333,3.125,0.6125,191.95833333333334,148.29166666666666
2023-01-30,101.95,69.52083333333333,1028.125,32.94583333333333,12.454166666666666,44.625,1.4483333333333333,3.8333333333333335,0.09791666666666667,161.875,102.29166666666667
2023-01-31,96.56666666666666,66.96666666666667,1502.7916666666667,44.583333333333336,12.633333333333333,46.875,0.49416666666666664,1.2083333333333333,0.6833333333333332,160.91666666666666,101.08333333333333
2023-02-01,75.61666666666666,52.43333333333334,1431.7083333333333,44.71666666666667,14.320833333333333,62.333333333333336,0.18625,1.4166666666666667,0.775,142.58333333333334,83.125
2023-02-02,94.8875,65.875,1915.9583333333333,60.050000000000004,17.266666666666666,56.125,0.23208333333333334,1.9166666666666667,0.775,151.29166666666666,87.45833333333333
2023-02-03,150.0375,104.14999999999999,3352.5,102.02916666666665,27.604166666666668,55.708333333333336,0.31583333333333335,2.875,0.7458333333333332,163.83333333333334,105.41666666666667
2023-02-04,137.50833333333333,94.09166666666665,2763.375,80.62083333333334,20.995833333333334,58.083333333333336,0.3070833333333333,8.208333333333334,0.8458333333333333,179.5,129.25
2023-02-05,112.55,77.00833333333334,2316.7916666666665,65.46666666666667,20.620833333333334,65.20833333333333,0.29541666666666666,6.541666666666667,0.9645833333333335,158.16666666666666,96.75
2023-02-06,68.2,45.854166666666664,1135.625,33.50833333333333,9.745833333333334,64.0,0.47,6.458333333333333,0.8416666666666667,158.20833333333334,98.04166666666667
2023-02-07,66.35416666666667,45.645833333333336,1404.0416666666667,41.458333333333336,13.320833333333333,61.958333333333336,0.20083333333333334,2.7916666666666665,1.0374999999999999,112.0,72.29166666666667
2023-02-08,157.63333333333333,109.91250000000001,3962.3333333333335,114.71666666666665,32.30833333333333,57.333333333333336,0.33708333333333335,1.5833333333333333,0.7104166666666667,159.45833333333334,102.29166666666667
2023-02-09,115.45,79.125,2082.625,58.85,13.549999999999999,50.791666666666664,0.5829166666666666,6.208333333333333,0.5270833333333333,175.75,123.625
2023-02-10,105.90416666666665,66.79166666666667,1156.0,41.520833333333336,22.77916666666667,62.458333333333336,0.7616666666666667,30.416666666666668,0.8270833333333333,149.625,87.66666666666667
2023-02-11,86.46666666666665,54.275000000000006,1082.0416666666667,36.15833333333333,13.633333333333333,58.208333333333336,0.585,25.5,0.6583333333333333,156.5,94.08333333333333
2023-02-12,63.974999999999994,43.637499999999996,1124.0,36.275,10.916666666666666,61.125,0.19458333333333333,4.291666666666667,1.0104166666666667,138.29166666666666,80.5
2023-02-13,60.38333333333333,41.67916666666667,1425.0416666666667,40.94583333333333,15.583333333333334,72.83333333333333,0.20375,2.4583333333333335,1.0062499999999999,96.25,66.875
2023-02-14,118.55416666666667,82.2625,2467.6666666666665,73.09583333333333,27.433333333333334,68.20833333333333,0.24583333333333335,2.9166666666666665,1.0458333333333334,153.16666666666666,94.33333333333333
2023-02-15,101.75,70.39583333333333,1911.6666666666667,61.84583333333333,19.916666666666668,70.375,0.29250000000000004,3.2916666666666665,1.0895833333333333,160.79166666666666,100.75
2023-02-16,156.1625,107.66250000000001,3454.0,102.84166666666665,30.354166666666668,74.29166666666667,0.37166666666666665,6.083333333333333,0.9895833333333334,167.33333333333334,110.70833333333333
2023-02-17,188.92083333333335,128.21666666666667,3937.7083333333335,108.24583333333334,32.50833333333333,86.20833333333333,0.5054166666666667,14.958333333333334,0.96875,185.29166666666666,134.66666666666666
2023-02-18,189.77916666666667,126.81666666666666,3807.1666666666665,106.89166666666667,31.8625,81.95833333333333,0.45416666666666666,23.541666666666668,0.9833333333333334,188.75,143.41666666666666
2023-02-19,176.3375,119.10833333333333,3384.7083333333335,100.09583333333335,29.166666666666668,62.833333333333336,0.69,17.0,0.8166666666666668,187.54166666666666,141.45833333333334
2023-02-20,124.77916666666665,84.54166666666667,1570.0833333333333,48.70416666666667,21.34166666666667,65.29166666666667,0.8145833333333333,11.958333333333334,0.7645833333333334,171.83333333333334,117.625
2023-02-21,80.91250000000001,53.63333333333333,984.9583333333334,35.22083333333333,14.166666666666666,64.95833333333333,0.52625,12.416666666666666,0.9208333333333334,153.75,91.54166666666667
2023-02-22,92.98333333333333,63.324999999999996,1401.1666666666667,46.4125,16.458333333333332,54.291666666666664,0.3933333333333333,7.041666666666667,0.8479166666666668,154.29166666666666,91.20833333333333
2023-02-23,93.28333333333335,64.36666666666666,1697.5,52.458333333333336,17.979166666666668,63.791666666666664,0.25333333333333335,3.5,1.15625,155.66666666666666,93.08333333333333
2023-02-24,130.74166666666667,90.625,3110.8333333333335,93.4375,27.25,80.08333333333333,0.35916666666666663,3.375,0.9708333333333333,161.79166666666666,99.5
2023-02-25,128.76250000000002,89.49166666666667,3090.375,94.64999999999999,29.412499999999998,79.16666666666667,0.47,2.0833333333333335,0.9583333333333334,171.41666666666666,114.375
2023-02-26,78.22083333333333,52.80416666666667,1344.3333333333333,44.583333333333336,12.6875,75.79166666666667,0.6866666666666666,7.583333333333333,0.81875,155.08333333333334,92.41666666666667
2023-02-27,93.65833333333335,62.90416666666667,1759.375,55.59583333333333,14.554166666666667,66.33333333333333,0.48625,10.0,1.0083333333333333,150.875,87.625
2023-02-28,96.41250000000001,62.05416666666667,1369.5416666666667,45.64166666666667,11.120833333333332,45.166666666666664,1.0016666666666667,20.625,0.5812499999999999,155.0,92.0
2023-03-01,74.71249999999999,48.4375,978.1666666666666,37.733333333333334,9.720833333333333,57.541666666666664,0.7766666666666667,15.166666666666666,0.9375,143.33333333333334,82.83333333333333
2023-03-02,85.16250000000001,56.29583333333333,1174.4166666666667,44.95416666666667,15.566666666666668,62.208333333333336,0.6687500000000001,11.875,0.8312499999999999,144.75,83.375
2023-03-03,59.90416666666667,39.96666666666667,1117.5416666666667,38.75,12.233333333333334,62.916666666666664,0.32083333333333336,7.083333333333333,1.383333333333333,121.16666666666667,75.125
2023-03-04,95.28333333333335,65.44166666666666,2141.1666666666665,63.3375,22.604166666666668,67.58333333333333,0.35708333333333336,4.708333333333333,1.2249999999999999,130.95833333333334,78.54166666666667
2023-03-05,115.22500000000001,79.54583333333333,3119.4166666666665,77.45833333333333,24.650000000000002,52.166666666666664,0.3454166666666667,4.25,1.3125,165.375,107.79166666666667
2023-03-06,99.75416666666666,69.02499999999999,1579.6666666666667,54.54583333333333,26.108333333333334,68.375,0.2675,2.75,1.29375,157.16666666666666,95.25
2023-03-07,118.42083333333333,82.18333333333334,1003.0833333333334,35.199999999999996,33.925000000000004,80.08333333333333,0.33083333333333337,2.0833333333333335,1.3708333333333333,162.0,102.66666666666667
2023-03-08,111.08749999999999,76.26666666666667,1549.125,46.09166666666667,27.604166666666668,61.5,0.42083333333333334,5.791666666666667,1.3375000000000001,161.58333333333334,101.95833333333333
2023-03-09,98.64166666666667,68.27499999999999,2196.7916666666665,60.4375,20.083333333333332,63.458333333333336,0.43124999999999997,3.0833333333333335,1.4187500000000002,156.375,94.0
2023-03-10,128.64583333333334,89.14583333333333,3561.1666666666665,83.52083333333333,30.129166666666666,67.125,0.4141666666666666,3.2916666666666665,1.4625000000000001,166.125,108.91666666666667
2023-03-11,115.41250000000001,79.1125,2698.2916666666665,79.04583333333333,24.59166666666667,69.79166666666667,0.4908333333333333,6.25,1.34375,165.70833333333334,108.33333333333333
2023-03-12,92.75,63.112500000000004,1567.0,57.30416666666667,17.791666666666668,79.04166666666667,0.5241666666666667,7.125,1.3708333333333333,154.875,91.16666666666667
2023-03-13,111.03750000000001,75.64583333333333,1768.625,65.49583333333334,26.59583333333333,82.0,0.7016666666666667,7.833333333333333,1.0104166666666667,158.625,97.0
2023-03-14,115.92916666666667,79.10833333333333,2021.875,72.10833333333333,31.28333333333333,73.5,0.43625,8.0,1.3708333333333333,163.04166666666666,104.04166666666667
2023-03-15,124.46666666666665,83.0125,1189.9166666666667,47.88333333333333,32.891666666666666,74.16666666666667,0.6316666666666667,16.5,1.16875,161.58333333333334,102.04166666666667
2023-03-16,84.05833333333334,56.05416666666667,668.7083333333334,25.333333333333332,19.791666666666668,75.875,0.9166666666666666,11.041666666666666,1.0562500000000001,158.20833333333334,96.79166666666667
2023-03-17,76.62916666666666,51.07916666666667,592.375,23.370833333333334,14.854166666666666,77.20833333333333,1.1883333333333332,10.416666666666666,0.5458333333333333,139.83333333333334,81.20833333333333
2023-03-18,67.90833333333333,46.637499999999996,825.8333333333334,30.995833333333334,12.245833333333332,73.79166666666667,0.8241666666666667,3.8333333333333335,0.9270833333333334,132.5,78.83333333333333
2023-03-19,98.60000000000001,68.3,1007.25,37.079166666666666,14.995833333333332,69.41666666666667,0.9791666666666666,3.0416666666666665,0.9104166666666668,149.41666666666666,87.25
2023-03-20,87.26666666666667,60.15416666666667,856.6666666666666,35.545833333333334,10.758333333333333,72.91666666666667,0.9454166666666667,4.041666666666667,1.0041666666666667,155.375,92.66666666666667
2023-03-21,81.50416666666666,56.375,1401.2916666666667,37.270833333333336,17.537499999999998,65.29166666666667,0.6945833333333334,3.0,1.125,137.41666666666666,80.625
2023-03-22,97.4875,66.22916666666667,1898.5,52.0375,21.441666666666666,65.91666666666667,0.9474999999999999,8.041666666666666,0.8354166666666667,153.33333333333334,89.45833333333333
2023-03-23,166.26250000000002,113.57916666666667,3262.8333333333335,89.28333333333335,38.71666666666667,79.08333333333333,0.8008333333333333,11.291666666666666,1.0541666666666667,173.83333333333334,119.54166666666667
2023-03-24,84.02499999999999,56.40833333333333,1410.875,50.762499999999996,10.641666666666667,40.875,0.6704166666666667,8.416666666666666,0.5770833333333333,166.5,109.41666666666667
2023-03-25,56.69166666666666,35.5375,498.9583333333333,22.25,7.108333333333333,67.58333333333333,0.75,17.083333333333332,0.42291666666666666,104.70833333333333,69.66666666666667
2023-03-26,91.97916666666667,61.1625,1058.375,41.52916666666667,22.087500000000002,70.79166666666667,0.42166666666666663,12.708333333333334,1.3041666666666667,133.125,79.16666666666667
2023-03-27,90.41666666666667,61.61666666666667,1026.5,46.9,30.962500000000002,75.29166666666667,0.33375,6.25,1.3562500000000002,151.54166666666666,86.875
2023-03-28,119.39583333333333,82.40416666666667,1278.25,53.35833333333333,39.525,77.25,0.3875,4.583333333333333,1.5291666666666668,162.41666666666666,103.33333333333333
2023-03-29,82.86666666666666,57.00833333333333,1033.2916666666667,44.2125,19.483333333333334,64.5,0.47375000000000006,4.25,1.1833333333333333,157.70833333333334,96.125
2023-03-30,66.74583333333334,42.666666666666664,777.75,34.84166666666667,9.270833333333334,69.16666666666667,0.64375,16.375,1.3666666666666665,129.08333333333334,77.79166666666667
2023-03-31,53.90833333333333,34.025,596.875,26.745833333333334,7.104166666666667,68.0,0.8925000000000001,16.75,0.59375,105.625,70.25
2023-04-01,45.60833333333333,30.925,712.5416666666666,30.483333333333334,9.408333333333333,56.916666666666664,0.6491666666666667,4.75,0.5041666666666667,92.375,65.54166666666667
2023-04-02,73.48333333333333,50.67916666666667,1324.7916666666667,46.50416666666666,15.433333333333332,75.91666666666667,0.49500000000000005,3.2916666666666665,1.4145833333333335,108.25,69.79166666666667
2023-04-03,74.27083333333333,48.895833333333336,1262.9166666666667,47.8375,12.454166666666666,61.833333333333336,0.5929166666666666,12.833333333333334,1.3041666666666667,148.95833333333334,85.08333333333333
2023-04-04,68.07083333333334,44.979166666666664,1093.2916666666667,40.12916666666667,14.933333333333332,72.875,0.40458333333333335,11.041666666666666,1.4958333333333333,125.83333333333333,76.625
2023-04-05,74.8125,49.925000000000004,1372.1666666666667,51.37916666666666,16.287499999999998,71.29166666666667,0.34375,9.333333333333334,1.6500000000000001,129.0,77.75
2023-04-06,57.67916666666667,37.7875,895.375,35.32083333333333,14.045833333333334,77.54166666666667,0.3825,10.041666666666666,1.5041666666666667,116.91666666666667,73.95833333333333
2023-04-07,49.34583333333333,33.37083333333333,953.4166666666666,43.94583333333333,12.808333333333332,63.791666666666664,0.14041666666666666,4.291666666666667,1.8729166666666668,100.45833333333333,68.58333333333333
2023-04-08,78.03333333333333,54.362500000000004,1917.1666666666667,70.69583333333334,21.579166666666666,71.79166666666667,0.16041666666666668,0.8333333333333334,2.0833333333333335,118.41666666666667,73.54166666666667
2023-04-09,96.7,67.39583333333333,2561.5833333333335,81.60416666666667,26.070833333333336,87.70833333333333,0.2354166666666667,1.0833333333333333,1.9833333333333334,160.83333333333334,91.16666666666667
2023-04-10,75.74583333333334,52.7125,1822.875,69.28750000000001,19.570833333333333,86.95833333333333,0.2791666666666667,1.1666666666666667,1.8791666666666667,158.83333333333334,93.25
2023-04-11,63.24583333333334,42.329166666666666,965.0,42.895833333333336,13.920833333333334,90.29166666666667,0.34541666666666665,8.0,1.8354166666666665,124.5,73.66666666666667
2023-04-12,63.56666666666666,41.604166666666664,1033.25,42.92083333333333,14.508333333333333,84.45833333333333,0.32208333333333333,12.25,1.8395833333333333,121.83333333333333,73.66666666666667
2023-04-13,59.35,40.00833333333333,1060.3333333333333,46.775,13.854166666666666,78.83333333333333,0.27791666666666665,6.083333333333333,1.83125,115.875,72.33333333333333
2023-04-14,72.0125,49.43333333333334,1556.5,59.0875,18.845833333333335,88.25,0.3104166666666667,3.5,1.8229166666666667,126.70833333333333,74.16666666666667
2023-04-15,62.82083333333333,43.0625,1406.4166666666667,57.18333333333334,13.695833333333333,78.66666666666667,0.305,3.5,1.95,143.08333333333334,81.75
2023-04-16,52.6625,35.19583333333333,822.0,34.541666666666664,11.9375,85.375,0.45083333333333336,7.0,1.78125,101.875,67.58333333333333
2023-04-17,47.362500000000004,31.78333333333333,736.2916666666666,34.5875,9.745833333333334,81.45833333333333,0.49291666666666667,5.5,1.9541666666666666,101.375,67.29166666666667
2023-04-18,69.82916666666667,45.824999999999996,1237.5416666666667,48.01666666666667,14.329166666666666,68.875,0.5720833333333334,11.208333333333334,1.4416666666666667,106.79166666666667,70.41666666666667
2023-04-19,66.89999999999999,41.62916666666667,1039.7083333333333,41.9,11.895833333333334,62.25,0.6079166666666667,20.458333333333332,1.2791666666666666,127.0,77.08333333333333
2023-04-20,61.262499999999996,38.575,865.625,29.454166666666666,13.200000000000001,73.125,0.5716666666666667,17.5,1.55,113.625,72.66666666666667
2023-04-21,47.59583333333333,30.3875,496.4583333333333,21.616666666666664,8.387500000000001,84.0,0.4875,12.666666666666666,1.5666666666666667,95.16666666666667,66.0
2023-04-22,56.75833333333333,37.56666666666667,919.2083333333334,28.662499999999998,13.970833333333333,77.45833333333333,0.3645833333333333,9.0,1.5562500000000001,91.70833333333333,64.83333333333333
2023-04-23,53.42083333333333,36.270833333333336,1014.75,39.68333333333333,12.695833333333333,74.0,0.22041666666666668,4.5,1.9416666666666667,124.41666666666667,76.16666666666667
2023-04-24,51.9125,34.545833333333334,946.0,41.1,13.945833333333333,97.45833333333333,0.32125,7.041666666666667,1.8708333333333333,109.08333333333333,66.83333333333333
2023-04-25,58.395833333333336,38.47083333333333,877.1666666666666,38.262499999999996,15.450000000000001,96.29166666666667,0.4295833333333334,10.625,1.8916666666666666,115.83333333333333,69.54166666666667
2023-04-26,61.487500000000004,41.50416666666667,758.125,31.366666666666664,14.570833333333333,112.125,0.7287499999999999,6.666666666666667,1.6166666666666665,129.54166666666666,72.58333333333333
2023-04-27,61.75833333333333,39.420833333333334,739.2916666666666,29.474999999999998,11.191666666666668,96.58333333333333,0.8820833333333334,16.291666666666668,1.1458333333333333,110.79166666666667,70.5
2023-04-28,94.83333333333333,61.57083333333333,1378.25,38.775,20.295833333333334,90.66666666666667,0.8283333333333333,20.75,1.2666666666666668,142.95833333333334,82.83333333333333
2023-04-29,78.82083333333334,52.54583333333333,1220.3333333333333,43.26666666666667,18.1375,85.70833333333333,0.71125,11.166666666666666,1.34375,151.83333333333334,87.41666666666667
2023-04-30,83.47083333333333,52.208333333333336,663.7083333333334,27.616666666666664,15.504166666666668,103.375,1.0308333333333335,25.125,1.2666666666666668,140.5,80.95833333333333
2023-05-01,83.425,55.4625,541.375,21.554166666666664,11.950000000000001,97.20833333333333,1.195,12.625,0.8770833333333333,134.04166666666666,79.25
2023-05-02,58.4,40.166666666666664,574.0,24.45,12.637500000000001,72.04166666666667,0.8558333333333333,3.6666666666666665,0.5166666666666667,141.5,82.16666666666667
2023-05-03,46.9125,32.25,638.5416666666666,25.162499999999998,10.1,101.41666666666667,0.6241666666666666,2.8333333333333335,1.8020833333333333,111.625,68.41666666666667
2023-05-04,66.14999999999999,45.550000000000004,809.4583333333334,34.387499999999996,14.095833333333333,91.125,0.655,3.6666666666666665,1.5270833333333333,117.125,71.875
2023-05-05,68.46666666666667,46.645833333333336,974.75,34.94166666666667,15.825000000000001,102.41666666666667,0.5983333333333333,5.875,1.8187499999999999,132.91666666666666,75.625
2023-05-06,58.87083333333334,39.45,709.2083333333334,30.662499999999998,13.129166666666668,97.16666666666667,0.5629166666666666,7.541666666666667,1.7270833333333335,128.5,74.70833333333333
2023-05-07,49.80833333333334,28.90416666666667,516.6666666666666,22.379166666666666,7.291666666666667,96.29166666666667,0.47583333333333333,24.875,2.0708333333333333,102.04166666666667,68.29166666666667
2023-05-08,44.37916666666666,26.116666666666664,411.4583333333333,17.491666666666667,9.137500000000001,105.75,0.42375,20.25,1.9270833333333333,93.625,62.791666666666664
2023-05-09,45.9625,29.495833333333334,401.1666666666667,14.875,9.291666666666666,106.54166666666667,0.3,11.916666666666666,2.097916666666667,102.08333333333333,64.66666666666667
2023-05-10,47.1875,32.579166666666666,412.625,14.991666666666667,17.26666666666667,113.875,0.215,2.0833333333333335,2.2729166666666667,107.83333333333333,65.45833333333333
2023-05-11,71.46249999999999,49.550000000000004,577.7916666666666,20.845833333333335,26.34166666666667,127.70833333333333,0.2820833333333333,2.0,2.095833333333333,141.29166666666666,75.79166666666667
2023-05-12,70.54166666666667,48.26666666666667,509.125,16.379166666666666,17.958333333333332,132.625,0.4354166666666666,4.958333333333333,1.9854166666666666,148.58333333333334,77.5
2023-05-13,60.01666666666667,40.045833333333334,434.4583333333333,13.954166666666666,14.4125,124.29166666666667,0.5816666666666667,8.541666666666666,1.9520833333333334,145.45833333333334,78.125
2023-05-14,52.68333333333334,33.00416666666667,333.4166666666667,8.379166666666666,10.391666666666667,130.125,0.6679166666666667,16.291666666666668,1.7458333333333333,119.33333333333333,67.75
2023-05-15,55.824999999999996,36.87083333333333,407.2916666666667,11.704166666666666,12.670833333333334,121.45833333333333,0.40125000000000005,9.208333333333334,2.2645833333333334,125.70833333333333,71.375
2023-05-16,62.76666666666667,40.854166666666664,438.5,12.654166666666667,15.866666666666667,120.79166666666667,0.6729166666666666,13.625,1.7104166666666665,121.25,69.58333333333333
2023-05-17,60.9,38.295833333333334,358.4583333333333,10.354166666666666,10.795833333333334,108.83333333333333,0.5641666666666667,18.375,1.9791666666666667,121.95833333333333,74.04166666666667
2023-05-18,56.666666666666664,33.07083333333333,329.0833333333333,8.237499999999999,11.200000000000001,121.83333333333333,0.66625,26.958333333333332,1.8166666666666667,108.04166666666667,66.875
2023-05-19,59.974999999999994,38.954166666666666,404.875,14.570833333333333,18.55,110.08333333333333,0.3229166666666667,12.833333333333334,2.339583333333333,114.54166666666667,70.125
2023-05-20,61.84583333333333,41.766666666666666,443.7916666666667,16.795833333333334,19.633333333333333,110.91666666666667,0.2775,6.541666666666667,2.347916666666667,125.20833333333333,73.33333333333333
2023-05-21,73.77499999999999,49.10833333333333,978.4166666666666,40.775,23.941666666666666,96.20833333333333,0.37333333333333335,10.916666666666666,2.1416666666666666,130.16666666666666,75.375
2023-05-22,80.45416666666667,52.583333333333336,1056.875,50.458333333333336,21.279166666666665,103.08333333333333,0.5745833333333333,15.875,2.033333333333333,151.08333333333334,83.08333333333333
2023-05-23,58.020833333333336,34.90833333333333,397.9166666666667,15.291666666666666,11.158333333333333,101.29166666666667,0.7033333333333333,24.166666666666668,1.6791666666666665,120.875,72.41666666666667
2023-05-24,71.675,40.62083333333333,411.875,17.716666666666665,14.612499999999999,86.0,0.9208333333333334,41.625,1.5458333333333334,101.20833333333333,68.79166666666667
2023-05-25,72.42083333333333,42.525,428.4166666666667,15.674999999999999,16.233333333333334,102.66666666666667,0.7170833333333334,33.75,1.4583333333333333,113.125,72.5
2023-05-26,82.3875,52.479166666666664,985.625,39.208333333333336,19.070833333333333,71.5,0.7395833333333334,21.583333333333332,1.1979166666666667,135.83333333333334,79.875
2023-05-27,72.26666666666667,45.42916666666667,755.7083333333334,26.97083333333333,14.0875,106.95833333333333,0.5729166666666666,21.125,2.002083333333333,143.66666666666666,80.0
2023-05-28,79.275,52.21666666666667,680.2083333333334,27.895833333333332,23.516666666666666,103.45833333333333,0.6670833333333334,13.416666666666666,1.4645833333333333,141.83333333333334,79.625
2023-05-29,82.11666666666666,51.9125,596.4583333333334,20.970833333333335,20.804166666666667,110.125,0.9479166666666666,23.416666666666668,1.5062499999999999,142.0,80.29166666666667
2023-05-30,84.56666666666668,54.9,761.2916666666666,30.3125,14.4125,104.41666666666667,1.0333333333333334,17.916666666666668,1.575,147.20833333333334,83.16666666666667
2023-05-31,67.0,45.05833333333334,727.2916666666666,36.9125,10.816666666666668,78.79166666666667,1.1370833333333332,8.791666666666666,0.4270833333333333,136.375,80.0
2023-06-01,62.5375,42.35,765.9166666666666,34.4,14.4625,96.5,0.98,6.833333333333333,1.0666666666666667,119.0,73.25
2023-06-02,88.09166666666665,59.65,1247.4166666666667,54.475,27.504166666666666,109.58333333333333,0.715,8.625,1.6104166666666666,154.20833333333334,84.33333333333333
2023-06-03,81.82916666666667,55.05416666666667,1386.875,49.512499999999996,19.900000000000002,102.04166666666667,0.42,9.166666666666666,2.285416666666667,151.5,82.08333333333333
2023-06-04,94.89583333333333,65.6875,1980.5,53.31666666666666,22.974999999999998,94.16666666666667,0.37958333333333333,2.875,2.1125000000000003,158.58333333333334,95.875
2023-06-05,63.20416666666667,43.145833333333336,1149.5833333333333,38.125,17.358333333333334,109.41666666666667,0.4295833333333334,4.583333333333333,2.0875,141.70833333333334,78.83333333333333
2023-06-06,79.93333333333334,53.36666666666667,1296.375,47.56666666666666,20.095833333333335,104.54166666666667,0.4795833333333333,10.375,1.914583333333333,131.33333333333334,76.54166666666667
2023-06-07,82.92083333333333,56.333333333333336,1564.7916666666667,54.90833333333333,20.099999999999998,86.95833333333333,0.5591666666666667,6.958333333333333,1.6187500000000001,154.125,90.625
2023-06-08,77.13333333333334,51.833333333333336,1279.25,50.96666666666667,19.708333333333332,98.04166666666667,0.5554166666666667,8.416666666666666,1.7416666666666665,134.41666666666666,75.66666666666667
2023-06-09,93.175,62.49583333333334,1494.2083333333333,64.46666666666667,23.583333333333332,113.5,0.6304166666666667,11.208333333333334,1.83125,164.45833333333334,88.0
2023-06-10,77.67083333333333,51.666666666666664,1113.875,46.262499999999996,15.329166666666666,106.20833333333333,0.6970833333333334,11.041666666666666,1.883333333333333,155.45833333333334,86.33333333333333
2023-06-11,85.18333333333334,57.074999999999996,1374.75,49.458333333333336,22.150000000000002,116.16666666666667,0.6745833333333334,10.25,2.0104166666666665,156.125,81.125
2023-06-12,117.69583333333333,77.38333333333334,2251.7916666666665,75.55,27.95,110.625,0.7625000000000001,19.75,1.9145833333333335,168.79166666666666,97.29166666666667
2023-06-13,99.97916666666667,62.94166666666666,1671.3333333333333,55.34166666666667,20.029166666666665,102.375,0.72375,28.0,1.9791666666666667,164.08333333333334,97.625
2023-06-14,85.6375,52.19166666666667,1320.375,49.3375,18.575,86.625,0.6620833333333334,30.458333333333332,1.7937500000000002,151.91666666666666,85.625
2023-06-15,67.21666666666667,38.40416666666667,854.9583333333334,33.833333333333336,12.933333333333332,83.20833333333333,0.6533333333333333,32.708333333333336,2.0541666666666667,112.625,72.375
2023-06-16,66.875,41.27916666666667,954.0416666666666,43.11666666666667,14.375,94.95833333333333,0.6625,20.083333333333332,2.0541666666666667,113.5,70.75
2023-06-17,71.60000000000001,46.762499999999996,1041.8333333333333,46.00416666666666,15.991666666666667,112.91666666666667,0.67375,11.541666666666666,1.9375,133.0,74.375
2023-06-18,72.60833333333333,47.412499999999994,930.625,43.291666666666664,16.745833333333334,110.91666666666667,0.7025,12.416666666666666,1.9312500000000001,149.75,81.54166666666667
2023-06-19,69.57916666666667,47.09166666666667,894.7916666666666,38.916666666666664,15.608333333333334,111.75,0.7416666666666667,6.375,1.9625000000000001,134.75,74.54166666666667
2023-06-20,90.39999999999999,61.55416666666667,1513.4166666666667,54.50416666666667,20.270833333333332,113.04166666666667,0.7308333333333333,7.333333333333333,1.8958333333333333,158.25,83.875
2023-06-21,104.73333333333333,69.90416666666667,1797.0,68.1875,21.65416666666667,99.54166666666667,0.9779166666666667,14.083333333333334,1.6041666666666667,165.04166666666666,93.91666666666667
2023-06-22,90.01666666666667,57.324999999999996,1123.5833333333333,52.90416666666667,17.162499999999998,103.33333333333333,0.7958333333333334,22.208333333333332,2.0187500000000003,160.83333333333334,92.33333333333333
2023-06-23,82.17916666666666,49.74166666666667,1054.5,50.69583333333333,18.720833333333335,98.29166666666667,0.74625,30.0,2.075,154.08333333333334,82.125
2023-06-24,80.84166666666667,45.63333333333333,1009.125,41.49166666666667,16.4875,88.41666666666667,0.8641666666666667,44.0,1.6854166666666668,131.875,76.66666666666667
2023-06-25,91.67083333333333,53.4125,654.2083333333334,25.2625,15.283333333333333,115.83333333333333,1.0129166666666667,44.541666666666664,1.6895833333333334,142.5,80.625
2023-06-26,52.3375,33.02916666666667,568.375,24.116666666666664,11.033333333333333,91.95833333333333,0.9029166666666667,16.75,1.1645833333333333,116.04166666666667,73.5
2023-06-27,69.38333333333334,48.38333333333333,887.6666666666666,35.11666666666667,16.0625,97.16666666666667,0.6783333333333333,3.0,1.95625,128.20833333333334,76.75
2023-06-28,65.87916666666666,43.512499999999996,412.7916666666667,13.908333333333333,10.045833333333333,120.58333333333333,0.9183333333333333,10.708333333333334,1.7104166666666665,125.75,72.875
2023-06-29,75.04166666666667,46.60833333333333,465.2916666666667,16.599999999999998,11.129166666666668,129.58333333333334,0.9249999999999999,22.458333333333332,1.9875,140.45833333333334,75.33333333333333
2023-06-30,74.2375,47.56666666666666,570.8333333333334,26.329166666666666,11.404166666666667,132.20833333333334,0.8645833333333334,17.25,2.120833333333333,143.66666666666666,76.875
2023-07-01,90.20833333333333,57.1625,720.7083333333334,34.40416666666667,14.595833333333333,130.66666666666666,0.77625,22.708333333333332,1.8291666666666666,155.54166666666666,81.41666666666667
2023-07-02,107.76666666666667,64.14166666666667,834.25,38.55416666666667,15.595833333333333,124.95833333333333,0.7641666666666667,44.083333333333336,1.9291666666666665,166.45833333333334,90.66666666666667
2023-07-03,101.41250000000001,60.32916666666667,652.625,24.233333333333334,12.508333333333333,134.08333333333334,0.7666666666666666,41.166666666666664,2.0604166666666663,165.29166666666666,90.25
2023-07-04,86.47500000000001,51.21666666666667,422.5833333333333,11.533333333333333,8.866666666666667,131.75,0.7766666666666667,35.5,2.1104166666666666,151.04166666666666,85.125
2023-07-05,77.6875,36.762499999999996,412.4583333333333,14.75,9.016666666666667,103.45833333333333,1.1179166666666667,79.5,0.8270833333333334,122.16666666666667,75.875
2023-07-06,123.80416666666667,45.75833333333333,497.5,19.400000000000002,10.804166666666667,110.0,1.0254166666666666,168.875,1.3708333333333333,115.33333333333333,75.5
2023-07-07,98.6875,50.89166666666667,556.5833333333334,25.616666666666664,9.5875,103.58333333333333,0.9420833333333333,72.79166666666667,1.6520833333333333,136.79166666666666,89.33333333333333
2023-07-08,41.32083333333333,28.525000000000002,477.75,20.816666666666666,9.091666666666667,80.25,0.84125,2.5,0.7875000000000001,124.125,76.125
2023-07-09,23.15416666666667,16.224999999999998,314.3333333333333,12.329166666666666,7.133333333333333,88.25,0.36625,0.08333333333333333,1.335416666666667,63.375,44.166666666666664
2023-07-10,25.5,17.575,358.75,15.783333333333333,8.0875,81.58333333333333,0.4254166666666666,1.5416666666666667,1.9479166666666667,66.875,43.25
2023-07-11,46.73333333333333,31.666666666666668,634.2916666666666,34.675000000000004,11.579166666666666,98.08333333333333,0.3658333333333333,4.333333333333333,2.472916666666667,91.75,54.791666666666664
2023-07-12,66.66666666666667,44.275,558.9583333333334,20.9125,11.541666666666666,137.08333333333334,0.7354166666666666,9.5,2.19375,135.66666666666666,72.70833333333333
2023-07-13,69.35833333333333,47.775,500.1666666666667,18.404166666666665,9.333333333333334,134.125,1.0016666666666667,3.1666666666666665,1.6583333333333332,145.16666666666666,76.91666666666667
2023-07-14,59.00833333333333,40.7125,523.9166666666666,23.40416666666667,9.4625,108.95833333333333,0.6991666666666667,2.5833333333333335,2.0875,132.375,74.875
2023-07-15,82.44583333333334,56.5625,575.8333333333334,24.108333333333334,9.891666666666667,122.08333333333333,1.0441666666666667,4.583333333333333,1.7854166666666667,143.41666666666666,79.54166666666667
2023-07-16,74.40416666666667,47.475,590.125,27.016666666666666,7.820833333333333,100.375,1.1891666666666667,20.5,1.6125,143.83333333333334,81.79166666666667
2023-07-17,67.42083333333333,44.958333333333336,600.0,27.125,8.329166666666667,104.33333333333333,0.8695833333333334,12.875,2.066666666666667,137.66666666666666,78.45833333333333
2023-07-18,52.645833333333336,36.37083333333333,469.2916666666667,17.287499999999998,6.908333333333334,105.16666666666667,0.89875,3.4166666666666665,1.78125,117.45833333333333,72.04166666666667
2023-07-19,52.85833333333333,36.454166666666666,430.7916666666667,16.6125,9.475,99.91666666666667,1.0104166666666667,2.7916666666666665,1.1229166666666666,103.08333333333333,69.33333333333333
2023-07-20,74.4375,51.887499999999996,602.125,27.204166666666666,11.879166666666668,111.375,0.7883333333333334,1.0416666666666667,2.125,125.41666666666667,72.91666666666667
2023-07-21,83.29166666666667,58.270833333333336,751.0416666666666,34.7125,10.883333333333333,80.75,0.9812500000000001,0.5416666666666666,1.1083333333333334,151.70833333333334,88.0
2023-07-22,61.84583333333333,40.6875,535.625,23.616666666666664,10.254166666666666,72.16666666666667,1.04125,9.791666666666666,0.61875,135.0,79.79166666666667
2023-07-23,52.65416666666667,36.170833333333334,541.4583333333334,25.375,9.541666666666666,87.54166666666667,0.6833333333333332,3.4583333333333335,1.71875,107.375,69.29166666666667
2023-07-24,57.46666666666667,39.541666666666664,658.625,32.958333333333336,10.066666666666666,99.70833333333333,0.6091666666666666,2.5416666666666665,2.4145833333333333,117.04166666666667,70.04166666666667
2023-07-25,64.01666666666667,43.824999999999996,665.2083333333334,36.7875,11.049999999999999,78.5,0.765,4.25,1.0729166666666667,113.75,72.83333333333333
2023-07-26,69.70416666666667,48.300000000000004,774.875,38.604166666666664,12.133333333333333,82.5,0.9479166666666666,2.5416666666666665,0.8708333333333332,130.08333333333334,77.75
2023-07-27,71.9875,50.1625,677.5833333333334,28.820833333333336,12.220833333333333,102.75,1.0875,1.1666666666666667,1.5562500000000001,140.33333333333334,78.54166666666667
2023-07-28,63.87083333333334,44.14166666666667,552.9583333333334,21.879166666666666,12.633333333333333,120.45833333333333,1.2479166666666666,2.2916666666666665,1.6645833333333335,148.04166666666666,77.79166666666667
2023-07-29,60.69166666666666,40.8375,514.125,20.433333333333334,11.104166666666666,129.25,1.0166666666666666,7.166666666666667,1.8062500000000001,140.54166666666666,75.25
2023-07-30,79.12916666666666,52.0,774.875,37.59583333333333,18.204166666666666,118.41666666666667,0.7445833333333334,12.666666666666666,1.9645833333333333,144.41666666666666,77.25
2023-07-31,87.63333333333333,53.9375,921.1666666666666,43.083333333333336,14.424999999999999,116.91666666666667,0.7170833333333334,30.291666666666668,1.9083333333333332,156.83333333333334,81.33333333333333
2023-08-01,102.55,52.84583333333333,966.2083333333334,47.199999999999996,12.383333333333333,102.16666666666667,0.49625,75.16666666666667,2.160416666666667,156.70833333333334,84.45833333333333
2023-08-02,116.7,47.112500000000004,507.375,23.03333333333333,12.316666666666668,104.66666666666667,0.6158333333333333,143.95833333333334,1.8708333333333333,138.83333333333334,83.5
2023-08-03,138.5875,52.975,679.0416666666666,33.9,13.4375,106.66666666666667,0.7179166666666666,191.125,2.0791666666666666,132.70833333333334,84.04166666666667
2023-08-04,148.49583333333334,58.225,764.0416666666666,33.56666666666667,11.566666666666668,102.625,0.7400000000000001,191.41666666666666,1.9041666666666668,157.625,109.91666666666667
2023-08-05,117.99166666666667,48.92083333333333,554.8333333333334,27.6375,12.825000000000001,106.16666666666667,0.7516666666666666,143.95833333333334,2.0770833333333334,138.0,83.83333333333333
2023-08-06,186.48749999999998,60.887499999999996,714.2083333333334,33.94583333333333,13.395833333333334,96.625,0.8054166666666666,293.6666666666667,1.8916666666666666,150.20833333333334,103.20833333333333
2023-08-07,202.45000000000002,63.85,730.9583333333334,31.320833333333336,11.558333333333332,107.125,0.8337500000000001,327.125,1.7083333333333333,152.29166666666666,109.41666666666667
2023-08-08,204.3083333333333,78.72916666666667,999.5833333333334,47.449999999999996,14.8125,100.375,0.71625,278.875,1.7541666666666667,166.125,132.33333333333334
2023-08-09,228.21666666666667,79.42083333333333,704.7916666666666,34.32083333333333,12.8375,100.375,0.7766666666666667,351.8333333333333,1.7833333333333332,165.29166666666666,122.95833333333333
2023-08-10,159.87083333333334,63.72083333333333,441.2083333333333,19.654166666666665,10.125,101.58333333333333,0.9458333333333333,218.58333333333334,1.4520833333333334,159.0,119.54166666666667
2023-08-11,152.41666666666666,59.262499999999996,652.8333333333334,32.291666666666664,12.670833333333334,110.08333333333333,0.8204166666666667,203.33333333333334,1.8645833333333333,156.20833333333334,97.08333333333333
2023-08-12,163.77083333333334,56.92083333333333,790.2916666666666,40.4375,10.112499999999999,74.83333333333333,0.64125,245.45833333333334,1.83125,154.08333333333334,110.75
2023-08-13,129.92499999999998,49.025,556.625,27.333333333333332,9.791666666666666,90.20833333333333,0.6195833333333334,179.91666666666666,2.05625,141.20833333333334,96.83333333333333
2023-08-14,137.04166666666666,47.1625,391.25,15.8125,9.566666666666666,99.83333333333333,0.83625,210.75,1.7208333333333332,132.66666666666666,91.29166666666667
2023-08-15,106.825,48.23333333333333,506.7916666666667,20.683333333333334,12.983333333333334,119.91666666666667,0.7429166666666666,104.45833333333333,1.90625,141.625,89.375
2023-08-16,146.2875,59.737500000000004,770.0416666666666,35.858333333333334,13.833333333333334,111.66666666666667,0.63875,171.45833333333334,1.9791666666666667,147.95833333333334,89.20833333333333
2023-08-17,160.46666666666667,64.92916666666666,984.9583333333334,45.520833333333336,14.387500000000001,106.625,0.7670833333333333,192.20833333333334,1.7604166666666667,165.41666666666666,104.20833333333333
2023-08-18,136.20416666666668,54.225,621.25,27.295833333333334,11.083333333333334,104.16666666666667,0.7729166666666667,165.625,1.78125,155.04166666666666,99.125
2023-08-19,122.125,56.57083333333333,547.6666666666666,22.891666666666666,11.379166666666668,105.20833333333333,0.8337500000000001,113.04166666666667,1.5354166666666667,152.875,93.04166666666667
2023-08-20,102.96666666666665,63.09166666666667,825.625,39.354166666666664,13.620833333333332,103.70833333333333,0.795,35.125,1.6375,156.20833333333334,87.29166666666667
2023-08-21,116.65833333333335,73.19583333333334,943.4166666666666,42.608333333333334,17.720833333333335,109.91666666666667,0.9704166666666666,19.083333333333332,1.54375,165.91666666666666,95.33333333333333
2023-08-22,95.13333333333333,60.23333333333333,847.7916666666666,34.574999999999996,13.020833333333334,113.66666666666667,0.8708333333333332,17.291666666666668,1.6895833333333332,166.08333333333334,94.79166666666667
2023-08-23,74.3625,41.045833333333334,491.8333333333333,16.325,11.579166666666666,115.83333333333333,0.67625,43.666666666666664,2.0625,147.66666666666666,82.20833333333333
2023-08-24,183.98333333333335,47.13333333333333,483.4166666666667,19.8875,12.487499999999999,101.20833333333333,0.8312499999999999,338.9583333333333,1.4708333333333332,111.83333333333333,79.91666666666667
2023-08-25,121.1125,47.887499999999996,472.7083333333333,22.05,10.8375,93.04166666666667,0.7516666666666666,163.125,1.6020833333333335,142.625,110.125
2023-08-26,129.09166666666667,48.291666666666664,477.25,19.391666666666666,12.091666666666667,112.5,0.8175,177.25,1.6645833333333335,137.0,89.875
2023-08-27,119.42916666666667,55.458333333333336,778.7083333333334,36.708333333333336,17.849999999999998,112.29166666666667,0.60375,114.95833333333333,1.8479166666666667,151.66666666666666,91.45833333333333
2023-08-28,123.01666666666667,59.45416666666667,889.875,40.583333333333336,17.337500000000002,109.875,0.6129166666666667,107.54166666666667,1.7625,156.125,86.29166666666667
2023-08-29,114.46249999999999,52.69583333333333,798.2916666666666,37.50833333333333,14.487499999999999,102.5,0.5441666666666667,108.375,1.5708333333333335,154.95833333333334,90.66666666666667
2023-08-30,167.09583333333333,62.18333333333334,1049.2083333333333,47.21666666666667,13.975,94.625,0.45125,222.70833333333334,1.7729166666666665,149.83333333333334,95.0
2023-08-31,133.1,60.89166666666667,1171.375,51.9375,13.395833333333334,91.66666666666667,0.5133333333333333,128.54166666666666,1.7416666666666665,158.75,101.79166666666667
2023-09-01,96.5125,47.083333333333336,954.875,44.949999999999996,10.55,73.625,0.4604166666666667,81.5,1.9124999999999999,149.70833333333334,87.29166666666667
2023-09-02,77.49583333333334,36.800000000000004,642.75,32.391666666666666,9.479166666666666,79.5,0.5220833333333333,69.33333333333333,1.9145833333333335,110.20833333333333,72.79166666666667
2023-09-03,82.61666666666666,41.4,721.375,36.62083333333333,12.408333333333333,92.75,0.5066666666666667,63.208333333333336,1.9229166666666666,117.33333333333333,71.625
2023-09-04,69.77916666666667,41.0125,750.0,37.608333333333334,12.954166666666666,90.16666666666667,0.3983333333333334,29.875,1.9979166666666668,126.875,73.83333333333333
2023-09-05,86.52499999999999,44.25833333333333,802.7916666666666,37.475,14.679166666666667,97.91666666666667,0.44416666666666665,60.75,1.8708333333333333,133.75,75.0
2023-09-06,72.79583333333333,44.73333333333333,956.5833333333334,43.65,14.466666666666667,104.58333333333333,0.35833333333333334,17.208333333333332,1.9249999999999998,141.41666666666666,76.41666666666667
2023-09-07,90.49166666666667,53.987500000000004,1300.375,57.125,15.995833333333332,102.125,0.3354166666666667,28.416666666666668,1.91875,149.5,79.91666666666667
2023-09-08,104.06666666666666,60.9,1188.9166666666667,52.449999999999996,15.391666666666666,104.54166666666667,0.4633333333333333,33.666666666666664,1.7541666666666667,158.95833333333334,84.25
2023-09-09,93.36666666666667,54.95416666666667,820.875,34.375,16.170833333333334,116.29166666666667,0.64,24.583333333333332,1.6333333333333335,160.79166666666666,85.33333333333333
2023-09-10,88.00416666666666,52.75,720.7916666666666,29.008333333333336,16.775000000000002,118.54166666666667,1.0741666666666665,18.0,1.34375,154.66666666666666,82.66666666666667
2023-09-11,93.09166666666665,57.762499999999996,699.125,26.6875,12.920833333333334,129.04166666666666,1.0308333333333333,14.041666666666666,1.508333333333333,157.04166666666666,83.75
2023-09-12,114.92083333333333,70.6875,842.4583333333334,35.1375,16.458333333333332,116.16666666666667,1.0304166666666668,18.125,1.325,163.58333333333334,90.83333333333333
2023-09-13,116.375,72.54166666666667,912.6666666666666,36.8125,17.116666666666667,116.66666666666667,1.0083333333333333,14.75,1.35625,167.5,99.16666666666667
2023-09-14,103.21249999999999,65.50416666666666,807.5416666666666,31.391666666666666,13.308333333333332,102.58333333333333,1.2858333333333334,10.125,1.0145833333333334,157.29166666666666,95.375
2023-09-15,80.02499999999999,51.38333333333333,617.7083333333334,20.845833333333335,10.320833333333333,106.20833333333333,1.1625,9.625,1.2083333333333333,152.54166666666666,87.33333333333333
2023-09-16,64.96249999999999,43.475,622.75,21.033333333333335,10.329166666666667,102.95833333333333,0.8450000000000001,3.875,1.2125000000000001,138.79166666666666,79.75
2023-09-17,41.00833333333333,28.079166666666666,480.4166666666667,17.666666666666668,11.129166666666668,90.20833333333333,0.39999999999999997,0.8333333333333334,1.6520833333333333,106.58333333333333,69.20833333333333
2023-09-18,30.8125,21.4875,450.0833333333333,19.629166666666666,6.845833333333334,67.0,0.3725,0.125,1.7458333333333333,73.25,51.958333333333336
2023-09-19,42.237500000000004,29.28333333333333,584.0,27.78333333333333,11.291666666666666,69.70833333333333,0.34625,0.7083333333333334,1.5333333333333332,79.29166666666667,57.291666666666664
2023-09-20,50.26666666666667,34.75,797.375,38.983333333333334,14.924999999999999,80.91666666666667,0.2529166666666667,1.375,1.825,101.08333333333333,66.29166666666667
2023-09-21,76.58333333333333,52.3375,1123.375,52.73333333333333,21.033333333333335,95.875,0.47125,3.0833333333333335,1.5,131.54166666666666,75.125
2023-09-22,72.10000000000001,48.958333333333336,887.4166666666666,36.225,16.595833333333335,102.70833333333333,0.6216666666666667,4.041666666666667,1.5416666666666667,136.875,77.66666666666667
2023-09-23,66.70833333333333,42.38333333333333,849.75,31.920833333333334,12.799999999999999,85.20833333333333,0.63,16.916666666666668,1.4145833333333335,140.79166666666666,81.33333333333333
2023-09-24,50.8125,30.120833333333334,567.7083333333334,24.441666666666666,12.583333333333334,94.875,0.56375,21.583333333333332,1.3625,111.66666666666667,68.41666666666667
2023-09-25,54.5,33.420833333333334,645.0,31.854166666666668,11.5375,82.54166666666667,0.505,17.666666666666668,1.414583333333333,100.70833333333333,66.5
2023-09-26,62.52916666666667,36.770833333333336,758.4583333333334,33.32083333333333,12.941666666666668,88.16666666666667,0.3625,23.375,1.5895833333333333,101.66666666666667,66.875
2023-09-27,70.12916666666666,41.7875,785.0,33.38333333333333,10.6625,90.29166666666667,0.26166666666666666,25.333333333333332,1.6604166666666667,116.70833333333333,72.70833333333333
2023-09-28,114.64583333333333,59.475,995.0833333333334,40.3125,14.566666666666668,102.625,0.3595833333333333,77.95833333333333,1.5333333333333332,135.875,77.79166666666667
2023-09-29,106.71249999999999,60.14166666666667,1116.8333333333333,49.00833333333333,14.970833333333333,88.70833333333333,0.3825,50.458333333333336,1.5250000000000001,156.66666666666666,92.375
2023-09-30,75.60833333333333,46.0375,704.375,28.97083333333333,12.933333333333332,91.16666666666667,0.32875000000000004,21.708333333333332,1.53125,139.33333333333334,79.83333333333333
2023-10-01,64.05833333333334,40.55416666666667,823.1666666666666,35.34166666666666,10.5375,84.08333333333333,0.18791666666666665,14.25,1.6812500000000001,123.66666666666667,75.20833333333333
2023-10-02,77.52083333333333,50.324999999999996,1195.8333333333333,52.14166666666667,13.804166666666667,80.375,0.21791666666666668,12.166666666666666,1.6145833333333333,121.75,73.875
2023-10-03,95.1875,57.07083333333333,1107.5833333333333,47.987500000000004,12.879166666666668,79.83333333333333,0.3575,28.0,1.4791666666666667,150.5,86.58333333333333
2023-10-04,106.09583333333335,60.887499999999996,946.0833333333334,37.12916666666667,13.095833333333333,93.08333333333333,0.30541666666666667,37.541666666666664,1.5291666666666668,150.91666666666666,85.66666666666667
2023-10-05,112.7625,65.70833333333333,1019.4166666666666,40.425000000000004,14.066666666666668,104.83333333333333,0.30791666666666667,34.083333333333336,1.4729166666666667,157.79166666666666,90.75
2023-10-06,122.15416666666665,73.24166666666666,1285.9583333333333,51.979166666666664,16.837500000000002,101.41666666666667,0.335,30.875,1.4416666666666667,164.08333333333334,94.5
2023-10-07,118.22500000000001,66.2375,985.625,39.354166666666664,15.612499999999999,93.91666666666667,0.5779166666666666,41.166666666666664,1.29375,158.70833333333334,96.29166666666667
2023-10-08,135.2875,74.32916666666667,948.0833333333334,39.4625,17.349999999999998,90.83333333333333,0.7241666666666666,52.75,1.1812500000000001,157.04166666666666,95.0
2023-10-09,137.94166666666666,76.0625,836.125,31.325,16.808333333333334,96.95833333333333,0.9216666666666667,49.291666666666664,1.0687499999999999,162.83333333333334,103.79166666666667
2023-10-10,96.84166666666665,55.80833333333334,573.3333333333334,24.104166666666668,9.595833333333333,83.16666666666667,0.5437500000000001,29.5,1.1958333333333333,155.5,92.79166666666667
2023-10-11,68.76666666666667,45.27916666666667,1051.375,40.81666666666667,11.9625,80.75,0.1758333333333333,5.416666666666667,1.4854166666666666,127.125,76.5
2023-10-12,105.50833333333333,71.77499999999999,1805.2916666666667,74.24583333333334,19.420833333333334,84.83333333333333,0.2579166666666667,2.7916666666666665,1.4166666666666667,155.04166666666666,89.70833333333333
2023-10-13,81.72916666666667,53.27916666666667,967.9166666666666,37.9125,16.241666666666667,100.16666666666667,0.42416666666666664,6.75,1.29375,155.29166666666666,89.70833333333333
2023-10-14,62.525,37.125,533.9583333333334,17.3,9.966666666666667,97.875,0.54875,18.833333333333332,1.15625,127.83333333333333,77.375
2023-10-15,65.2,33.949999999999996,470.0,23.183333333333334,7.75,83.83333333333333,0.4920833333333334,39.333333333333336,1.1479166666666667,96.0,66.75
2023-10-16,49.791666666666664,29.675,448.3333333333333,21.029166666666665,8.470833333333333,63.166666666666664,0.7670833333333333,21.458333333333332,0.3625,92.70833333333333,65.625
2023-10-17,65.09166666666667,33.53333333333333,486.4583333333333,21.979166666666668,9.133333333333333,75.41666666666667,0.5325000000000001,39.791666666666664,1.0645833333333334,90.08333333333333,64.625
2023-10-18,51.13333333333333,32.38333333333333,691.8333333333334,30.545833333333334,11.570833333333333,62.916666666666664,0.19666666666666666,11.666666666666666,1.2958333333333334,94.0,66.08333333333333
2023-10-19,57.39166666666667,39.37083333333333,1069.2916666666667,43.6,15.141666666666666,71.0,0.17875,2.8333333333333335,1.3208333333333333,99.33333333333333,67.95833333333333
2023-10-20,75.45416666666667,52.78333333333333,1549.375,64.35416666666667,20.929166666666667,80.625,0.21333333333333335,0.16666666666666666,1.3104166666666668,136.29166666666666,79.41666666666667
2023-10-21,71.35000000000001,49.5375,1117.2916666666667,55.03333333333333,16.2625,82.66666666666667,0.3829166666666666,1.0416666666666667,1.1520833333333333,139.375,80.5
2023-10-22,78.49583333333334,50.262499999999996,900.0416666666666,37.454166666666666,16.2375,81.95833333333333,0.7283333333333334,13.416666666666666,0.8770833333333333,130.625,78.16666666666667
2023-10-23,99.44166666666666,62.666666666666664,1308.9583333333333,50.5625,16.870833333333334,69.125,0.3558333333333333,19.916666666666668,1.0083333333333333,150.75,87.45833333333333
2023-10-24,88.57083333333333,59.375,1667.125,62.0,19.575,63.958333333333336,0.24333333333333332,7.083333333333333,1.0875000000000001,153.58333333333334,89.75
2023-10-25,72.15833333333333,48.775,1291.875,50.59166666666667,13.200000000000001,60.208333333333336,0.1729166666666667,5.083333333333333,1.15625,141.45833333333334,82.0
2023-10-26,72.32083333333334,49.90833333333333,1359.0,53.6625,14.170833333333334,65.83333333333333,0.17708333333333334,2.0,1.1812500000000001,132.625,78.91666666666667
2023-10-27,110.16666666666667,73.8625,1700.0416666666667,68.64999999999999,20.070833333333333,70.41666666666667,0.3666666666666667,6.875,1.0770833333333334,149.83333333333334,87.375
2023-10-28,148.51250000000002,97.12916666666666,1731.7083333333333,67.75416666666666,24.175,80.08333333333333,0.6141666666666666,13.333333333333334,0.8541666666666666,166.375,108.16666666666667
2023-10-29,156.725,100.60833333333333,1564.6666666666667,60.550000000000004,23.59583333333333,90.45833333333333,0.7125,17.333333333333332,0.8729166666666667,174.91666666666666,119.125
2023-10-30,157.29166666666666,100.30833333333334,1352.0833333333333,50.75,23.666666666666668,100.16666666666667,0.8737499999999999,16.083333333333332,0.75,175.75,120.0
2023-10-31,168.27916666666667,109.33333333333333,1776.5416666666667,68.225,25.016666666666666,85.54166666666667,0.8866666666666667,13.833333333333334,0.7229166666666668,176.83333333333334,123.20833333333333
2023-11-01,119.31666666666666,81.325,1643.8333333333333,59.07916666666667,16.170833333333334,71.0,0.6666666666666666,3.5833333333333335,0.8833333333333333,174.375,121.5
2023-11-02,145.03333333333333,96.175,1634.4583333333333,52.324999999999996,19.583333333333332,63.25,1.0733333333333333,7.541666666666667,0.7166666666666667,164.58333333333334,106.54166666666667
2023-11-03,169.09583333333333,107.0625,1549.0833333333333,55.175000000000004,18.125,61.916666666666664,1.3129166666666665,16.875,0.5104166666666666,174.5,121.5
2023-11-04,167.50833333333333,108.94583333333333,1919.4166666666667,62.916666666666664,19.066666666666666,61.25,0.5704166666666667,14.625,0.8083333333333335,183.58333333333334,135.83333333333334
2023-11-05,124.6875,81.72500000000001,1816.9166666666667,62.225,16.983333333333334,58.791666666666664,0.38916666666666666,11.041666666666666,0.9270833333333334,165.29166666666666,107.54166666666667
2023-11-06,168.0875,110.67083333333333,1901.0833333333333,61.92916666666667,21.400000000000002,74.29166666666667,1.10125,11.208333333333334,0.6083333333333333,171.45833333333334,116.79166666666667
2023-11-07,194.4625,117.31666666666666,1590.4583333333333,48.87916666666666,20.325,57.541666666666664,1.3870833333333332,28.458333333333332,0.4979166666666666,178.79166666666666,128.25
2023-11-08,188.15,111.95416666666667,1286.0,50.92916666666667,16.9375,53.75,1.6054166666666667,26.333333333333332,0.4166666666666667,183.58333333333334,135.33333333333334
2023-11-09,214.38750000000002,131.24166666666667,1524.25,49.833333333333336,26.829166666666666,83.95833333333333,1.4725000000000001,28.0,0.5145833333333333,186.125,139.33333333333334
2023-11-10,120.24166666666667,76.00833333333334,738.25,24.224999999999998,11.716666666666667,69.04166666666667,1.3054166666666667,11.916666666666666,0.46458333333333335,176.41666666666666,124.41666666666667
2023-11-11,83.45833333333333,55.14166666666667,983.8333333333334,35.9125,12.674999999999999,49.041666666666664,0.3516666666666666,5.541666666666667,0.8166666666666668,154.79166666666666,91.625
2023-11-12,60.199999999999996,41.295833333333334,1114.25,43.51666666666667,13.283333333333333,52.0,0.1825,1.0833333333333333,0.8562500000000001,129.04166666666666,77.66666666666667
2023-11-13,82.58749999999999,57.112500000000004,1454.875,54.30416666666667,16.525000000000002,55.0,0.25916666666666666,1.0833333333333333,0.8875000000000001,125.29166666666667,76.41666666666667
2023-11-14,94.77083333333333,65.875,1557.75,54.6625,17.454166666666666,60.75,0.3104166666666667,0.9166666666666666,0.8104166666666667,156.83333333333334,94.83333333333333
2023-11-15,80.4375,56.06666666666666,1341.9583333333333,46.90416666666667,16.066666666666666,68.04166666666667,0.2225,0.5833333333333334,0.8250000000000001,142.0,82.91666666666667
2023-11-16,132.07916666666668,92.08333333333333,2070.625,72.77499999999999,24.354166666666668,65.95833333333333,0.34041666666666665,0.9583333333333334,0.6979166666666666,160.125,99.83333333333333
2023-11-17,103.02916666666665,71.77083333333333,1365.0416666666667,52.13333333333333,19.391666666666666,71.875,0.2658333333333333,0.16666666666666666,0.75625,168.33333333333334,112.29166666666667
2023-11-18,81.70416666666667,56.03333333333333,1157.4583333333333,43.09166666666667,15.933333333333332,64.16666666666667,0.22125000000000003,1.5,0.7479166666666667,149.83333333333334,86.04166666666667
2023-11-19,117.35000000000001,79.0625,1572.625,58.59166666666667,21.629166666666666,61.333333333333336,0.37958333333333333,4.125,0.7291666666666666,154.41666666666666,91.16666666666667
2023-11-20,138.82916666666668,92.94166666666666,1496.9166666666667,54.15416666666667,17.787499999999998,53.166666666666664,0.6166666666666667,5.666666666666667,0.6125,168.70833333333334,112.91666666666667
2023-11-21,107.53333333333335,72.2625,1061.6666666666667,38.21666666666667,12.420833333333334,62.5,0.3933333333333333,4.25,0.65625,165.25,107.41666666666667
2023-11-22,98.70416666666667,67.40416666666667,1425.2916666666667,46.04583333333333,14.575000000000001,57.416666666666664,0.30291666666666667,2.4166666666666665,0.7791666666666667,153.875,90.20833333333333
2023-11-23,151.0,101.74166666666667,1968.7916666666667,58.84583333333333,22.108333333333334,53.25,0.6675,6.666666666666667,0.5854166666666667,166.08333333333334,108.91666666666667
2023-11-24,127.20833333333333,86.10833333333333,1445.3333333333333,46.82916666666667,19.758333333333333,67.95833333333333,0.53,5.0,0.6145833333333334,173.91666666666666,120.875
2023-11-25,115.64166666666667,79.42083333333333,1781.25,65.74166666666666,24.22083333333333,62.75,0.32666666666666666,3.7083333333333335,0.6354166666666666,159.375,98.58333333333333
2023-11-26,131.11249999999998,90.3875,1972.75,58.354166666666664,21.479166666666668,51.375,0.5612499999999999,3.0833333333333335,0.41041666666666665,168.91666666666666,113.20833333333333
2023-11-27,97.74166666666667,67.47500000000001,1434.9583333333333,44.92083333333333,19.120833333333334,53.416666666666664,0.60875,1.9166666666666667,0.3875,162.125,102.79166666666667
2023-11-28,145.51666666666668,100.45833333333333,1710.4166666666667,55.0,29.141666666666666,58.875,0.8562500000000001,1.75,0.43124999999999997,162.58333333333334,103.625
2023-11-29,121.02083333333333,84.06666666666666,1641.7916666666667,54.30416666666667,21.916666666666668,60.083333333333336,0.6595833333333333,1.0,0.49583333333333335,172.375,118.41666666666667
2023-11-30,105.83333333333333,71.92916666666666,966.7083333333334,35.59583333333333,15.729166666666666,52.0,1.5883333333333332,1.8333333333333333,0.26875,159.79166666666666,99.20833333333333
2023-12-01,95.55833333333334,63.862500000000004,840.0416666666666,32.49166666666667,11.904166666666667,51.958333333333336,0.7991666666666667,2.2916666666666665,0.4270833333333333,158.54166666666666,97.625
2023-12-02,89.59166666666665,61.34583333333333,1315.8333333333333,42.637499999999996,16.4375,62.958333333333336,0.3575,1.0,0.5437500000000001,150.16666666666666,85.41666666666667
2023-12-03,124.80416666666667,86.25833333333333,2094.375,71.4875,30.1375,69.91666666666667,0.37333333333333335,1.125,0.5395833333333333,160.08333333333334,99.54166666666667
2023-12-04,156.43333333333334,108.75,2394.8333333333335,79.54166666666667,36.57083333333333,69.04166666666667,0.55,0.7083333333333334,0.5020833333333333,173.33333333333334,119.875
2023-12-05,154.24166666666667,107.52499999999999,2024.2916666666667,69.39999999999999,33.3125,76.66666666666667,0.5908333333333333,0.5416666666666666,0.46458333333333335,179.29166666666666,128.875
2023-12-06,103.58333333333333,72.45,1609.5,52.82083333333333,21.270833333333332,68.45833333333333,0.21125000000000002,0.0,0.6395833333333333,168.79166666666666,112.79166666666667
2023-12-07,111.02916666666665,77.52083333333333,1749.5,57.199999999999996,23.766666666666666,68.20833333333333,0.20166666666666666,0.125,0.64375,158.0,96.45833333333333
2023-12-08,150.1875,104.89583333333333,2469.7083333333335,83.25833333333334,28.912499999999998,74.0,0.32708333333333334,0.4166666666666667,0.5708333333333333,167.66666666666666,111.20833333333333
2023-12-09,169.84583333333333,118.40833333333335,2508.6666666666665,74.89166666666667,35.05416666666667,79.0,0.4683333333333333,0.75,0.5583333333333333,182.79166666666666,134.08333333333334
2023-12-10,107.08749999999999,74.44583333333334,1418.6666666666667,43.56666666666666,17.904166666666665,72.95833333333333,0.2733333333333333,0.5833333333333334,0.6270833333333333,171.375,117.08333333333333
2023-12-11,150.85,104.7375,2209.0416666666665,69.56666666666666,25.900000000000002,65.25,0.3729166666666666,1.375,0.5166666666666667,164.16666666666666,106.08333333333333
2023-12-12,144.10416666666666,100.17083333333333,2137.0,56.36666666666667,27.912499999999998,60.958333333333336,0.56375,1.0,0.4375,177.5,126.16666666666667
2023-12-13,164.51666666666668,121.73333333333333,2204.2083333333335,62.03333333333333,34.6875,75.20833333333333,0.5104166666666666,1.5,0.4395833333333334,176.25,124.125
2023-12-14,142.18333333333334,113.93333333333334,2199.875,64.83333333333333,30.854166666666668,67.375,0.44916666666666666,0.9166666666666666,0.4916666666666667,186.91666666666666,140.54166666666666
2023-12-15,176.29166666666666,121.91666666666667,2548.125,75.53750000000001,36.17916666666667,86.66666666666667,0.6870833333333333,1.5416666666666667,0.43333333333333335,180.08333333333334,130.0
2023-12-16,148.47083333333333,102.2375,2039.2083333333333,59.708333333333336,31.820833333333336,96.95833333333333,0.9320833333333334,2.5,0.39375,184.08333333333334,135.08333333333334
2023-12-17,105.48333333333333,70.36666666666666,1276.4166666666667,43.01666666666667,20.795833333333334,60.583333333333336,0.4891666666666667,6.875,0.5395833333333333,164.875,106.95833333333333
2023-12-18,83.71666666666667,56.175000000000004,981.1666666666666,28.608333333333334,14.549999999999999,68.95833333333333,0.22583333333333333,2.9166666666666665,0.5791666666666667,153.33333333333334,89.58333333333333
2023-12-19,87.99166666666667,60.475,1275.0,36.68333333333333,15.579166666666666,73.29166666666667,0.1825,1.75,0.6020833333333333,150.70833333333334,85.75
2023-12-20,113.67916666666667,78.92083333333333,1776.7916666666667,49.35833333333334,19.016666666666666,69.5,0.20291666666666666,1.5,0.6083333333333333,157.04166666666666,94.91666666666667
2023-12-21,159.00833333333333,110.89999999999999,2439.5833333333335,70.90833333333333,28.15416666666667,74.33333333333333,0.29250000000000004,0.875,0.6062500000000001,170.54166666666666,115.70833333333333
2023-12-22,209.1291666666667,145.76250000000002,2991.8333333333335,87.03750000000001,34.449999999999996,77.75,0.49374999999999997,0.9583333333333334,0.47708333333333336,187.83333333333334,142.04166666666666
2023-12-23,215.85833333333335,150.32083333333333,2692.5833333333335,71.5625,35.02916666666667,91.58333333333333,0.655,1.0,0.4458333333333333,201.0,160.625
2023-12-24,194.85,135.25416666666666,2634.4166666666665,75.59166666666667,29.316666666666666,87.125,0.37875,0.875,0.4979166666666666,197.91666666666666,157.375
2023-12-25,139.07500000000002,95.91666666666667,1957.7916666666667,54.895833333333336,20.958333333333332,82.5,0.24041666666666664,2.9583333333333335,0.61875,175.45833333333334,122.95833333333333
2023-12-26,214.34583333333333,148.36249999999998,3040.4583333333335,98.91250000000001,35.516666666666666,69.875,0.31625,4.208333333333333,0.5270833333333333,189.16666666666666,143.75
2023-12-27,208.74166666666667,145.3125,2927.2083333333335,88.72500000000001,34.99166666666667,84.66666666666667,0.45333333333333337,1.4166666666666667,0.49374999999999997,206.83333333333334,165.79166666666666
2023-12-28,170.19583333333333,118.3125,2157.3333333333335,47.862500000000004,19.754166666666666,90.45833333333333,0.5308333333333334,1.0,0.4875,182.5,132.83333333333334
2023-12-29,210.775,146.51666666666668,2291.5,53.979166666666664,24.400000000000002,69.58333333333333,1.1104166666666666,1.5833333333333333,0.30833333333333335,189.58333333333334,144.58333333333334
2023-12-30,246.84166666666667,171.65833333333333,2717.8333333333335,69.30416666666666,31.712500000000002,83.875,1.0933333333333335,2.1666666666666665,0.26666666666666666,209.375,167.95833333333334
2023-12-31,284.22499999999997,197.60833333333335,3177.6666666666665,85.02083333333333,36.9625,101.70833333333333,0.91,2.25,0.32083333333333336,237.41666666666666,190.33333333333334
2024-01-01,273.3291666666667,190.275,3011.9166666666665,76.30416666666666,28.8625,91.66666666666667,1.12375,2.0416666666666665,0.2604166666666667,243.70833333333334,195.375
2024-01-02,270.90416666666664,188.1291666666667,3151.0,79.9375,23.96666666666667,77.125,1.1054166666666667,3.9166666666666665,0.3020833333333333,240.79166666666666,192.95833333333334
2024-01-03,268.84583333333336,186.65416666666667,3193.3333333333335,76.58333333333333,26.191666666666666,93.0,1.0687499999999999,3.875,0.3104166666666667,236.45833333333334,189.54166666666666
2024-01-04,230.6,160.17916666666667,2741.9583333333335,57.82083333333333,21.8,108.75,0.7766666666666667,3.0416666666666665,0.38125000000000003,220.41666666666666,176.625
2024-01-05,251.0041666666667,174.28333333333333,3045.5,67.40833333333333,24.5625,90.04166666666667,0.85875,3.1666666666666665,0.2708333333333333,215.875,173.125
2024-01-06,237.27083333333334,164.57500000000002,2833.5833333333335,60.43333333333334,22.041666666666668,87.45833333333333,0.7604166666666666,3.3333333333333335,0.35833333333333334,224.25,179.75
2024-01-07,215.64583333333334,148.60416666666666,2617.4583333333335,64.51666666666667,24.1875,86.20833333333333,0.6708333333333334,4.833333333333333,0.3645833333333333,203.70833333333334,163.08333333333334
2024-01-08,225.5375,155.11666666666667,2764.1666666666665,64.73333333333333,25.358333333333334,95.625,0.7379166666666667,5.833333333333333,0.4166666666666667,200.125,160.16666666666666
2024-01-09,218.5875,150.17499999999998,2423.9583333333335,55.59166666666667,23.366666666666664,88.58333333333333,0.8691666666666666,5.458333333333333,0.3416666666666666,200.58333333333334,160.58333333333334
2024-01-10,205.1625,141.32916666666668,2328.9583333333335,56.833333333333336,22.179166666666664,76.375,0.75375,4.25,0.36666666666666664,201.125,160.45833333333334
2024-01-11,207.84583333333333,143.48749999999998,2359.0833333333335,53.1625,17.858333333333334,82.375,0.7554166666666666,5.083333333333333,0.3333333333333333,194.125,151.33333333333334
2024-01-12,227.46666666666667,157.54583333333332,2758.7083333333335,69.97500000000001,22.308333333333334,69.41666666666667,0.64,3.875,0.38749999999999996,197.41666666666666,156.16666666666666
2024-01-13,255.04583333333335,176.98333333333335,2995.0833333333335,68.93333333333334,28.59583333333333,84.04166666666667,0.7608333333333334,3.2083333333333335,0.4583333333333333,221.83333333333334,177.91666666666666
2024-01-14,242.42916666666667,168.5375,2724.3333333333335,65.41666666666667,21.916666666666668,78.58333333333333,0.7154166666666666,2.2083333333333335,0.36874999999999997,222.875,178.79166666666666
2024-01-15,225.20416666666665,157.05833333333334,2609.3333333333335,56.5,22.679166666666664,83.5,0.9775,1.0,0.28958333333333336,213.91666666666666,171.5
2024-01-16,218.45833333333334,151.84166666666667,2413.9166666666665,54.23333333333333,21.920833333333334,79.33333333333333,0.8041666666666667,0.9166666666666666,0.41458333333333336,203.08333333333334,162.83333333333334
2024-01-17,227.10833333333335,156.91666666666666,2883.5833333333335,60.81666666666666,28.90416666666667,71.875,0.84625,0.6666666666666666,0.40208333333333335,202.75,162.41666666666666
2024-01-18,238.4375,165.93333333333334,3126.8333333333335,82.62916666666666,35.204166666666666,79.04166666666667,0.8633333333333333,0.0,0.43541666666666673,215.0,172.45833333333334
2024-01-19,244.0666666666667,168.375,2529.0416666666665,76.40833333333333,32.795833333333334,92.58333333333333,0.91,0.6666666666666666,0.3520833333333333,220.41666666666666,176.83333333333334
2024-01-20,208.42916666666667,142.49583333333334,1983.4583333333333,54.49166666666667,30.325,85.25,1.0404166666666665,2.9166666666666665,0.3458333333333334,198.45833333333334,156.54166666666666
2024-01-21,239.47916666666666,163.18333333333334,2542.125,72.02083333333333,32.4125,83.875,1.1366666666666667,4.333333333333333,0.3979166666666667,207.29166666666666,165.79166666666666
2024-01-22,231.65416666666667,160.07916666666668,2581.6666666666665,67.77916666666667,26.6875,78.75,0.9316666666666666,2.9166666666666665,0.38958333333333334,214.125,171.79166666666666
2024-01-23,220.9125,152.84583333333333,2367.5,54.73333333333333,20.083333333333332,73.75,1.0216666666666667,3.125,0.35625,201.20833333333334,161.25
2024-01-24,221.77916666666667,154.20833333333334,2795.0,81.71249999999999,28.079166666666666,73.58333333333333,0.6704166666666667,2.2083333333333335,0.48125,207.29166666666666,166.29166666666666
2024-01-25,233.01250000000002,161.31666666666666,3182.0833333333335,96.50416666666666,41.12083333333333,69.875,0.7291666666666666,4.958333333333333,0.41875,206.29166666666666,165.375
2024-01-26,214.6,146.8125,2822.125,81.175,42.59583333333333,76.08333333333333,0.62625,9.291666666666666,0.6020833333333333,212.54166666666666,170.41666666666666
2024-01-27,121.82083333333333,81.9375,1837.625,54.958333333333336,22.058333333333334,59.666666666666664,0.455,8.75,0.6104166666666667,175.79166666666666,123.54166666666667
2024-01-28,148.03333333333333,99.12083333333334,2005.7083333333333,61.612500000000004,26.462500000000002,78.125,0.57375,12.125,0.6083333333333333,170.33333333333334,115.375
2024-01-29,154.75,103.93333333333334,1654.25,41.36666666666667,25.804166666666664,76.0,0.8937499999999999,11.375,0.5104166666666666,170.08333333333334,114.91666666666667
2024-01-30,151.15,94.56666666666666,1544.0833333333333,42.87083333333334,19.558333333333334,69.79166666666667,0.7866666666666666,29.625,0.5375,177.70833333333334,126.58333333333333
2024-01-31,117.23333333333333,71.12916666666668,847.5833333333334,23.104166666666668,11.424999999999999,73.33333333333333,1.6829166666666666,35.958333333333336,0.24375000000000002,160.70833333333334,100.70833333333333
2024-02-01,76.42916666666666,48.67916666666667,739.6666666666666,21.587500000000002,11.883333333333333,65.41666666666667,1.0016666666666667,16.666666666666668,0.18541666666666667,153.95833333333334,92.25
2024-02-02,65.43333333333334,43.97083333333333,792.0,24.429166666666664,13.566666666666668,62.75,0.4175,6.5,0.6645833333333334,127.66666666666667,77.20833333333333
2024-02-03,67.67916666666666,43.637499999999996,867.0,28.1125,11.9375,50.708333333333336,0.5004166666666666,13.0,0.4395833333333334,114.04166666666667,73.0
2024-02-04,93.53750000000001,49.18333333333334,687.75,25.608333333333334,8.9625,50.291666666666664,0.54875,64.58333333333333,0.40208333333333335,123.70833333333333,76.08333333333333
2024-02-05,87.12916666666666,55.12083333333334,1153.0833333333333,34.645833333333336,13.766666666666666,46.083333333333336,0.29291666666666666,24.916666666666668,0.7125,141.125,81.625
2024-02-06,108.1375,67.35833333333333,1480.1666666666667,45.395833333333336,18.400000000000002,54.5,0.3433333333333333,28.5,0.7145833333333332,154.91666666666666,91.91666666666667
2024-02-07,96.13333333333333,61.30416666666667,1273.4583333333333,40.0375,15.433333333333332,64.875,0.33041666666666664,18.958333333333332,0.6979166666666666,156.20833333333334,93.79166666666667
2024-02-08,50.42916666666667,33.21666666666666,655.4166666666666,21.6375,8.445833333333333,75.70833333333333,0.13083333333333333,6.416666666666667,0.8458333333333333,119.125,74.875
2024-02-09,86.14999999999999,57.729166666666664,1344.7083333333333,41.791666666666664,15.870833333333332,65.45833333333333,0.22208333333333333,7.291666666666667,0.7854166666666668,110.5,71.66666666666667
2024-02-10,120.41250000000001,78.65833333333333,1603.875,47.31666666666666,25.458333333333332,65.29166666666667,0.41208333333333336,19.791666666666668,0.8250000000000001,157.125,95.16666666666667
2024-02-11,157.6875,106.04166666666667,2193.7083333333335,75.15833333333333,31.1375,80.54166666666667,0.47374999999999995,15.291666666666666,0.7416666666666667,172.20833333333334,118.29166666666667
2024-02-12,161.10833333333332,111.89999999999999,2413.5833333333335,83.12083333333334,29.912499999999998,78.375,0.5275,2.6666666666666665,0.6958333333333333,176.625,124.91666666666667
2024-02-13,170.00833333333333,118.45833333333333,2476.2083333333335,87.50416666666666,35.32083333333333,81.625,0.57875,1.6666666666666667,0.6749999999999999,185.91666666666666,137.79166666666666
2024-02-14,115.18333333333334,80.19166666666666,1568.9166666666667,52.324999999999996,18.116666666666667,72.95833333333333,0.33958333333333335,0.7916666666666666,0.775,172.25,118.20833333333333
2024-02-15,109.50833333333333,76.01666666666667,1583.0416666666667,49.40833333333333,14.395833333333334,75.08333333333333,0.26416666666666666,1.1666666666666667,0.9562499999999999,158.29166666666666,97.0
2024-02-16,137.13333333333333,94.05833333333334,1919.9583333333333,64.74166666666666,19.616666666666667,75.16666666666667,0.40125000000000005,5.833333333333333,0.9791666666666666,166.75,109.875
2024-02-17,160.14583333333334,108.07083333333333,2108.375,68.8,24.6875,71.41666666666667,0.5470833333333334,12.666666666666666,0.9812500000000001,174.54166666666666,121.70833333333333
2024-02-18,123.30416666666667,83.24166666666666,1114.7916666666667,28.287499999999998,16.545833333333334,71.25,0.6441666666666667,9.25,0.6020833333333333,172.20833333333334,118.25
2024-02-19,103.05,59.40833333333333,583.625,16.245833333333334,16.329166666666666,88.58333333333333,0.7983333333333333,54.666666666666664,0.725,158.79166666666666,97.79166666666667
2024-02-20,72.21249999999999,45.06666666666666,560.9166666666666,18.383333333333333,10.1625,71.95833333333333,0.7491666666666666,24.958333333333332,0.5770833333333333,131.79166666666666,78.83333333333333
2024-02-21,81.69166666666666,49.69583333333333,758.0833333333334,28.337500000000002,12.391666666666666,60.708333333333336,0.3970833333333333,30.458333333333332,0.8354166666666667,135.33333333333334,79.66666666666667
2024-02-22,66.33333333333333,41.1625,812.0,28.883333333333336,10.329166666666667,57.416666666666664,0.27791666666666665,18.0,1.0333333333333334,128.5,77.58333333333333
2024-02-23,51.775,34.67916666666667,771.7916666666666,28.579166666666666,10.491666666666667,62.208333333333336,0.3016666666666667,5.583333333333333,1.0854166666666667,99.66666666666667,68.125
2024-02-24,73.05,47.82083333333333,965.0,34.5,14.362499999999999,62.125,0.5004166666666666,11.625,0.8125,114.95833333333333,73.25
2024-02-25,64.34583333333333,42.89166666666667,983.7916666666666,32.65833333333333,10.945833333333333,63.791666666666664,0.3429166666666667,7.416666666666667,0.9249999999999999,120.04166666666667,74.79166666666667
2024-02-26,81.94166666666666,53.8125,996.0,29.879166666666666,12.216666666666667,67.66666666666667,0.33375,11.75,0.7145833333333332,139.70833333333334,81.16666666666667
2024-02-27,72.6625,46.362500000000004,698.3333333333334,25.895833333333332,12.5625,67.25,0.45708333333333334,14.291666666666666,0.7354166666666666,129.83333333333334,77.91666666666667
2024-02-28,67.15833333333333,43.77916666666667,855.5,28.995833333333334,11.429166666666667,74.54166666666667,0.27999999999999997,9.875,1.2291666666666667,126.125,76.70833333333333
2024-02-29,70.15833333333333,46.512499999999996,1152.2083333333333,40.333333333333336,13.629166666666668,67.0,0.30375,8.25,1.2104166666666667,123.66666666666667,75.91666666666667
2024-03-01,82.43333333333334,47.18333333333334,952.7083333333334,28.879166666666666,11.045833333333334,51.5,0.5716666666666667,40.583333333333336,0.5479166666666667,138.375,80.79166666666667
2024-03-02,66.14999999999999,33.920833333333334,349.8333333333333,11.504166666666668,8.825000000000001,75.0,0.47125,51.791666666666664,0.8250000000000001,105.41666666666667,70.08333333333333
2024-03-03,41.12083333333333,24.97083333333333,549.0416666666666,21.358333333333334,7.833333333333333,64.08333333333333,0.16541666666666668,18.291666666666668,1.075,81.25,58.583333333333336
2024-03-04,55.99583333333334,35.954166666666666,810.9166666666666,29.383333333333336,10.0875,55.0,0.28625,13.791666666666666,1.1520833333333333,91.41666666666667,65.16666666666667
2024-03-05,72.94583333333334,47.65833333333333,1057.6666666666667,37.88333333333333,14.329166666666667,61.708333333333336,0.30416666666666664,13.083333333333334,1.0562500000000001,111.04166666666667,71.95833333333333
2024-03-06,97.27499999999999,64.62083333333334,1470.5416666666667,56.69583333333333,18.45,69.125,0.36125,12.583333333333334,1.1500000000000001,149.54166666666666,86.91666666666667
2024-03-07,88.58333333333333,53.612500000000004,798.0416666666666,31.145833333333332,12.833333333333334,77.66666666666667,0.5766666666666667,31.208333333333332,1.0520833333333333,152.04166666666666,87.66666666666667
2024-03-08,76.40833333333333,45.604166666666664,815.4166666666666,32.09166666666667,13.254166666666668,70.20833333333333,0.3625,28.375,1.2562499999999999,136.16666666666666,80.08333333333333
2024-03-09,51.10833333333333,33.604166666666664,825.7083333333334,28.970833333333335,10.512500000000001,76.45833333333333,0.17375,7.166666666666667,1.5229166666666665,107.33333333333333,70.54166666666667
2024-03-10,74.33749999999999,49.67083333333333,1370.4583333333333,52.05833333333334,13.700000000000001,65.0,0.2354166666666667,8.375,1.5270833333333333,111.0,71.95833333333333
2024-03-11,81.91250000000001,52.375,1178.0833333333333,43.07916666666667,13.541666666666666,57.875,0.5750000000000001,17.375,1.0645833333333334,141.875,81.83333333333333
2024-03-12,94.5,57.35833333333333,1165.25,37.55416666666667,13.804166666666667,71.58333333333333,0.5070833333333333,31.25,1.2729166666666667,149.70833333333334,84.79166666666667
2024-03-13,86.28750000000001,48.25416666666666,915.75,33.975,11.029166666666667,58.458333333333336,0.6229166666666667,42.375,0.8416666666666667,147.125,83.79166666666667
2024-03-14,58.2125,31.6125,408.6666666666667,14.595833333333333,7.008333333333333,77.83333333333333,0.29250000000000004,37.708333333333336,1.539583333333333,114.20833333333333,72.95833333333333
2024-03-15,43.99583333333334,29.083333333333332,600.625,22.508333333333336,10.945833333333333,83.58333333333333,0.1366666666666667,6.875,1.5854166666666665,84.16666666666667,62.125
2024-03-16,57.6625,39.916666666666664,1024.4166666666667,39.87916666666667,13.920833333333334,77.58333333333333,0.18083333333333332,1.75,1.3958333333333333,105.875,68.41666666666667
2024-03-17,69.7,47.475,1234.75,43.949999999999996,13.779166666666667,67.375,0.23708333333333334,4.916666666666667,1.3395833333333333,120.0,74.75
2024-03-18,69.25,45.88333333333333,1136.9166666666667,39.229166666666664,12.775,63.583333333333336,0.27708333333333335,9.416666666666666,1.5125,129.375,77.83333333333333
2024-03-19,71.64999999999999,48.425000000000004,1129.1666666666667,38.85,13.133333333333333,77.0,0.29291666666666666,5.875,1.3833333333333335,133.20833333333334,78.25
2024-03-20,81.28750000000001,54.729166666666664,1246.0833333333333,48.85833333333333,17.954166666666666,91.41666666666667,0.32375,7.25,1.5999999999999999,150.125,81.45833333333333
2024-03-21,67.575,43.375,633.375,20.037499999999998,12.262500000000001,97.625,0.5916666666666667,14.458333333333334,1.6583333333333332,129.29166666666666,76.70833333333333
2024-03-22,95.89999999999999,52.40416666666667,610.2916666666666,19.966666666666665,12.612499999999999,97.0,0.5658333333333333,54.25,1.7041666666666666,133.25,79.125
2024-03-23,102.96249999999999,53.012499999999996,884.2083333333334,28.77916666666667,11.733333333333334,84.5,0.435,65.125,1.9166666666666667,138.375,81.41666666666667
2024-03-24,86.29166666666667,41.954166666666666,812.9583333333334,31.991666666666664,8.520833333333334,77.16666666666667,0.6145833333333334,74.54166666666667,1.4312500000000001,137.70833333333334,80.54166666666667
2024-03-25,74.97083333333333,39.208333333333336,881.9166666666666,38.12083333333333,10.3,69.83333333333333,0.27125,51.916666666666664,1.8229166666666667,118.125,75.375
2024-03-26,83.675,45.40416666666667,864.0,37.06666666666667,11.558333333333332,79.16666666666667,0.3354166666666667,49.0,1.5416666666666667,109.0,70.625
2024-03-27,70.95,41.25833333333333,682.3333333333334,27.758333333333336,11.370833333333332,84.29166666666667,0.5366666666666667,30.708333333333332,1.2354166666666666,125.16666666666667,76.5
2024-03-28,77.16666666666667,36.56666666666667,466.125,17.979166666666668,8.612499999999999,68.875,0.38999999999999996,69.45833333333333,1.3416666666666668,106.16666666666667,71.08333333333333
2024-03-29,59.72083333333333,30.40833333333333,481.2083333333333,21.295833333333334,7.983333333333333,67.08333333333333,0.3154166666666667,47.208333333333336,1.6458333333333333,97.16666666666667,67.54166666666667
2024-03-30,60.574999999999996,29.366666666666664,385.9583333333333,14.5625,7.520833333333333,88.125,0.48416666666666663,50.666666666666664,1.5250000000000001,88.45833333333333,64.16666666666667
2024-03-31,48.145833333333336,23.8625,331.9583333333333,12.737499999999999,6.3625,93.54166666666667,0.2866666666666667,39.333333333333336,1.7416666666666665,81.66666666666667,61.708333333333336
2024-04-01,43.887499999999996,27.462500000000002,677.7083333333334,29.833333333333332,10.583333333333334,80.45833333333333,0.15833333333333333,13.208333333333334,1.8625,79.66666666666667,56.916666666666664
2024-04-02,51.42083333333333,35.237500000000004,1068.2083333333333,44.9625,12.883333333333333,80.875,0.18041666666666667,3.2916666666666665,1.8541666666666667,102.25,67.16666666666667
2024-04-03,52.137499999999996,33.62916666666667,850.2916666666666,33.387499999999996,10.404166666666667,91.95833333333333,0.33208333333333334,10.916666666666666,1.5979166666666667,112.54166666666667,69.83333333333333
2024-04-04,39.24166666666667,21.075,422.9583333333333,19.1875,6.504166666666666,92.5,0.25458333333333333,23.458333333333332,1.6458333333333333,83.0,57.416666666666664
2024-04-05,50.27916666666667,28.016666666666666,528.8333333333334,22.4375,8.637500000000001,91.91666666666667,0.28291666666666665,26.291666666666668,1.6520833333333333,84.41666666666667,57.083333333333336
2024-04-06,46.44166666666666,29.441666666666666,725.125,31.575,10.858333333333334,84.25,0.18583333333333332,10.125,1.6541666666666668,102.45833333333333,66.04166666666667
2024-04-07,43.74166666666667,30.058333333333334,823.5416666666666,31.900000000000002,10.766666666666666,97.16666666666667,0.19333333333333333,1.375,1.9625000000000001,101.16666666666667,64.66666666666667
2024-04-08,51.89166666666667,35.458333333333336,960.9166666666666,36.84583333333333,11.183333333333332,85.16666666666667,0.19791666666666666,2.5833333333333335,1.8,109.08333333333333,68.08333333333333
2024-04-09,44.44583333333333,30.166666666666668,778.9583333333334,31.7,9.429166666666667,86.79166666666667,0.1925,2.6666666666666665,1.59375,112.16666666666667,69.20833333333333
2024-04-10,43.28333333333333,28.34583333333333,604.25,24.820833333333336,10.15,91.875,0.3983333333333334,6.583333333333333,1.4479166666666667,95.04166666666667,62.541666666666664
2024-04-11,47.9,25.675,384.7083333333333,13.191666666666668,5.958333333333333,98.79166666666667,0.42375,28.166666666666668,1.5479166666666666,90.29166666666667,63.208333333333336
2024-04-12,62.45416666666667,26.825,466.5,19.420833333333334,6.729166666666667,93.5,0.425,60.5,1.45625,87.04166666666667,61.291666666666664
2024-04-13,88.94583333333333,40.80833333333333,482.8333333333333,15.170833333333334,9.625,101.54166666666667,0.8033333333333333,72.79166666666667,0.7125,95.95833333333333,68.79166666666667
2024-04-14,112.60833333333333,53.291666666666664,369.9166666666667,11.808333333333332,7.708333333333333,106.58333333333333,1.0433333333333332,83.79166666666667,0.6416666666666667,132.04166666666666,82.125
2024-04-15,125.325,56.479166666666664,443.0833333333333,14.479166666666666,9.791666666666666,98.70833333333333,0.9900000000000001,117.95833333333333,1.0729166666666667,147.25,86.41666666666667
2024-04-16,88.69583333333333,45.84583333333333,480.2916666666667,18.404166666666665,10.533333333333333,95.70833333333333,0.3970833333333333,64.25,1.6791666666666665,147.375,87.5
2024-04-17,42.291666666666664,27.09166666666667,597.5,26.520833333333332,9.112499999999999,91.04166666666667,0.1679166666666667,10.166666666666666,2.027083333333333,106.95833333333333,67.58333333333333
2024-04-18,69.7,28.625,501.625,20.483333333333334,9.125,77.5,0.4033333333333333,83.33333333333333,1.4437499999999999,86.66666666666667,64.625
2024-04-19,94.80833333333334,34.30416666666667,272.2916666666667,9.549999999999999,6.3,86.16666666666667,0.49833333333333335,139.08333333333334,1.2270833333333333,83.625,70.625
2024-04-20,82.04166666666667,29.679166666666664,325.4166666666667,14.033333333333333,7.616666666666667,91.0,0.23916666666666667,118.41666666666667,1.9333333333333333,101.58333333333333,79.625
2024-04-21,46.04583333333333,26.395833333333332,583.9166666666666,23.983333333333334,9.5625,91.625,0.18958333333333333,24.458333333333332,1.9583333333333333,87.79166666666667,64.45833333333333
2024-04-22,53.025,31.858333333333334,689.375,32.579166666666666,12.016666666666666,102.79166666666667,0.30791666666666667,20.958333333333332,1.85625,108.79166666666667,66.58333333333333
2024-04-23,42.95416666666667,25.925,403.9166666666667,16.229166666666668,7.491666666666667,98.875,0.4475,16.375,1.6833333333333333,93.25,63.333333333333336
2024-04-24,50.958333333333336,30.195833333333336,479.5416666666667,22.920833333333334,7.983333333333333,95.16666666666667,0.37625,20.833333333333332,1.7979166666666666,95.54166666666667,63.75
2024-04-25,38.5375,24.849999999999998,498.7083333333333,21.45,9.25,102.04166666666667,0.23666666666666666,8.166666666666666,1.991666666666667,104.875,65.33333333333333
2024-04-26,39.99583333333333,24.65416666666667,395.875,14.154166666666667,8.7875,116.625,0.46625,12.791666666666666,1.5291666666666668,95.08333333333333,56.166666666666664
2024-04-27,55.775,27.875,485.0416666666667,24.425,7.8999999999999995,92.16666666666667,0.4283333333333333,44.625,1.3625,88.08333333333333,62.458333333333336
2024-04-28,57.458333333333336,24.541666666666668,359.5833333333333,17.1375,6.5,101.79166666666667,0.3858333333333333,64.66666666666667,1.6458333333333333,85.0,62.958333333333336
2024-04-29,62.229166666666664,27.837500000000002,274.7916666666667,9.316666666666666,6.3125,107.91666666666667,0.4175,66.33333333333333,1.4583333333333333,82.29166666666667,62.791666666666664
2024-04-30,56.7875,26.266666666666666,311.9583333333333,12.0,6.8625,108.125,0.29125,55.5,1.95625,100.16666666666667,67.0
2024-05-01,47.612500000000004,26.608333333333334,455.7916666666667,22.34166666666667,7.129166666666666,102.25,0.25458333333333333,27.375,1.6895833333333332,91.83333333333333,60.791666666666664
2024-05-02,53.725,34.31666666666667,848.0416666666666,42.84166666666667,9.845833333333333,90.75,0.18333333333333335,12.833333333333334,2.1687499999999997,107.45833333333333,66.91666666666667
2024-05-03,56.60833333333333,36.362500000000004,756.4583333333334,39.84166666666667,13.4375,98.08333333333333,0.295,13.125,1.7145833333333333,106.16666666666667,67.20833333333333
2024-05-04,49.90416666666667,24.191666666666666,313.8333333333333,11.154166666666667,5.8,107.08333333333333,0.4608333333333334,44.833333333333336,1.9104166666666667,93.79166666666667,65.66666666666667
2024-05-05,65.53333333333333,27.675,433.5,20.2625,7.716666666666666,94.20833333333333,0.3529166666666667,79.375,2.0875,84.20833333333333,62.666666666666664
2024-05-06,56.61666666666667,26.920833333333334,485.7083333333333,24.34166666666667,9.383333333333333,103.75,0.2404166666666667,53.5,2.1645833333333333,98.95833333333333,66.625
2024-05-07,52.275,29.8875,616.3333333333334,32.333333333333336,9.7875,108.95833333333333,0.25625000000000003,28.041666666666668,2.216666666666667,109.04166666666667,65.625
2024-05-08,46.19166666666666,30.166666666666668,688.25,33.270833333333336,8.508333333333333,111.75,0.2354166666666667,9.666666666666666,2.347916666666667,115.16666666666667,66.91666666666667
2024-05-09,198.0375,74.49166666666666,665.4166666666666,22.583333333333332,13.174999999999999,132.04166666666666,0.55125,266.8333333333333,1.9666666666666668,142.70833333333334,91.66666666666667
2024-05-10,194.09166666666667,73.83333333333333,699.0416666666666,26.170833333333334,14.862499999999999,128.29166666666666,0.8504166666666667,248.125,1.3791666666666667,164.33333333333334,115.70833333333333
2024-05-11,127.1125,59.17916666666667,602.0,18.020833333333332,14.775,127.79166666666667,0.9729166666666668,112.91666666666667,1.2270833333333333,163.70833333333334,105.875
2024-05-12,93.15416666666668,38.3125,424.1666666666667,14.666666666666666,9.7125,116.375,0.5579166666666667,101.125,1.6395833333333334,139.83333333333334,85.45833333333333
2024-05-13,49.63333333333333,23.641666666666666,361.9583333333333,15.208333333333334,6.8875,115.95833333333333,0.22083333333333333,42.916666666666664,2.285416666666667,112.79166666666667,70.20833333333333
2024-05-14,40.05833333333333,24.454166666666666,471.5833333333333,23.066666666666666,8.979166666666666,118.41666666666667,0.22333333333333336,15.208333333333334,2.245833333333333,100.625,59.541666666666664
2024-05-15,55.395833333333336,34.06666666666667,664.1666666666666,28.441666666666666,10.808333333333332,116.20833333333333,0.34958333333333336,18.708333333333332,2.1166666666666667,112.625,65.75
2024-05-16,63.225,38.50833333333333,656.4166666666666,25.141666666666666,11.112499999999999,118.875,0.435,22.75,2.0729166666666665,131.0,72.125
2024-05-17,70.98333333333333,31.46666666666667,482.875,19.108333333333334,9.770833333333334,112.83333333333333,0.4708333333333334,74.04166666666667,1.8625,114.29166666666667,68.95833333333333
2024-05-18,68.35000000000001,28.3125,458.4166666666667,20.916666666666668,7.308333333333334,98.79166666666667,0.4479166666666667,85.58333333333333,1.91875,98.5,68.0
2024-05-19,91.80416666666667,39.266666666666666,615.875,32.300000000000004,8.675,92.41666666666667,0.46625,106.79166666666667,2.120833333333333,107.16666666666667,73.5
2024-05-20,63.3375,33.44166666666667,615.375,32.77916666666667,8.454166666666667,97.20833333333333,0.3354166666666667,47.166666666666664,2.2333333333333334,114.875,71.5
2024-05-21,54.52916666666667,31.53333333333333,636.4583333333334,30.15833333333333,8.591666666666667,104.125,0.32375,30.583333333333332,2.3604166666666666,111.125,66.83333333333333
2024-05-22,60.354166666666664,35.550000000000004,636.8333333333334,31.2,10.0,103.45833333333333,0.3045833333333333,30.708333333333332,2.45625,118.875,69.5
2024-05-23,99.67916666666667,47.92083333333333,625.5833333333334,22.7375,11.633333333333333,123.625,0.4583333333333333,89.45833333333333,2.1958333333333333,131.29166666666666,72.29166666666667
2024-05-24,148.79999999999998,61.74166666666667,627.75,22.391666666666666,13.541666666666666,127.41666666666667,0.6970833333333334,158.41666666666666,1.6354166666666667,153.125,89.91666666666667
2024-05-25,84.44166666666666,45.25833333333333,673.75,28.86666666666667,11.083333333333334,112.16666666666667,0.45125,54.25,2.31875,158.29166666666666,92.45833333333333
2024-05-26,54.6,30.579166666666666,500.125,25.670833333333334,8.479166666666666,109.58333333333333,0.26125000000000004,34.083333333333336,2.525,117.70833333333333,68.83333333333333
2024-05-27,39.766666666666666,25.0625,558.2083333333334,29.879166666666666,8.35,111.125,0.18083333333333332,13.291666666666666,2.670833333333333,110.20833333333333,65.41666666666667
2024-05-28,46.083333333333336,29.45,628.3333333333334,33.80416666666667,8.870833333333334,114.20833333333333,0.16749999999999998,12.625,2.7312499999999997,119.875,66.79166666666667
2024-05-29,52.64166666666667,30.608333333333334,607.2916666666666,27.504166666666666,8.7875,109.375,0.2579166666666667,28.375,2.4291666666666667,107.875,65.5
2024-05-30,52.7875,28.224999999999998,542.6666666666666,25.925,7.204166666666667,109.375,0.4066666666666667,39.0,2.3541666666666665,104.91666666666667,65.20833333333333
2024-05-31,50.958333333333336,26.983333333333334,456.7083333333333,17.729166666666668,8.0625,125.29166666666667,0.38833333333333336,36.916666666666664,2.15,111.20833333333333,65.54166666666667
2024-06-01,67.96666666666667,32.7125,539.0833333333334,22.045833333333334,9.170833333333333,118.70833333333333,0.4483333333333333,63.416666666666664,2.25625,113.41666666666667,66.41666666666667
2024-06-02,92.92916666666667,34.449999999999996,516.5833333333334,25.683333333333334,9.308333333333334,97.95833333333333,0.45916666666666667,128.625,2.25,108.66666666666667,73.75
2024-06-03,97.14999999999999,33.6625,443.625,18.841666666666665,8.700000000000001,125.5,0.4716666666666667,139.625,2.15,118.29166666666667,76.20833333333333
2024-06-04,97.8125,38.85,662.5,34.61666666666667,10.825000000000001,92.54166666666667,0.3829166666666666,125.91666666666667,2.2604166666666665,108.875,80.0
2024-06-05,110.125,47.59166666666667,737.75,34.958333333333336,11.541666666666666,97.33333333333333,0.5908333333333333,120.29166666666667,1.7166666666666668,129.625,81.16666666666667
2024-06-06,260.37916666666666,63.42083333333333,558.375,30.333333333333332,12.4625,106.45833333333333,0.8204166666666667,490.2916666666667,1.7854166666666667,138.75,101.70833333333333
2024-06-07,127.44583333333333,50.48333333333333,503.5,21.212500000000002,11.125,112.625,0.57,163.375,2.0395833333333333,156.125,133.41666666666666
2024-06-08,88.45,41.016666666666666,428.2916666666667,16.595833333333335,8.758333333333333,113.20833333333333,0.52375,84.33333333333333,1.8520833333333335,128.79166666666666,81.125
2024-06-09,40.59583333333333,25.099999999999998,418.9166666666667,17.379166666666666,6.679166666666667,117.5,0.2325,13.041666666666666,2.439583333333333,120.20833333333333,68.91666666666667
2024-06-10,45.041666666666664,23.604166666666668,437.8333333333333,19.758333333333333,7.5125,116.625,0.22,32.833333333333336,2.4895833333333335,97.125,60.666666666666664
2024-06-11,40.895833333333336,24.695833333333336,566.25,28.474999999999998,8.4375,119.58333333333333,0.2558333333333333,15.375,2.3208333333333333,106.625,60.458333333333336
2024-06-12,50.0875,28.27916666666667,568.9583333333334,26.287499999999998,9.091666666666667,118.125,0.3279166666666667,28.291666666666668,2.3041666666666667,113.16666666666667,65.45833333333333
2024-06-13,56.6875,28.325,447.375,18.758333333333333,8.783333333333333,115.375,0.38666666666666666,47.25,2.34375,103.125,64.125
2024-06-14,80.175,34.916666666666664,515.6666666666666,22.183333333333334,9.245833333333334,109.33333333333333,0.4458333333333333,85.0,2.31875,110.95833333333333,68.91666666666667
2024-06-15,69.18333333333334,29.554166666666664,405.9166666666667,17.458333333333332,8.658333333333333,107.875,0.40291666666666665,78.375,2.3375,104.41666666666667,71.375
2024-06-16,46.395833333333336,24.537499999999998,377.25,15.237499999999999,8.291666666666666,110.20833333333333,0.365,32.916666666666664,2.5395833333333333,93.70833333333333,63.291666666666664
2024-06-17,52.54583333333333,28.212500000000002,393.25,15.616666666666667,9.1,113.83333333333333,0.3958333333333333,35.041666666666664,2.4770833333333333,97.54166666666667,62.666666666666664
2024-06-18,59.09166666666667,27.754166666666666,402.4166666666667,18.025000000000002,8.325000000000001,100.08333333333333,0.4454166666666666,55.583333333333336,2.3249999999999997,91.16666666666667,63.5
2024-06-19,70.33333333333333,35.975,643.3333333333334,33.74583333333333,9.808333333333334,94.45833333333333,0.47291666666666665,52.291666666666664,1.929166666666667,94.41666666666667,65.08333333333333
2024-06-20,121.51666666666667,45.25833333333333,634.4583333333334,30.483333333333334,10.525,97.95833333333333,0.5620833333333334,160.70833333333334,2.0375,117.625,77.04166666666667
2024-06-21,132.27083333333334,55.583333333333336,579.7916666666666,30.079166666666666,11.35,111.29166666666667,0.5870833333333333,159.04166666666666,1.6729166666666666,143.16666666666666,96.125
2024-06-22,92.14999999999999,51.137499999999996,597.0416666666666,26.629166666666666,10.791666666666666,127.125,0.64125,55.583333333333336,2.1020833333333333,152.75,83.95833333333333
2024-06-23,89.75833333333333,47.74166666666667,543.9583333333334,21.412499999999998,10.4625,125.08333333333333,0.7133333333333334,63.833333333333336,1.9729166666666667,148.08333333333334,79.875
2024-06-24,88.95416666666667,51.18333333333334,676.9583333333334,31.71666666666667,12.104166666666666,128.5,0.7091666666666666,47.708333333333336,1.9166666666666667,152.08333333333334,78.70833333333333
2024-06-25,169.40416666666667,66.39166666666667,646.75,28.208333333333332,12.554166666666667,130.83333333333334,0.8791666666666668,206.41666666666666,1.7020833333333334,159.91666666666666,94.0
2024-06-26,135.17499999999998,68.10000000000001,700.625,27.854166666666668,12.845833333333333,129.29166666666666,0.9545833333333333,95.16666666666667,1.8541666666666667,169.70833333333334,101.375
2024-06-27,151.44583333333333,65.10000000000001,456.5,12.566666666666668,11.433333333333332,139.5,1.415,152.58333333333334,1.3,163.375,100.33333333333333
2024-06-28,69.29583333333333,37.90416666666667,464.4583333333333,15.641666666666666,8.633333333333333,132.33333333333334,1.0,40.875,1.7833333333333332,151.29166666666666,80.95833333333333
2024-06-29,83.95416666666667,47.3375,447.75,16.4375,9.387500000000001,122.58333333333333,1.2333333333333334,44.541666666666664,1.6458333333333333,128.04166666666666,73.54166666666667
2024-06-30,106.14999999999999,61.791666666666664,534.3333333333334,19.316666666666666,11.7125,133.95833333333334,1.6491666666666667,46.333333333333336,1.2729166666666667,154.95833333333334,83.625
2024-07-01,95.45833333333333,50.9,441.2083333333333,16.829166666666666,9.883333333333333,113.45833333333333,1.4004166666666666,62.666666666666664,1.15625,151.5,88.08333333333333
2024-07-02,126.76666666666667,46.06666666666666,389.8333333333333,14.479166666666666,9.299999999999999,114.33333333333333,0.9874999999999999,181.70833333333334,1.83125,131.875,81.29166666666667
2024-07-03,128.57916666666668,45.15,317.1666666666667,10.012500000000001,8.6875,130.45833333333334,0.8408333333333333,193.70833333333334,1.8520833333333335,136.25,91.5
2024-07-04,66.07916666666667,26.316666666666666,304.0416666666667,10.408333333333333,6.9750000000000005,110.5,0.8520833333333333,78.16666666666667,1.4166666666666667,111.66666666666667,83.58333333333333
2024-07-05,82.40416666666667,34.87916666666667,409.5416666666667,14.1,10.112499999999999,119.70833333333333,0.8970833333333333,92.79166666666667,1.5062499999999999,107.0,68.0
2024-07-06,52.11666666666667,28.21666666666667,442.8333333333333,14.295833333333334,10.887500000000001,112.54166666666667,0.8358333333333333,32.041666666666664,1.1979166666666667,102.75,68.66666666666667
2024-07-07,71.70833333333333,35.329166666666666,496.8333333333333,22.27916666666667,10.129166666666666,96.41666666666667,0.8458333333333333,62.083333333333336,1.5,93.75,64.91666666666667
2024-07-08,74.825,39.25,537.3333333333334,24.46666666666667,8.295833333333333,95.29166666666667,0.6883333333333334,51.708333333333336,1.9083333333333332,114.04166666666667,72.75
2024-07-09,84.9875,44.11666666666667,561.5416666666666,28.179166666666664,9.450000000000001,108.70833333333333,0.6891666666666666,60.5,2.0145833333333334,116.95833333333333,70.66666666666667
2024-07-10,109.62083333333334,68.87083333333334,745.1666666666666,37.87916666666667,12.320833333333333,114.25,1.0129166666666667,28.958333333333332,1.6020833333333335,150.83333333333334,83.16666666666667
2024-07-11,150.29583333333332,89.84166666666665,920.3333333333334,44.32083333333333,15.424999999999999,115.54166666666667,1.03125,54.083333333333336,1.6708333333333334,172.83333333333334,109.95833333333333
2024-07-12,146.525,58.775,535.7083333333334,24.445833333333336,10.870833333333332,99.95833333333333,0.7070833333333333,180.58333333333334,1.8729166666666668,160.875,104.66666666666667
2024-07-13,101.09166666666665,47.87083333333334,632.5,32.36666666666667,10.254166666666666,111.20833333333333,0.6070833333333333,97.45833333333333,2.122916666666667,138.625,84.79166666666667
2024-07-14,147.97083333333333,72.55833333333334,1003.5833333333334,51.44166666666666,16.429166666666667,125.33333333333333,0.8270833333333334,116.45833333333333,1.9458333333333335,166.75,91.95833333333333
2024-07-15,136.62916666666666,69.60000000000001,852.875,43.94166666666666,11.458333333333334,111.375,0.7091666666666666,95.66666666666667,1.9166666666666667,162.41666666666666,98.375
2024-07-16,138.02916666666667,75.68333333333334,606.1666666666666,23.104166666666668,11.641666666666666,136.25,0.8441666666666667,72.91666666666667,1.9083333333333332,167.625,96.16666666666667
2024-07-17,125.8,75.45416666666667,544.9166666666666,21.179166666666667,13.158333333333333,130.875,1.2116666666666667,41.25,1.6333333333333335,169.25,99.91666666666667
2024-07-18,139.10416666666666,81.66666666666667,680.4583333333334,31.629166666666666,15.758333333333333,129.08333333333334,1.34,55.0,1.6291666666666667,169.5,101.0
2024-07-19,172.4625,96.24166666666667,858.625,40.37916666666667,17.304166666666667,126.66666666666667,1.425,78.875,1.4312500000000001,178.95833333333334,115.33333333333333
2024-07-20,150.47916666666666,79.85833333333333,677.2916666666666,27.316666666666666,14.4375,136.125,1.3470833333333332,90.25,1.4083333333333332,175.875,109.33333333333333
2024-07-21,150.21666666666667,82.1375,632.0833333333334,22.920833333333334,12.870833333333332,136.91666666666666,1.5062499999999999,71.83333333333333,1.3833333333333335,172.75,102.79166666666667
2024-07-22,145.14583333333334,80.70416666666667,510.75,15.104166666666666,13.258333333333333,144.08333333333334,1.5675,67.75,1.1291666666666667,173.0,108.41666666666667
2024-07-23,104.94166666666666,59.1625,460.1666666666667,15.191666666666668,10.441666666666666,134.66666666666666,1.5608333333333333,46.625,1.3,162.16666666666666,93.75
2024-07-24,133.96666666666667,71.27083333333333,548.6666666666666,19.595833333333335,14.016666666666666,138.83333333333334,1.5908333333333333,66.95833333333333,1.3687500000000001,165.25,92.33333333333333
2024-07-25,111.3875,61.43333333333334,522.9583333333334,20.775,11.441666666666668,132.875,1.2416666666666667,52.125,1.625,166.08333333333334,94.16666666666667
2024-07-26,79.92083333333333,45.0625,539.9166666666666,23.554166666666664,11.174999999999999,130.75,1.0520833333333333,39.291666666666664,1.66875,154.45833333333334,82.29166666666667
2024-07-27,104.94166666666666,48.512499999999996,467.5,18.741666666666667,9.35,98.16666666666667,1.0254166666666666,106.29166666666667,1.2458333333333333,130.875,79.125
2024-07-28,79.55,48.083333333333336,479.875,18.8,8.670833333333333,110.54166666666667,1.1441666666666668,27.75,1.3166666666666667,134.625,80.58333333333333
2024-07-29,54.550000000000004,36.94166666666667,611.2916666666666,29.008333333333336,9.950000000000001,85.20833333333333,0.8433333333333333,4.75,1.2104166666666667,119.45833333333333,74.70833333333333
2024-07-30,72.01666666666667,42.06666666666667,567.5833333333334,25.275000000000002,15.754166666666668,106.70833333333333,1.0870833333333334,30.958333333333332,1.3833333333333335,119.625,71.375
2024-07-31,61.12916666666666,39.262499999999996,637.0833333333334,31.099999999999998,14.145833333333334,86.41666666666667,1.1199999999999999,13.958333333333334,0.9229166666666667,115.0,72.41666666666667
2024-08-01,50.604166666666664,31.53333333333333,590.25,26.900000000000002,10.108333333333333,68.95833333333333,1.0050000000000001,17.041666666666668,0.3645833333333333,107.625,70.91666666666667
2024-08-02,58.87083333333334,39.170833333333334,577.6666666666666,24.545833333333334,10.1625,92.33333333333333,0.82375,8.916666666666666,1.6916666666666667,101.75,66.75
2024-08-03,51.05416666666667,35.733333333333334,406.0416666666667,14.220833333333333,9.991666666666667,99.25,0.8079166666666667,0.5,1.3458333333333334,111.375,72.08333333333333
2024-08-04,53.24583333333334,36.375,411.625,15.779166666666667,11.904166666666667,102.33333333333333,0.7625000000000001,4.25,1.0291666666666666,100.54166666666667,67.66666666666667
2024-08-05,54.025,35.82083333333333,515.2916666666666,24.270833333333332,9.729166666666666,91.41666666666667,0.695,8.125,1.1270833333333334,105.5,68.70833333333333
2024-08-06,56.75416666666666,38.9375,473.125,17.825,11.237499999999999,105.125,0.6575,3.5833333333333335,1.8791666666666667,114.33333333333333,69.95833333333333
2024-08-07,46.925000000000004,31.46666666666667,378.875,14.070833333333333,8.529166666666667,98.0,0.9204166666666667,8.333333333333334,1.7041666666666666,103.5,67.875
2024-08-08,44.362500000000004,31.150000000000002,428.9166666666667,17.479166666666668,10.475,102.0,0.93,1.2083333333333333,1.7125000000000001,102.75,65.75
2024-08-09,55.50833333333333,38.49166666666667,531.3333333333334,24.599999999999998,8.924999999999999,95.45833333333333,0.8841666666666667,3.9166666666666665,1.78125,105.95833333333333,67.41666666666667
2024-08-10,51.49166666666667,35.80416666666667,489.7083333333333,19.683333333333334,10.895833333333334,113.54166666666667,1.0241666666666667,1.875,1.6187500000000001,123.91666666666667,72.33333333333333
2024-08-11,28.516666666666666,19.775000000000002,393.7916666666667,15.645833333333334,8.0375,99.5,0.9404166666666667,1.7916666666666667,0.7687499999999999,85.08333333333333,61.083333333333336
2024-08-12,30.95,21.4375,548.75,25.712500000000002,10.433333333333334,99.45833333333333,0.43291666666666667,1.4583333333333333,1.772916666666667,80.5,47.541666666666664
2024-08-13,71.92916666666666,50.041666666666664,715.5,31.929166666666664,13.6,104.16666666666667,0.7141666666666667,1.9166666666666667,1.9479166666666667,109.91666666666667,67.29166666666667
2024-08-14,74.14166666666667,51.75833333333333,795.2916666666666,37.979166666666664,13.341666666666667,102.95833333333333,0.92625,0.4583333333333333,1.6208333333333333,152.75,82.625
2024-08-15,72.85416666666667,47.8125,708.5833333333334,34.7875,11.191666666666668,82.04166666666667,1.14,12.208333333333334,1.1958333333333333,128.875,77.45833333333333
2024-08-16,42.55416666666667,29.712500000000002,512.7083333333334,22.541666666666668,8.779166666666667,82.70833333333333,0.8004166666666667,1.2083333333333333,0.9375,125.04166666666667,76.33333333333333
2024-08-17,40.09583333333333,27.979166666666668,514.8333333333334,21.895833333333332,9.625,76.45833333333333,0.49666666666666665,1.25,1.85625,76.29166666666667,57.041666666666664
2024-08-18,56.887499999999996,38.02916666666667,588.4583333333334,28.295833333333334,14.1,87.08333333333333,0.6258333333333334,7.5,1.6333333333333335,104.95833333333333,67.25
2024-08-19,54.18333333333334,33.5375,595.5833333333334,28.370833333333334,11.754166666666668,78.625,0.6266666666666666,19.291666666666668,1.6020833333333335,107.45833333333333,69.58333333333333
2024-08-20,57.85833333333333,35.94166666666667,573.5833333333334,24.983333333333334,11.345833333333333,102.41666666666667,0.6854166666666667,21.291666666666668,1.4437499999999999,114.58333333333333,68.29166666666667
2024-08-21,60.25416666666666,36.858333333333334,599.6666666666666,26.854166666666668,13.737499999999999,99.70833333333333,0.6029166666666667,22.791666666666668,1.8375000000000001,116.54166666666667,70.625
2024-08-22,71.02083333333333,40.074999999999996,698.375,33.44583333333333,17.004166666666666,99.83333333333333,0.5525,38.875,1.8541666666666667,121.04166666666667,71.29166666666667
2024-08-23,91.38333333333333,50.104166666666664,745.75,37.09583333333333,15.266666666666666,106.875,0.7704166666666666,53.208333333333336,1.6812500000000001,127.75,72.875
2024-08-24,96.47500000000001,56.0375,777.4166666666666,38.00416666666667,15.254166666666668,116.125,0.86375,40.958333333333336,1.5479166666666666,157.66666666666666,84.41666666666667
2024-08-25,92.97083333333335,56.208333333333336,803.7916666666666,33.375,12.512500000000001,107.125,0.7354166666666666,27.166666666666668,1.6520833333333333,158.875,87.875
2024-08-26,78.05833333333332,50.95416666666667,807.0,37.199999999999996,13.491666666666667,108.375,0.5179166666666667,11.583333333333334,1.8333333333333333,156.66666666666666,82.58333333333333
2024-08-27,41.487500000000004,28.433333333333334,498.125,20.241666666666667,10.783333333333333,84.91666666666667,0.44083333333333335,1.9583333333333333,2.0833333333333335,113.66666666666667,72.45833333333333
2024-08-28,27.97083333333333,19.554166666666667,429.1666666666667,18.375,7.966666666666666,81.79166666666667,0.4675,0.0,1.6708333333333334,74.45833333333333,53.166666666666664
2024-08-29,33.87083333333333,23.333333333333332,442.0416666666667,18.420833333333334,8.504166666666666,73.70833333333333,0.4970833333333333,2.0833333333333335,1.3583333333333334,71.54166666666667,48.791666666666664
2024-08-30,41.266666666666666,27.604166666666668,372.2083333333333,15.304166666666667,12.554166666666667,87.125,0.4845833333333333,6.291666666666667,1.4729166666666667,82.58333333333333,58.208333333333336
2024-08-31,49.65416666666667,33.40416666666667,587.2916666666666,29.13333333333333,12.862499999999999,85.75,0.44125,6.166666666666667,1.9854166666666666,97.08333333333333,65.0
2024-09-01,60.94583333333333,40.55833333333333,845.625,39.012499999999996,13.299999999999999,96.0,0.3325,8.25,2.0395833333333333,110.25,68.16666666666667
2024-09-02,68.3375,45.68333333333334,778.75,31.645833333333332,12.054166666666667,102.5,0.7904166666666667,6.75,1.5333333333333332,140.0,78.79166666666667
2024-09-03,56.975,39.32083333333333,506.8333333333333,19.1,12.654166666666667,107.54166666666667,1.2233333333333334,1.4166666666666667,0.9770833333333333,123.41666666666667,72.79166666666667
2024-09-04,58.23333333333333,40.32083333333333,628.0,25.854166666666668,13.6,109.45833333333333,0.6737500000000001,0.5,1.59375,127.08333333333333,71.75
2024-09-05,62.65833333333333,43.449999999999996,637.375,23.52916666666667,16.3,119.875,0.7925,0.5,1.3541666666666667,133.70833333333334,73.66666666666667
2024-09-06,41.416666666666664,28.799999999999997,458.4166666666667,15.35,8.75,112.75,0.6687500000000001,0.5833333333333334,1.3875,117.75,71.0
2024-09-07,43.76666666666667,30.583333333333332,671.6666666666666,28.520833333333332,10.216666666666667,96.08333333333333,0.5650000000000001,0.0,1.4583333333333333,97.0,63.583333333333336
2024-09-08,46.800000000000004,32.737500000000004,822.4583333333334,39.37083333333333,10.445833333333333,88.79166666666667,0.3733333333333333,0.0,1.71875,106.875,67.0
2024-09-09,78.6375,52.32083333333333,924.5,37.93333333333333,12.575000000000001,99.375,0.53625,6.083333333333333,1.58125,127.75,74.20833333333333
2024-09-10,79.35833333333333,51.87083333333334,857.5833333333334,35.0875,12.470833333333333,94.33333333333333,0.7558333333333334,8.5,1.5416666666666667,141.875,80.25
2024-09-11,68.10000000000001,46.49583333333334,880.4166666666666,41.425000000000004,11.954166666666666,88.54166666666667,0.5175,2.4166666666666665,1.5458333333333334,145.0,82.58333333333333
2024-09-12,85.02916666666667,55.52916666666667,937.7083333333334,38.6,13.025,113.54166666666667,0.45916666666666667,8.208333333333334,1.8,139.875,78.08333333333333
2024-09-13,70.17083333333333,43.87083333333334,652.875,21.5625,15.924999999999999,123.41666666666667,0.6974999999999999,13.166666666666666,1.45625,150.83333333333334,79.75
2024-09-14,105.97500000000001,49.46666666666667,711.9166666666666,29.379166666666666,14.445833333333333,113.125,0.6970833333333334,96.08333333333333,1.5583333333333333,133.45833333333334,76.0
2024-09-15,143.7875,68.81666666666666,1102.0,47.18333333333334,17.175,95.79166666666667,0.6570833333333334,120.5,1.4229166666666666,154.91666666666666,91.25
2024-09-16,180.6875,85.825,1624.5416666666667,66.96666666666667,20.829166666666666,90.29166666666667,0.5466666666666667,152.91666666666666,1.5604166666666668,166.58333333333334,109.91666666666667
2024-09-17,157.76250000000002,79.925,1454.0833333333333,61.862500000000004,18.150000000000002,86.875,0.5504166666666667,109.75,1.4249999999999998,167.29166666666666,108.29166666666667
2024-09-18,125.32916666666667,67.75,1097.1666666666667,47.637499999999996,15.908333333333333,99.54166666666667,0.5833333333333334,68.16666666666667,1.48125,167.375,98.29166666666667
2024-09-19,62.737500000000004,39.22083333333333,714.25,34.85,9.341666666666667,45.791666666666664,0.3558333333333333,13.333333333333334,0.7583333333333333,147.04166666666666,87.20833333333333
2024-09-20,63.550000000000004,43.583333333333336,880.5,40.525,14.895833333333334,88.375,0.28625,1.9583333333333333,1.8520833333333335,103.29166666666667,66.54166666666667
2024-09-21,85.03750000000001,57.80416666666667,1187.25,54.32916666666667,19.1875,99.83333333333333,0.5016666666666666,1.5416666666666667,1.4020833333333333,150.70833333333334,82.0
2024-09-22,93.9375,63.75,1265.6666666666667,58.92916666666667,18.679166666666667,99.91666666666667,0.5775,1.7916666666666667,1.4979166666666668,159.125,90.125
2024-09-23,98.87916666666666,66.90416666666667,1203.0416666666667,50.6875,19.175,106.08333333333333,0.6066666666666667,2.0416666666666665,1.4458333333333335,163.16666666666666,94.29166666666667
2024-09-24,103.37083333333334,70.6125,1483.2916666666667,65.17083333333333,20.891666666666666,103.25,0.52625,2.0416666666666665,1.4916666666666665,166.875,94.625
2024-09-25,97.22083333333335,66.42083333333333,1256.5,49.57916666666667,13.791666666666666,93.79166666666667,0.6804166666666666,1.4583333333333333,1.3791666666666667,156.5,93.0
2024-09-26,85.01666666666667,56.39166666666667,689.0833333333334,26.4875,10.433333333333334,90.79166666666667,1.4558333333333333,4.708333333333333,0.5416666666666666,155.625,92.91666666666667
2024-09-27,51.362500000000004,35.270833333333336,604.7916666666666,24.545833333333334,10.916666666666666,87.875,0.9170833333333334,1.125,0.725,116.79166666666667,72.70833333333333
2024-09-28,52.82083333333333,36.362500000000004,886.375,38.6625,13.541666666666666,86.0,0.7070833333333333,1.875,0.9020833333333332,105.125,68.625
2024-09-29,68.66250000000001,46.1875,1186.5833333333333,51.71666666666667,16.108333333333334,83.29166666666667,0.4604166666666667,5.25,1.3791666666666667,118.41666666666667,72.33333333333333
2024-09-30,100.45416666666667,65.29583333333333,1292.875,54.74583333333334,16.325,86.75,0.53875,12.833333333333334,1.4354166666666666,150.83333333333334,89.33333333333333
2024-10-01,95.77499999999999,55.362500000000004,1066.2916666666667,45.145833333333336,11.695833333333333,80.66666666666667,0.3825,36.666666666666664,1.55,137.83333333333334,81.16666666666667
2024-10-02,142.84583333333333,79.825,1544.375,65.17916666666666,20.7,92.16666666666667,0.3875,59.583333333333336,1.5020833333333332,163.125,98.375
2024-10-03,144.54583333333332,82.3125,1481.9583333333333,68.58333333333333,24.15833333333333,94.95833333333333,0.39458333333333334,50.041666666666664,1.4895833333333333,170.125,106.79166666666667
2024-10-04,114.45833333333333,68.03333333333333,1108.8333333333333,47.550000000000004,15.379166666666668,94.79166666666667,0.4370833333333333,24.875,1.40625,159.29166666666666,96.29166666666667
2024-10-05,109.92916666666667,66.17916666666666,1042.4583333333333,43.49583333333333,12.579166666666666,85.875,0.55875,19.0,1.3166666666666667,157.95833333333334,95.75
2024-10-06,95.5,57.57916666666667,861.8333333333334,36.225,13.154166666666667,87.54166666666667,0.5725,15.708333333333334,1.21875,154.91666666666666,90.79166666666667
2024-10-07,95.53750000000001,58.9,1206.7916666666667,53.55416666666667,19.6875,89.54166666666667,0.34541666666666665,17.916666666666668,1.4312500000000001,152.08333333333334,83.83333333333333
2024-10-08,108.54583333333333,66.36666666666666,1231.4166666666667,52.354166666666664,21.441666666666666,92.25,0.5825,23.208333333333332,1.0,157.41666666666666,93.58333333333333
2024-10-09,57.0,33.708333333333336,636.5,28.55,11.283333333333333,77.875,0.23124999999999998,20.541666666666668,1.4229166666666666,126.58333333333333,77.79166666666667
2024-10-10,61.199999999999996,37.391666666666666,811.25,33.6,9.929166666666667,71.95833333333333,0.1775,18.25,1.4354166666666668,99.70833333333333,68.375
2024-10-11,70.50833333333334,45.30416666666667,1118.375,48.875,11.658333333333333,67.83333333333333,0.16458333333333333,13.125,1.3916666666666666,112.41666666666667,72.375
2024-10-12,95.0125,61.09166666666667,1542.7916666666667,72.02916666666667,16.616666666666667,67.45833333333333,0.20166666666666666,16.75,1.33125,142.33333333333334,82.375
2024-10-13,96.36666666666667,63.5375,1660.625,72.875,20.816666666666666,74.45833333333333,0.2454166666666667,10.458333333333334,1.3333333333333333,155.5,91.91666666666667
2024-10-14,87.77499999999999,57.42083333333333,1384.9583333333333,58.05833333333334,18.145833333333332,75.75,0.3016666666666667,9.458333333333334,1.29375,152.5,88.45833333333333
2024-10-15,85.42083333333333,56.3375,1131.9166666666667,47.80833333333334,15.533333333333333,81.5,0.30833333333333335,7.25,1.3,144.04166666666666,82.54166666666667
2024-10-16,95.03750000000001,64.08333333333333,1409.7083333333333,58.13333333333333,19.5125,80.0,0.2916666666666667,4.458333333333333,1.2750000000000001,156.25,93.0
2024-10-17,80.89166666666667,53.67916666666667,902.5416666666666,36.0,14.116666666666667,84.16666666666667,0.4045833333333333,4.5,1.2625,139.33333333333334,81.58333333333333
2024-10-18,95.65833333333335,60.416666666666664,898.1666666666666,37.704166666666666,13.775,84.79166666666667,0.5495833333333333,15.041666666666666,1.1395833333333334,151.04166666666666,86.75
2024-10-19,130.67083333333332,82.5125,1102.8333333333333,46.68333333333334,19.979166666666668,91.20833333333333,0.62375,13.083333333333334,1.0333333333333334,158.75,95.95833333333333
2024-10-20,145.20416666666668,92.2625,1320.2083333333333,53.84166666666667,19.370833333333334,88.70833333333333,0.7370833333333334,10.333333333333334,0.96875,169.41666666666666,113.75
2024-10-21,134.08333333333334,84.85416666666667,1350.9166666666667,53.14166666666667,19.666666666666668,91.0,0.8516666666666667,12.5,0.9125,165.83333333333334,105.33333333333333
2024-10-22,164.25833333333335,101.83749999999999,1476.2083333333333,52.699999999999996,20.058333333333334,92.625,0.9633333333333334,18.125,0.8729166666666667,170.45833333333334,115.45833333333333
2024-10-23,172.5666666666667,105.27916666666665,1386.6666666666667,43.85833333333333,22.016666666666666,83.54166666666667,1.0208333333333333,19.875,0.75625,181.25,131.83333333333334
2024-10-24,131.27083333333334,77.16666666666667,892.0416666666666,33.416666666666664,15.191666666666668,82.91666666666667,0.6595833333333333,19.833333333333332,0.9291666666666667,164.66666666666666,106.83333333333333
2024-10-25,76.3125,46.725,856.0,34.829166666666666,11.166666666666666,76.41666666666667,0.20125,15.375,1.2437500000000001,152.83333333333334,92.04166666666667
2024-10-26,92.88333333333333,58.35,1907.2916666666667,48.6875,13.195833333333333,79.125,0.2575,17.625,1.2083333333333333,127.58333333333333,77.125
2024-10-27,139.95416666666668,89.37083333333334,1359.1666666666667,61.645833333333336,18.620833333333334,79.58333333333333,0.50125,19.291666666666668,1.0083333333333333,161.79166666666666,101.66666666666667
2024-10-28,138.20833333333334,78.14583333333333,1005.8333333333334,37.833333333333336,14.487499999999999,89.5,0.6191666666666666,45.875,0.9562499999999999,164.75,106.70833333333333
2024-10-29,147.15833333333333,78.95,856.4166666666666,24.145833333333332,18.091666666666665,112.20833333333333,0.6979166666666666,46.875,0.8666666666666667,163.5,104.875
2024-10-30,107.83749999999999,60.6625,829.8333333333334,31.379166666666666,12.929166666666667,75.33333333333333,0.5920833333333334,31.916666666666668,0.875,158.08333333333334,96.70833333333333
2024-10-31,79.13333333333334,48.175000000000004,873.0,27.375,11.608333333333334,80.08333333333333,0.3066666666666667,13.125,1.0916666666666666,144.33333333333334,82.95833333333333
2024-11-01,67.22083333333333,45.025,1849.4166666666667,40.21666666666667,10.612499999999999,64.16666666666667,0.13791666666666666,4.083333333333333,1.1604166666666667,118.83333333333333,74.41666666666667
2024-11-02,142.33333333333334,93.92916666666667,1752.8333333333333,72.28333333333333,21.254166666666666,73.25,0.36625,10.083333333333334,1.0041666666666667,152.41666666666666,92.16666666666667
2024-11-03,152.9125,99.10833333333333,2044.375,52.025,19.570833333333333,73.66666666666667,0.5650000000000001,13.208333333333334,0.9437500000000001,172.875,119.16666666666667
2024-11-04,203.39583333333334,129.36666666666667,2114.6666666666665,73.41666666666667,23.695833333333336,70.125,0.6979166666666666,22.25,0.8291666666666666,182.0,133.04166666666666
2024-11-05,189.975,120.67916666666667,1484.5,56.63333333333333,20.212500000000002,82.04166666666667,0.92,17.666666666666668,0.7229166666666668,186.375,139.79166666666666
2024-11-06,216.51250000000002,136.3125,2231.8333333333335,63.225,25.558333333333334,84.66666666666667,1.0466666666666666,24.375,0.6729166666666666,184.41666666666666,136.875
2024-11-07,236.3375,149.99583333333334,1844.75,58.56666666666666,24.46666666666667,87.08333333333333,1.3295833333333333,22.0,0.55625,201.625,161.04166666666666
2024-11-08,214.025,136.4375,1472.875,45.291666666666664,22.25,92.08333333333333,1.4020833333333333,17.541666666666668,0.5229166666666667,192.75,149.5
2024-11-09,219.0625,140.50416666666666,1541.0416666666667,45.229166666666664,20.595833333333335,81.16666666666667,1.5170833333333331,17.791666666666668,0.5104166666666666,196.66666666666666,155.20833333333334
2024-11-10,233.10416666666666,146.98749999999998,1378.8333333333333,52.00416666666666,21.733333333333334,73.08333333333333,1.7258333333333333,19.458333333333332,0.4916666666666667,193.25,150.0
2024-11-11,219.85,138.27916666666667,1028.3333333333333,38.725,18.224999999999998,78.04166666666667,2.27,15.666666666666666,0.3145833333333333,203.83333333333334,163.0
2024-11-12,190.72083333333333,136.51666666666668,1790.5416666666667,44.1,18.991666666666667,70.20833333333333,1.8291666666666666,18.333333333333332,0.425,186.66666666666666,140.0
2024-11-13,245.00833333333333,225.72916666666666,1709.5833333333333,64.925,26.308333333333334,76.33333333333333,1.9016666666666666,35.875,0.3854166666666667,221.95833333333334,177.25
2024-11-14,297.5541666666667,279.72499999999997,1289.625,66.4375,25.71666666666667,76.95833333333333,2.005,33.791666666666664,0.3854166666666667,326.25,261.1666666666667
2024-11-15,238.64166666666665,225.90833333333333,1356.4166666666667,56.26666666666667,27.041666666666668,76.20833333333333,1.5570833333333332,23.75,0.41250000000000003,299.625,240.08333333333334
2024-11-16,179.03333333333333,170.37083333333334,1256.875,45.85,21.775000000000002,76.08333333333333,1.51,15.958333333333334,0.33958333333333335,253.125,202.83333333333334
2024-11-17,98.62083333333334,92.50833333333333,1144.125,45.041666666666664,14.654166666666667,59.083333333333336,0.47500000000000003,11.125,0.6770833333333334,191.125,145.04166666666666
2024-11-18,60.050000000000004,58.57083333333333,1417.2083333333333,47.75416666666666,14.345833333333333,58.625,0.22166666666666668,2.6666666666666665,0.78125,156.75,94.625
2024-11-19,76.12083333333334,74.82083333333334,1508.5,65.65416666666667,17.162499999999998,54.208333333333336,0.27291666666666664,2.0416666666666665,0.7687499999999999,156.25,93.83333333333333
2024-11-20,84.675,82.74583333333334,2052.0,67.79583333333333,17.820833333333333,57.208333333333336,0.23916666666666667,2.5,0.8333333333333334,160.58333333333334,100.58333333333333
2024-11-21,133.4625,130.87916666666666,2426.875,88.49166666666667,31.291666666666668,57.291666666666664,0.3970833333333333,4.583333333333333,0.71875,178.70833333333334,128.08333333333334
2024-11-22,153.67083333333332,150.33333333333334,1478.5,79.2625,31.229166666666668,57.625,0.6025,6.166666666666667,0.6708333333333334,196.66666666666666,155.125
2024-11-23,116.94166666666666,113.26666666666667,857.625,38.0875,19.079166666666666,75.79166666666667,0.8870833333333333,6.666666666666667,0.5083333333333333,190.75,146.54166666666666
2024-11-24,88.12083333333334,81.45,602.6666666666666,33.75833333333333,14.579166666666666,78.125,0.8383333333333334,12.291666666666666,0.5708333333333334,166.125,108.91666666666667
2024-11-25,86.90416666666665,80.74583333333334,1089.1666666666667,40.795833333333334,14.625,62.791666666666664,0.3666666666666667,11.291666666666666,0.6520833333333333,169.66666666666666,114.25
2024-11-26,73.95416666666667,70.97916666666667,1468.4166666666667,48.574999999999996,15.445833333333333,67.79166666666667,0.20291666666666666,5.5,0.69375,157.45833333333334,95.66666666666667
2024-11-27,112.53333333333335,107.75,1988.2916666666667,65.58333333333333,23.47083333333333,63.416666666666664,0.3775,8.458333333333334,0.5916666666666667,164.5,106.45833333333333
2024-11-28,146.00833333333333,140.57916666666668,2515.375,79.875,33.204166666666666,60.541666666666664,0.5941666666666666,10.041666666666666,0.55625,191.5,147.375
2024-11-29,120.51666666666667,116.53750000000001,1959.3333333333333,63.65833333333333,30.291666666666668,78.58333333333333,0.7854166666666668,7.125,0.5041666666666667,185.04166666666666,137.875
2024-11-30,74.22083333333333,70.09583333333333,1129.0,43.541666666666664,20.991666666666667,76.125,0.5316666666666666,7.5,0.5479166666666667,173.54166666666666,120.20833333333333
2024-12-01,71.5125,67.56666666666666,1461.1666666666667,51.56666666666666,22.170833333333334,69.58333333333333,0.21458333333333335,5.25,0.6541666666666667,151.70833333333334,87.58333333333333
2024-12-02,68.70416666666667,58.12083333333334,846.625,47.125,19.933333333333334,65.66666666666667,0.33083333333333337,18.916666666666668,0.5833333333333334,157.25,95.29166666666667
2024-12-03,64.64166666666667,56.225,1027.5,39.541666666666664,17.654166666666665,62.625,0.33125,14.291666666666666,0.5791666666666667,152.08333333333334,87.625
2024-12-04,39.737500000000004,36.55833333333333,856.375,32.229166666666664,13.870833333333332,63.875,0.10375000000000001,5.208333333333333,0.69375,119.54166666666667,74.70833333333333
2024-12-05,54.354166666666664,51.84166666666667,1521.5416666666667,46.041666666666664,15.924999999999999,54.25,0.09500000000000001,1.7916666666666667,0.7145833333333332,112.625,72.41666666666667
2024-12-06,77.83749999999999,74.8875,1421.4583333333333,59.7125,23.34583333333333,59.791666666666664,0.14208333333333334,1.5833333333333333,0.6770833333333334,158.66666666666666,98.29166666666667
2024-12-07,81.60833333333333,78.68333333333334,1610.5416666666667,64.75833333333334,22.041666666666668,61.666666666666664,0.18166666666666667,0.5833333333333334,0.5958333333333333,156.75,94.66666666666667
2024-12-08,68.89166666666667,68.02499999999999,973.8333333333334,34.525,20.308333333333334,72.20833333333333,0.48416666666666663,0.75,0.375,160.375,100.125
2024-12-09,118.01666666666667,116.38333333333333,1018.9166666666666,60.04583333333333,33.204166666666666,59.25,0.46541666666666665,1.75,0.4604166666666667,170.20833333333334,115.16666666666667
2024-12-10,70.22500000000001,68.66250000000001,1197.2083333333333,48.074999999999996,20.616666666666667,53.416666666666664,0.17625000000000002,0.625,0.5625,171.54166666666666,117.08333333333333
2024-12-11,69.85416666666667,68.20416666666667,1341.2916666666667,47.17083333333333,20.754166666666666,63.541666666666664,0.22875,0.2916666666666667,0.5833333333333334,152.16666666666666,87.625
2024-12-12,109.37083333333334,107.175,1703.125,61.14166666666667,32.541666666666664,62.625,0.36541666666666667,1.0416666666666667,0.48541666666666666,172.16666666666666,117.95833333333333
2024-12-13,52.73333333333333,50.487500000000004,877.5416666666666,26.679166666666664,18.087500000000002,78.79166666666667,0.1475,2.2916666666666665,0.6,161.04166666666666,101.70833333333333
2024-12-14,60.05833333333334,57.949999999999996,1458.2916666666667,38.75833333333333,17.783333333333335,70.04166666666667,0.13208333333333333,2.0,0.6291666666666667,122.20833333333333,75.375
2024-12-15,105.79583333333333,101.99166666666667,2300.1666666666665,65.14166666666667,29.554166666666664,56.625,0.17875,0.7916666666666666,0.5791666666666667,161.5,101.875
2024-12-16,149.14166666666668,144.51250000000002,2503.7083333333335,82.37083333333334,43.574999999999996,70.0,0.26375,3.375,0.61875,189.33333333333334,144.125
2024-12-17,167.0625,162.125,1713.0416666666667,98.76666666666667,50.725,73.08333333333333,0.34791666666666665,3.9166666666666665,0.5354166666666667,210.25,168.33333333333334
2024-12-18,153.74166666666667,150.77916666666667,2036.8333333333333,73.60833333333333,37.145833333333336,69.25,0.39916666666666667,2.5,0.48541666666666666,199.91666666666666,159.25
2024-12-19,178.39166666666665,174.47083333333333,1870.625,78.82916666666667,42.82083333333333,68.41666666666667,0.6829166666666667,2.6666666666666665,0.425,210.33333333333334,168.70833333333334
2024-12-20,186.39166666666665,183.85,1510.8333333333333,56.949999999999996,32.108333333333334,66.95833333333333,1.0320833333333332,3.5833333333333335,0.33749999999999997,240.83333333333334,193.125
2024-12-21,184.45000000000002,181.90833333333333,2247.5416666666665,67.0625,37.02916666666667,79.875,0.8304166666666667,4.458333333333333,0.3833333333333333,213.04166666666666,170.91666666666666
2024-12-22,223.1291666666667,220.7458333333333,2874.5833333333335,83.575,52.137499999999996,75.29166666666667,0.7625000000000001,3.9583333333333335,0.3958333333333333,267.75,214.625
2024-12-23,161.83333333333334,160.58333333333334,1092.0833333333333,44.145833333333336,27.412499999999998,56.833333333333336,1.2608333333333333,1.875,0.22916666666666666,236.41666666666666,189.41666666666666
2024-12-24,158.37083333333334,156.75416666666666,1437.7083333333333,56.25416666666667,30.416666666666668,65.58333333333333,0.6587500000000001,2.125,0.4458333333333333,208.04166666666666,166.83333333333334
2024-12-25,150.98749999999998,148.61249999999998,1519.125,59.87916666666666,28.758333333333336,62.083333333333336,0.5516666666666666,2.6666666666666665,0.5020833333333333,208.5,167.25
2024-12-26,182.79999999999998,178.61666666666667,1912.7083333333333,87.02916666666665,45.59583333333333,69.66666666666667,0.5979166666666667,5.583333333333333,0.5020833333333333,198.54166666666666,156.41666666666666
2024-12-27,176.39583333333334,173.625,1570.125,74.20416666666667,33.80833333333333,49.083333333333336,1.2991666666666666,3.875,0.27708333333333335,246.91666666666666,197.95833333333334
2024-12-28,94.8875,93.98333333333333,983.25,41.645833333333336,14.454166666666666,51.25,0.8083333333333332,1.2916666666666667,0.48333333333333334,186.0,137.58333333333334
2024-12-29,78.75416666666666,78.3125,1263.25,40.43333333333333,16.962500000000002,64.75,0.3591666666666667,0.625,0.63125,168.45833333333334,112.45833333333333
2024-12-30,123.58333333333333,122.41666666666667,1921.1666666666667,48.987500000000004,23.1875,73.0,0.505,2.0,0.6020833333333333,165.20833333333334,107.5
2024-12-31,218.0666666666667,215.50833333333333,2142.7916666666665,75.45,32.1875,67.875,0.85,4.208333333333333,0.42291666666666666,222.25,176.79166666666666
2025-01-01,206.85,204.84583333333333,2302.9583333333335,67.98333333333333,31.358333333333334,82.04166666666667,0.6654166666666667,3.0833333333333335,0.50625,271.0416666666667,217.25
2025-01-02,207.27083333333334,205.88750000000002,3183.0416666666665,79.0125,37.208333333333336,86.29166666666667,0.57,2.25,0.4791666666666667,247.83333333333334,198.54166666666666
2025-01-03,212.1916666666667,206.84166666666667,2772.7083333333335,102.4875,51.99583333333334,78.91666666666667,0.4370833333333333,9.291666666666666,0.5520833333333334,256.0,205.16666666666666
2025-01-04,186.6625,178.32916666666665,2353.625,80.55416666666666,36.36666666666667,69.95833333333333,0.4658333333333333,15.166666666666666,0.5708333333333333,260.8333333333333,209.08333333333334
2025-01-05,133.21666666666667,130.09166666666667,1856.625,42.475,19.458333333333332,62.291666666666664,0.7808333333333333,5.541666666666667,0.4083333333333334,201.91666666666666,160.625
2025-01-06,113.75833333333334,112.30416666666667,1014.5416666666666,45.22083333333333,24.474999999999998,67.95833333333333,0.9279166666666666,2.5416666666666665,0.4270833333333333,175.33333333333334,123.08333333333333
2025-01-07,85.56666666666666,83.91250000000001,1083.7083333333333,37.44166666666667,17.204166666666666,72.375,0.3941666666666667,2.875,0.6041666666666666,176.20833333333334,124.33333333333333
2025-01-08,91.02499999999999,87.9875,1965.5,54.15416666666667,21.095833333333335,67.04166666666667,0.18458333333333332,0.20833333333333334,0.6979166666666666,162.375,103.375
2025-01-09,181.40833333333333,178.38750000000002,3551.8333333333335,92.82916666666667,44.14166666666667,66.375,0.33375,0.0,0.6333333333333333,194.75,149.0
2025-01-10,219.57083333333333,218.4125,2551.2083333333335,89.95,39.729166666666664,66.08333333333333,0.6699999999999999,0.2916666666666667,0.5187499999999999,250.58333333333334,200.79166666666666
2025-01-11,214.24166666666667,212.4333333333333,1564.3333333333333,62.104166666666664,29.458333333333332,38.333333333333336,1.1845833333333333,3.0,0.24166666666666667,268.5,215.125
2025-01-12,104.07083333333333,101.80833333333334,1619.2083333333333,42.18333333333333,23.7625,66.83333333333333,0.8308333333333334,3.9166666666666665,0.40208333333333335,207.83333333333334,161.0
2025-01-13,88.25416666666666,87.57916666666667,1539.7083333333333,49.00833333333333,22.95,71.20833333333333,0.3729166666666666,1.0833333333333333,0.6416666666666667,173.83333333333334,120.41666666666667
2025-01-14,113.44166666666666,110.575,2428.25,73.86666666666666,31.224999999999998,79.45833333333333,0.2541666666666667,0.4583333333333333,0.6666666666666666,165.04166666666666,107.41666666666667
2025-01-15,188.78333333333333,185.60416666666666,2319.9583333333335,127.80833333333334,60.416666666666664,67.29166666666667,0.43250000000000005,1.1666666666666667,0.56875,217.41666666666666,171.91666666666666
2025-01-16,155.09166666666667,152.90833333333333,2307.7083333333335,67.7375,32.78333333333333,59.416666666666664,0.9504166666666666,1.875,0.35624999999999996,211.95833333333334,170.08333333333334
2025-01-17,126.60000000000001,125.35833333333333,1675.4583333333333,43.65833333333333,20.716666666666665,70.58333333333333,0.4575,1.9583333333333333,0.5916666666666667,197.16666666666666,155.75
2025-01-18,167.62083333333334,165.98333333333332,2567.375,75.69166666666666,34.42916666666667,57.875,0.40208333333333335,2.875,0.5666666666666667,192.125,147.91666666666666
2025-01-19,183.1291666666667,179.89166666666665,1953.9166666666667,80.33749999999999,39.016666666666666,54.166666666666664,0.7079166666666666,5.75,0.48541666666666666,241.79166666666666,193.83333333333334
2025-01-20,89.96666666666665,88.7625,1217.5416666666667,30.275000000000002,20.083333333333332,93.95833333333333,0.43583333333333335,2.25,0.6729166666666666,189.25,141.29166666666666
2025-01-21,69.64166666666667,68.14583333333333,1031.7083333333333,37.74583333333333,17.258333333333333,68.625,0.2325,2.5833333333333335,0.7145833333333335,158.29166666666666,96.91666666666667
2025-01-22,62.21666666666667,60.895833333333336,1216.0416666666667,36.99166666666667,17.25,76.83333333333333,0.3066666666666667,2.375,0.6604166666666667,157.08333333333334,95.125
2025-01-23,56.62916666666666,54.46666666666667,844.3333333333334,38.99166666666667,16.133333333333333,76.83333333333333,0.3541666666666667,2.6666666666666665,0.6354166666666666,141.83333333333334,82.08333333333333
2025-01-24,52.11666666666667,50.270833333333336,980.75,34.670833333333334,14.049999999999999,69.25,0.15291666666666667,1.6666666666666667,0.7416666666666667,148.41666666666666,84.58333333333333
2025-01-25,65.30416666666666,62.68333333333334,1633.3333333333333,42.425,15.070833333333333,67.875,0.15541666666666668,1.2916666666666667,0.7354166666666666,142.33333333333334,82.29166666666667
2025-01-26,100.96666666666665,97.575,1982.4583333333333,64.70833333333333,21.358333333333334,73.29166666666667,0.15583333333333335,0.16666666666666666,0.8500000000000001,164.625,106.58333333333333
2025-01-27,120.71666666666665,116.96666666666665,2194.0,70.91250000000001,26.933333333333334,73.16666666666667,0.20291666666666666,0.0,0.8479166666666668,178.91666666666666,128.41666666666666
2025-01-28,111.64999999999999,108.90833333333335,2088.2916666666665,69.41666666666667,27.520833333333332,95.20833333333333,0.20791666666666667,0.375,0.8479166666666668,178.29166666666666,125.20833333333333
2025-01-29,109.17083333333333,107.84166666666665,1388.7916666666667,43.75,23.379166666666666,86.54166666666667,0.4379166666666667,1.2916666666666667,0.7479166666666667,181.375,132.04166666666666
2025-01-30,110.02916666666665,105.73333333333333,1185.6666666666667,39.44166666666667,25.4875,86.375,0.7362500000000001,7.916666666666667,0.6208333333333333,175.54166666666666,123.125
2025-01-31,131.175,124.99166666666667,1695.25,60.32916666666667,24.379166666666666,72.54166666666667,0.9133333333333334,10.208333333333334,0.58125,178.70833333333334,128.16666666666666
2025-02-01,133.65416666666667,129.67916666666667,897.9166666666666,45.75,23.166666666666668,78.16666666666667,0.8720833333333333,7.333333333333333,0.6416666666666667,191.08333333333334,146.83333333333334
2025-02-02,138.85416666666666,129.20416666666668,1095.4583333333333,45.979166666666664,22.954166666666666,72.29166666666667,0.5912499999999999,17.916666666666668,0.71875,190.66666666666666,146.20833333333334
2025-02-03,102.30833333333334,99.22916666666667,1411.9166666666667,52.38333333333333,20.745833333333334,70.75,0.36541666666666667,5.416666666666667,0.8562500000000001,178.83333333333334,128.29166666666666
2025-02-04,125.8125,122.69166666666666,1030.4166666666667,62.395833333333336,26.954166666666666,62.5,0.4691666666666667,5.625,0.65,176.75,124.875
2025-02-05,137.94166666666666,133.54166666666666,1289.0833333333333,69.0,22.65416666666667,52.541666666666664,0.6666666666666666,7.875,0.5833333333333334,193.20833333333334,150.125
2025-02-06,100.04583333333333,94.99583333333334,1066.8333333333333,42.979166666666664,19.204166666666666,68.58333333333333,0.44916666666666666,9.333333333333334,0.6854166666666667,183.83333333333334,135.83333333333334
2025-02-07,43.50416666666666,41.449999999999996,770.25,24.445833333333336,12.158333333333333,84.875,0.21541666666666667,3.875,0.8520833333333333,137.95833333333334,85.79166666666667
2025-02-08,66.12916666666666,64.425,1174.625,46.60833333333333,17.183333333333334,70.5,0.27166666666666667,2.4166666666666665,0.84375,126.70833333333333,77.08333333333333
2025-02-09,128.37916666666666,124.48333333333333,2017.25,97.84583333333335,34.74583333333333,62.166666666666664,0.3475,4.666666666666667,0.8395833333333332,174.95833333333334,122.5
2025-02-10,139.24166666666667,127.83749999999999,1427.4166666666667,84.8875,32.50833333333333,70.58333333333333,0.5537500000000001,21.416666666666668,0.7416666666666667,188.58333333333334,143.08333333333334
2025-02-11,89.60416666666667,79.125,846.2916666666666,34.762499999999996,18.870833333333334,87.5,0.5570833333333333,19.125,0.7687499999999999,176.95833333333334,125.54166666666667
2025-02-12,61.09583333333333,50.75833333333333,964.5833333333334,34.00833333333333,13.929166666666667,68.95833333333333,0.18625,19.125,1.0104166666666667,148.95833333333334,88.04166666666667
2025-02-13,51.24166666666667,44.80416666666667,975.625,36.800000000000004,13.125,65.41666666666667,0.15333333333333335,10.916666666666666,0.9979166666666667,129.04166666666666,77.75
2025-02-14,52.65,48.92083333333333,1192.5833333333333,45.30416666666667,15.525,65.95833333333333,0.155,5.0,1.0895833333333333,123.0,75.83333333333333
2025-02-15,57.07916666666667,52.275,1433.875,49.875,15.591666666666667,67.70833333333333,0.17041666666666666,8.083333333333334,1.0791666666666668,137.91666666666666,80.58333333333333
2025-02-16,67.06666666666666,61.85833333333333,1302.125,57.29583333333333,19.337500000000002,55.833333333333336,0.3233333333333333,8.208333333333334,0.7666666666666666,147.08333333333334,84.66666666666667
2025-02-17,63.074999999999996,57.52916666666667,968.6666666666666,37.987500000000004,13.445833333333333,71.95833333333333,0.3429166666666667,10.083333333333334,0.9270833333333334,154.20833333333334,90.75
2025-02-18,52.5,47.77916666666667,1076.5,30.52916666666667,14.820833333333333,77.125,0.29625,8.041666666666666,0.9229166666666666,142.0,81.75
2025-02-19,40.65416666666667,37.891666666666666,918.5416666666666,26.15833333333333,14.979166666666666,83.91666666666667,0.3429166666666667,4.75,0.9187500000000001,113.95833333333333,72.79166666666667
2025-02-20,53.583333333333336,39.5,517.375,19.645833333333332,9.725,82.0,0.65125,26.291666666666668,0.3229166666666667,104.70833333333333,69.875
2025-02-21,67.27083333333333,51.36666666666667,642.6666666666666,30.479166666666668,10.783333333333333,73.625,0.40791666666666665,28.875,1.0770833333333332,126.20833333333333,76.83333333333333
2025-02-22,47.9125,43.2875,1125.7916666666667,35.954166666666666,12.325000000000001,75.33333333333333,0.25625000000000003,8.208333333333334,1.0625,124.5,76.16666666666667
2025-02-23,80.1125,73.92083333333333,1465.9166666666667,69.35833333333333,19.454166666666666,68.45833333333333,0.25458333333333333,8.75,1.0875000000000001,151.41666666666666,91.08333333333333
2025-02-24,82.45,75.72916666666667,1772.0416666666667,73.64583333333333,21.8125,69.20833333333333,0.2791666666666667,9.75,1.0770833333333334,161.25,101.29166666666667
2025-02-25,77.55416666666666,65.14166666666667,1402.8333333333333,46.145833333333336,15.391666666666666,57.958333333333336,0.63875,21.75,0.3979166666666667,158.41666666666666,97.20833333333333
2025-02-26,56.94166666666666,32.15833333333333,494.6666666666667,20.099999999999998,11.112499999999999,80.95833333333333,0.61375,44.333333333333336,0.7875,115.70833333333333,73.79166666666667
2025-02-27,65.04166666666667,28.25,458.0833333333333,15.358333333333334,7.583333333333333,69.54166666666667,0.8120833333333333,66.875,0.22708333333333333,85.75,63.916666666666664
2025-02-28,60.22083333333333,39.550000000000004,542.25,24.458333333333332,9.645833333333334,57.25,0.5383333333333333,37.666666666666664,0.43333333333333335,97.08333333333333,68.41666666666667
2025-03-01,38.925000000000004,32.699999999999996,539.875,25.258333333333336,9.529166666666667,62.666666666666664,0.25833333333333336,10.875,0.9208333333333334,105.875,70.25
2025-03-02,51.84166666666667,46.00416666666666,1241.75,40.44583333333333,13.9375,62.708333333333336,0.1475,9.625,1.275,102.58333333333333,69.20833333333333
2025-03-03,64.69583333333334,53.30416666666667,1091.1666666666667,39.90833333333333,11.729166666666666,59.791666666666664,0.53875,21.583333333333332,0.9166666666666666,147.125,83.625
2025-03-04,57.3125,34.520833333333336,579.875,19.474999999999998,8.316666666666666,79.625,0.32458333333333333,41.666666666666664,1.0354166666666667,117.16666666666667,73.875
2025-03-05,18.579166666666666,17.825,539.125,16.395833333333332,7.958333333333333,87.25,0.13375,1.125,1.3729166666666668,83.16666666666667,58.291666666666664
2025-03-06,33.34583333333333,32.52916666666667,1366.25,38.262499999999996,13.291666666666666,78.75,0.13791666666666666,0.5416666666666666,1.3770833333333334,67.91666666666667,47.291666666666664
2025-03-07,64.12916666666666,62.49583333333334,1337.5,59.699999999999996,21.995833333333334,86.375,0.22624999999999998,0.8333333333333334,1.2604166666666667,144.875,85.33333333333333
2025-03-08,53.99583333333334,51.90416666666667,1135.6666666666667,50.13333333333333,15.516666666666666,72.0,0.11583333333333334,2.5833333333333335,1.4770833333333335,149.0,86.04166666666667
2025-03-09,42.57083333333333,39.270833333333336,809.9166666666666,26.920833333333334,12.045833333333334,99.125,0.2504166666666667,6.333333333333333,1.3770833333333334,128.41666666666666,75.95833333333333
2025-03-10,68.72916666666667,37.68333333333333,518.7083333333334,18.558333333333334,14.891666666666666,100.04166666666667,0.49,62.458333333333336,1.1416666666666666,103.625,68.20833333333333
2025-03-11,69.11666666666666,34.737500000000004,511.6666666666667,26.27916666666667,8.887500000000001,84.45833333333333,0.5483333333333333,66.29166666666667,1.0833333333333333,98.95833333333333,67.625
2025-03-12,71.18333333333334,33.05,531.75,22.316666666666666,8.804166666666667,92.125,0.44375000000000003,71.95833333333333,1.2291666666666667,105.66666666666667,70.33333333333333
2025-03-13,71.22500000000001,36.94166666666667,421.5833333333333,29.745833333333334,8.395833333333334,69.25,0.43625,65.5,1.0354166666666667,98.75,69.375
2025-03-14,51.3375,33.025,481.5,27.474999999999998,10.008333333333333,75.75,0.4070833333333333,34.166666666666664,1.0854166666666667,101.125,68.625
2025-03-15,69.45,40.59166666666667,401.9166666666667,33.737500000000004,10.6875,81.375,0.61375,53.541666666666664,1.0041666666666667,96.125,66.29166666666667
2025-03-16,61.74166666666667,42.887499999999996,930.0833333333334,37.579166666666666,12.933333333333332,85.33333333333333,0.38625,35.416666666666664,1.23125,122.16666666666667,74.875
2025-03-17,58.541666666666664,52.520833333333336,1000.125,53.9125,17.650000000000002,85.66666666666667,0.26,11.25,1.2541666666666667,144.70833333333334,83.0
2025-03-18,47.99583333333334,45.29583333333333,1020.2916666666666,52.824999999999996,15.558333333333332,86.75,0.19791666666666666,5.083333333333333,1.4333333333333333,133.91666666666666,77.70833333333333
2025-03-19,46.333333333333336,39.65416666666667,955.9583333333334,41.62083333333333,13.766666666666666,87.29166666666667,0.38999999999999996,12.083333333333334,1.2041666666666666,119.79166666666667,73.45833333333333
2025-03-20,28.787499999999998,24.679166666666664,660.125,22.120833333333334,8.870833333333334,94.70833333333333,0.2604166666666667,7.791666666666667,1.5374999999999999,94.83333333333333,64.95833333333333
2025-03-21,34.15,29.204166666666666,755.875,27.537499999999998,10.0625,91.25,0.1779166666666667,8.916666666666666,1.5687499999999999,89.33333333333333,61.625
2025-03-22,41.041666666666664,37.895833333333336,728.7916666666666,39.59166666666667,13.504166666666668,103.125,0.19583333333333333,5.458333333333333,1.7625,113.29166666666667,68.0
2025-03-23,46.81666666666666,44.112500000000004,975.5,50.65833333333333,16.479166666666668,97.70833333333333,0.23375,4.791666666666667,1.8458333333333334,135.41666666666666,75.125
2025-03-24,63.90833333333333,60.525,939.4166666666666,55.47083333333333,21.154166666666665,107.75,0.30041666666666667,6.25,1.79375,148.95833333333334,80.20833333333333
2025-03-25,67.47916666666667,58.5,669.3333333333334,24.116666666666664,14.775,125.04166666666667,0.37000000000000005,17.0,1.5645833333333332,161.58333333333334,89.25
2025-03-26,77.75416666666666,48.949999999999996,579.3333333333334,15.887500000000001,13.625,118.83333333333333,0.4879166666666667,55.208333333333336,1.45625,147.66666666666666,83.83333333333333
2025-03-27,102.03333333333335,37.53333333333333,530.9166666666666,13.283333333333333,11.179166666666667,101.41666666666667,0.305,119.29166666666667,1.8083333333333333,119.08333333333333,82.16666666666667
2025-03-28,33.6,14.75,430.875,13.716666666666667,6.054166666666667,110.08333333333333,0.16041666666666668,34.708333333333336,1.7958333333333334,92.875,62.916666666666664
2025-03-29,13.725,12.254166666666668,450.4583333333333,14.795833333333334,8.049999999999999,108.83333333333333,0.14416666666666667,2.5416666666666665,1.914583333333333,75.29166666666667,44.583333333333336
2025-03-30,20.541666666666668,19.779166666666665,722.5,24.833333333333332,8.895833333333334,103.45833333333333,0.12,0.041666666666666664,2.0145833333333334,80.41666666666667,44.916666666666664
2025-03-31,29.162499999999998,25.233333333333334,658.2916666666666,22.974999999999998,9.229166666666666,98.25,0.16458333333333333,7.041666666666667,2.0020833333333337,84.08333333333333,55.916666666666664
2025-04-01,40.175000000000004,28.45,740.375,28.512500000000003,8.916666666666666,93.95833333333333,0.20083333333333334,21.458333333333332,1.9729166666666667,90.08333333333333,62.208333333333336
2025-04-02,40.645833333333336,36.80833333333333,651.3333333333334,46.90416666666667,14.416666666666666,93.625,0.25708333333333333,5.916666666666667,1.6979166666666667,112.33333333333333,67.95833333333333
2025-04-03,30.212500000000002,24.145833333333332,576.4583333333334,19.8875,8.424999999999999,108.29166666666667,0.33499999999999996,11.75,1.727083333333333,103.33333333333333,65.20833333333333
2025-04-04,34.84583333333333,20.608333333333334,507.7916666666667,14.9625,8.545833333333333,108.375,0.24791666666666667,26.625,1.9437499999999999,90.66666666666667,57.0
2025-04-05,29.9875,20.991666666666667,699.8333333333334,24.516666666666666,9.920833333333333,109.0,0.20625000000000002,16.833333333333332,1.9708333333333332,89.08333333333333,50.458333333333336
2025-04-06,33.454166666666666,31.329166666666666,824.7083333333334,41.225,12.766666666666666,98.125,0.21791666666666668,2.75,2.05625,100.625,62.375
2025-04-07,40.55833333333333,37.19583333333333,616.4166666666666,43.35,16.441666666666666,101.54166666666667,0.29875,6.083333333333333,1.8666666666666665,116.5,68.91666666666667
2025-04-08,74.8875,38.766666666666666,568.4583333333334,32.15,13.525,99.875,0.41,68.0,1.6979166666666667,115.79166666666667,70.66666666666667
2025-04-09,73.63333333333334,37.19166666666667,605.25,21.916666666666668,14.15,116.125,0.58,70.83333333333333,1.4666666666666668,120.16666666666667,70.91666666666667
2025-04-10,67.99166666666666,34.34166666666667,829.0416666666666,23.929166666666664,13.233333333333334,111.375,0.5125000000000001,67.625,1.4437499999999999,115.16666666666667,69.125
2025-04-11,137.64583333333334,46.512499999999996,611.6666666666666,22.395833333333332,11.887500000000001,101.66666666666667,0.5833333333333334,177.79166666666666,1.1416666666666668,117.16666666666667,81.0
2025-04-12,110.15416666666665,39.270833333333336,481.7083333333333,23.666666666666668,11.5,116.29166666666667,0.49291666666666667,133.125,1.5645833333333332,129.16666666666666,87.58333333333333
2025-04-13,97.30416666666667,40.37083333333333,509.75,27.941666666666666,16.679166666666667,122.41666666666667,0.42250000000000004,111.58333333333333,1.8541666666666667,137.125,84.08333333333333
2025-04-14,64.62083333333334,43.1625,572.0833333333334,39.25416666666667,17.216666666666665,126.75,0.39041666666666663,40.958333333333336,2.03125,152.125,78.91666666666667
2025-04-15,213.4416666666667,58.62916666666666,500.5,23.45,14.645833333333334,130.54166666666666,0.6183333333333333,304.375,1.64375,137.08333333333334,91.75
2025-04-16,196.35000000000002,59.3375,472.0,14.012500000000001,15.112499999999999,140.79166666666666,0.7308333333333333,274.125,1.5270833333333333,161.29166666666666,127.08333333333333
2025-04-17,80.5875,38.704166666666666,571.2083333333334,19.841666666666665,12.362499999999999,130.41666666666666,0.47750000000000004,82.54166666666667,1.8895833333333334,150.79166666666666,95.95833333333333
2025-04-18,54.57916666666667,31.441666666666666,612.875,29.474999999999998,12.879166666666668,117.375,0.4666666666666666,44.958333333333336,1.7874999999999999,123.16666666666667,69.54166666666667
2025-04-19,206.00833333333333,62.80833333333334,359.9166666666667,11.570833333333333,11.895833333333334,126.33333333333333,0.60875,290.0833333333333,1.6145833333333333,126.75,95.79166666666667
2025-04-20,163.05833333333334,48.20416666666667,422.7083333333333,11.6,10.825000000000001,133.41666666666666,0.6358333333333334,235.91666666666666,1.5625,145.16666666666666,110.25
2025-04-21,153.00416666666666,47.458333333333336,504.2916666666667,19.5125,11.991666666666667,120.45833333333333,0.5020833333333333,206.54166666666666,1.65625,136.875,104.0
2025-04-22,91.82083333333333,37.300000000000004,441.6666666666667,21.154166666666665,9.966666666666667,121.58333333333333,0.395,104.5,1.9458333333333335,140.08333333333334,92.83333333333333
2025-04-23,57.94583333333333,36.699999999999996,654.625,34.983333333333334,10.108333333333333,106.70833333333333,0.3120833333333333,39.833333333333336,2.1145833333333335,121.83333333333333,71.5
2025-04-24,41.80833333333333,32.19166666666667,622.9583333333334,38.94166666666667,11.3375,104.0,0.2708333333333333,17.291666666666668,2.0541666666666667,119.20833333333333,69.16666666666667
2025-04-25,24.2,18.408333333333335,392.25,31.454166666666666,7.283333333333334,107.375,0.26208333333333333,11.5,2.025,96.16666666666667,59.125
2025-04-26,26.683333333333334,18.591666666666665,513.5833333333334,25.733333333333334,7.804166666666667,117.5,0.3154166666666667,15.458333333333334,1.8916666666666666,97.875,50.583333333333336
2025-04-27,31.087500000000002,21.608333333333334,547.75,23.6125,8.525,120.16666666666667,0.27458333333333335,18.791666666666668,2.1,104.20833333333333,53.791666666666664
2025-04-28,39.19583333333333,32.262499999999996,733.9583333333334,35.762499999999996,12.733333333333334,125.66666666666667,0.26916666666666667,13.166666666666666,2.1145833333333335,120.58333333333333,65.0
2025-04-29,206.23749999999998,72.02083333333333,543.875,33.37083333333333,14.904166666666667,129.70833333333334,0.4354166666666666,262.75,1.7479166666666668,140.875,91.16666666666667
2025-04-30,317.0416666666667,91.6125,517.0833333333334,25.075,18.1,152.125,0.67625,449.25,1.5166666666666666,177.41666666666666,147.83333333333334
2025-05-01,411.95,98.72500000000001,584.375,13.808333333333332,17.304166666666667,155.66666666666666,1.2491666666666668,623.6666666666666,0.9458333333333333,215.66666666666666,183.29166666666666
2025-05-02,206.1875,67.48333333333333,524.625,12.454166666666666,13.316666666666668,146.41666666666666,1.17125,273.7083333333333,0.9729166666666668,190.375,157.375
2025-05-03,101.35416666666667,49.90416666666667,547.7916666666666,25.258333333333336,9.954166666666667,130.75,0.7075,102.33333333333333,1.40625,158.66666666666666,109.0
2025-05-04,67.00416666666666,37.96666666666667,682.9166666666666,23.78333333333333,10.424999999999999,114.91666666666667,0.8129166666666667,53.875,1.0875000000000001,127.33333333333333,73.0
2025-05-05,207.9625,67.94583333333334,587.0833333333334,28.737499999999997,15.279166666666667,104.04166666666667,1.1495833333333334,270.25,1.0062499999999999,136.91666666666666,91.0
2025-05-06,224.1625,80.40833333333333,555.2916666666666,38.92916666666667,13.299999999999999,115.83333333333333,1.1066666666666667,281.125,1.3145833333333334,165.20833333333334,126.29166666666667
2025-05-07,194.1,66.10416666666667,519.2083333333334,26.787499999999998,11.820833333333333,121.58333333333333,1.09625,245.75,1.5,165.25,136.29166666666666
2025-05-08,131.54166666666666,54.69583333333333,509.375,17.9,12.183333333333332,130.875,1.3583333333333334,147.125,0.9270833333333334,149.70833333333334,98.25
2025-05-09,113.72083333333335,53.9375,563.3333333333334,20.712500000000002,10.4375,128.20833333333334,0.9795833333333334,117.58333333333333,1.6083333333333334,156.5,89.41666666666667
2025-05-10,93.00416666666666,51.09166666666667,604.5833333333334,24.8875,11.141666666666666,126.75,0.6875,83.79166666666667,1.8229166666666667,155.83333333333334,84.375
2025-05-11,88.35416666666667,55.95416666666667,889.5833333333334,30.72083333333333,14.079166666666666,122.16666666666667,0.6483333333333333,64.875,1.4520833333333334,153.70833333333334,81.125
2025-05-12,75.17083333333333,55.041666666666664,592.75,38.84166666666666,15.5,121.45833333333333,0.4879166666666666,39.333333333333336,1.9729166666666667,165.04166666666666,90.70833333333333
2025-05-13,70.52083333333333,34.59583333333333,587.1666666666666,26.52916666666667,9.345833333333333,121.79166666666667,0.4895833333333333,73.79166666666667,1.9104166666666667,130.375,71.95833333333333
2025-05-14,49.520833333333336,35.38333333333333,774.5,36.38333333333333,10.612499999999999,120.79166666666667,0.4066666666666667,28.958333333333332,2.120833333333333,126.66666666666667,70.125
2025-05-15,61.541666666666664,40.074999999999996,800.4583333333334,37.708333333333336,10.620833333333334,111.83333333333333,0.39166666666666666,42.291666666666664,2.0375,133.20833333333334,73.25
2025-05-16,57.166666666666664,36.270833333333336,665.5416666666666,33.25416666666667,11.258333333333333,108.16666666666667,0.38875,42.041666666666664,2.2104166666666667,121.08333333333333,69.91666666666667
2025-05-17,107.94583333333333,54.18333333333334,600.4166666666666,38.65416666666667,13.020833333333334,117.25,0.52125,109.41666666666667,2.025,137.625,76.08333333333333
2025-05-18,62.09583333333333,43.1875,770.875,35.94166666666667,13.704166666666666,129.625,0.46458333333333335,38.25,2.15625,161.66666666666666,80.29166666666667
2025-05-19,221.29999999999998,78.10416666666667,647.5833333333334,22.770833333333332,13.733333333333334,128.70833333333334,0.6266666666666666,287.3333333333333,1.6854166666666668,150.33333333333334,99.83333333333333
2025-05-20,94.29583333333333,44.75,818.875,27.495833333333334,11.2875,118.58333333333333,0.4475,96.0,2.035416666666667,158.83333333333334,104.08333333333333
2025-05-21,68.19166666666666,44.37916666666666,721.1666666666666,30.316666666666666,11.445833333333333,125.70833333333333,0.4975,46.458333333333336,2.0833333333333335,141.91666666666666,74.79166666666667
2025-05-22,578.7625,152.49166666666667,560.8333333333334,13.612499999999999,14.416666666666666,147.20833333333334,0.8650000000000001,841.5416666666666,1.9020833333333333,212.91666666666666,153.16666666666666
2025-05-23,453.4708333333333,111.00416666666666,622.2083333333334,13.804166666666667,13.783333333333333,149.0,1.09625,679.7083333333334,1.6708333333333334,486.0833333333333,276.5416666666667
2025-05-24,260.1458333333333,81.0125,606.2916666666666,16.616666666666667,13.645833333333334,125.20833333333333,1.2891666666666668,359.0416666666667,0.8374999999999999,218.45833333333334,181.33333333333334
2025-05-25,121.64583333333333,41.59583333333333,510.3333333333333,16.4375,10.829166666666666,132.25,0.6358333333333334,157.70833333333334,2.2583333333333333,150.54166666666666,103.54166666666667
2025-05-26,121.57916666666667,46.92083333333333,551.5833333333334,32.81666666666667,10.5625,124.91666666666667,0.4579166666666667,148.91666666666666,2.2708333333333335,144.29166666666666,94.5
2025-05-27,99.05416666666667,54.78333333333333,682.375,36.00833333333333,13.612499999999999,138.29166666666666,0.7374999999999999,89.54166666666667,1.8520833333333335,162.66666666666666,83.41666666666667
2025-05-28,79.69166666666666,44.00833333333333,858.625,25.516666666666666,11.545833333333334,117.625,0.6537499999999999,73.0,1.89375,142.125,78.95833333333333
2025-05-29,86.07083333333333,48.77916666666667,677.0833333333334,32.199999999999996,11.095833333333333,116.54166666666667,0.5545833333333333,75.41666666666667,1.8833333333333335,140.58333333333334,76.20833333333333
2025-05-30,109.11666666666667,46.275,528.3333333333334,20.808333333333334,9.1,114.95833333333333,0.5991666666666667,125.54166666666667,1.8666666666666665,132.54166666666666,77.58333333333333
2025-05-31,200.01666666666665,63.75416666666666,432.625,16.650000000000002,10.083333333333334,120.125,0.7004166666666666,272.375,1.8208333333333335,149.54166666666666,111.41666666666667
2025-06-01,111.35000000000001,41.59583333333333,364.875,20.545833333333334,8.512500000000001,120.20833333333333,0.4466666666666667,136.625,2.125,150.95833333333334,103.58333333333333
2025-06-02,48.6875,29.004166666666666,550.7083333333334,29.204166666666666,6.925,113.29166666666667,0.37125,39.583333333333336,2.21875,116.70833333333333,69.375
2025-06-03,69.46666666666667,30.991666666666664,436.75,17.116666666666667,8.820833333333333,139.33333333333334,0.6070833333333333,73.95833333333333,1.7354166666666666,118.79166666666667,67.20833333333333
2025-06-04,115.5,41.270833333333336,437.7083333333333,25.241666666666664,10.508333333333335,125.20833333333333,0.5495833333333333,142.54166666666666,2.0124999999999997,115.91666666666667,72.83333333333333
2025-06-05,130.38333333333333,47.43333333333334,525.7083333333334,31.241666666666664,9.766666666666667,124.125,0.5891666666666667,160.83333333333334,2.095833333333333,135.375,86.83333333333333
2025-06-06,141.22083333333333,61.041666666666664,633.0416666666666,36.03333333333333,13.083333333333334,127.33333333333333,0.6383333333333333,157.08333333333334,2.0791666666666666,164.33333333333334,105.54166666666667
2025-06-07,80.16250000000001,43.45416666666667,647.6666666666666,24.2625,11.495833333333332,130.25,0.5466666666666667,73.66666666666667,2.160416666666667,147.08333333333334,79.75
2025-06-08,74.09166666666667,35.291666666666664,718.5416666666666,20.908333333333335,9.883333333333333,119.0,0.42166666666666663,78.79166666666667,2.2312499999999997,128.5,73.45833333333333
2025-06-09,61.425000000000004,32.84166666666667,754.0,22.883333333333336,9.799999999999999,117.125,0.39291666666666664,57.291666666666664,2.3249999999999997,112.5,67.95833333333333
2025-06-10,51.84583333333333,28.599999999999998,612.9583333333334,16.916666666666668,13.637500000000001,132.20833333333334,0.36833333333333335,48.0,2.5812500000000003,120.04166666666667,67.45833333333333
2025-06-11,64.17083333333333,30.587500000000002,752.6666666666666,19.462500000000002,9.966666666666667,107.04166666666667,0.41,68.04166666666667,2.4541666666666666,102.5,65.54166666666667
2025-06-12,69.91250000000001,29.95,588.2083333333334,23.09583333333333,9.220833333333333,109.70833333333333,0.42791666666666667,80.0,2.4479166666666665,105.91666666666667,67.79166666666667
2025-06-13,265.6875,81.06666666666666,570.0416666666666,19.941666666666666,12.637500000000001,130.79166666666666,0.7958333333333334,374.9583333333333,1.6770833333333333,138.04166666666666,99.20833333333333
2025-06-14,470.6041666666667,114.07083333333333,613.1666666666666,18.6125,14.991666666666667,146.125,1.28125,715.5,1.28125,305.3333333333333,210.625
2025-06-15,228.48333333333335,79.19166666666666,673.7083333333334,27.554166666666664,16.858333333333334,131.08333333333334,1.21625,300.4166666666667,1.09375,201.16666666666666,159.375
2025-06-16,244.47916666666666,97.97916666666667,662.4166666666666,28.629166666666666,20.60833333333333,136.91666666666666,1.1525,298.5,0.5854166666666667,171.41666666666666,138.25
2025-06-17,128.8125,65.66250000000001,616.5,25.575,13.970833333333333,119.54166666666667,0.7333333333333334,123.54166666666667,1.8499999999999999,170.125,122.29166666666667
2025-06-18,122.30416666666667,47.62916666666666,703.0833333333334,17.575,10.166666666666666,140.20833333333334,0.7395833333333334,156.75,2.0625,151.91666666666666,80.625
2025-06-19,183.64583333333334,68.41666666666667,546.4166666666666,14.637500000000001,12.933333333333332,148.08333333333334,1.3724999999999998,230.91666666666666,1.3645833333333333,159.58333333333334,104.79166666666667
2025-06-20,246.65,74.57083333333334,440.4166666666667,13.458333333333334,12.933333333333332,143.95833333333334,1.6358333333333333,348.9166666666667,0.775,163.70833333333334,123.83333333333333
2025-06-21,284.7583333333333,74.75833333333334,394.0833333333333,13.254166666666668,11.5,134.83333333333334,1.4241666666666666,404.25,1.40625,177.5,162.75
2025-06-22,160.5375,63.93333333333334,505.5833333333333,21.754166666666666,10.7125,101.41666666666667,1.4574999999999998,188.5,0.6666666666666666,155.25,115.33333333333333
2025-06-23,136.17499999999998,62.55833333333334,498.2083333333333,18.866666666666667,10.012500000000001,131.20833333333334,1.2208333333333334,145.45833333333334,1.66875,161.375,96.95833333333333
2025-06-24,185.025,71.66250000000001,472.4583333333333,13.204166666666666,12.275,149.0,1.4354166666666668,226.58333333333334,1.4166666666666667,163.45833333333334,105.41666666666667
2025-06-25,93.52499999999999,39.9625,488.3333333333333,14.570833333333333,7.020833333333333,111.625,1.4574999999999998,103.16666666666667,0.81875,147.375,101.08333333333333
2025-06-26,54.291666666666664,40.145833333333336,759.8333333333334,25.179166666666664,10.883333333333333,101.41666666666667,1.1804166666666667,28.875,0.7104166666666667,98.0,67.91666666666667
2025-06-27,68.39999999999999,47.050000000000004,822.7083333333334,37.387499999999996,13.941666666666668,87.70833333333333,0.9179166666666667,42.666666666666664,1.40625,126.25,76.58333333333333
2025-06-28,151.28333333333333,60.3375,819.1666666666666,31.358333333333334,14.579166666666666,108.83333333333333,1.0095833333333333,180.79166666666666,1.6020833333333335,142.125,83.83333333333333
2025-06-29,86.51666666666667,48.82083333333333,521.6666666666666,19.325,11.0625,130.08333333333334,1.4533333333333334,76.375,1.2166666666666666,159.70833333333334,94.66666666666667
2025-06-30,81.57083333333334,42.300000000000004,487.4583333333333,18.4875,9.541666666666666,122.75,1.0508333333333333,80.83333333333333,1.41875,135.04166666666666,75.29166666666667
2025-07-01,77.925,37.00416666666667,427.0833333333333,17.587500000000002,8.9125,100.75,0.9750000000000001,78.08333333333333,1.1375,117.33333333333333,74.04166666666667
2025-07-02,83.25,39.80833333333333,551.5833333333334,26.679166666666664,9.866666666666667,101.25,0.8441666666666667,83.66666666666667,1.9916666666666665,110.91666666666667,72.04166666666667
2025-07-03,123.90833333333335,50.916666666666664,598.0,24.333333333333332,10.379166666666666,107.20833333333333,0.9674999999999999,146.25,1.6624999999999999,130.875,84.875
2025-07-04,95.71249999999999,50.54583333333333,566.2916666666666,27.354166666666668,13.416666666666666,118.04166666666667,1.01,90.95833333333333,1.76875,143.66666666666666,80.16666666666667
2025-07-05,109.72916666666667,55.49583333333334,603.5833333333334,22.6125,11.4125,130.08333333333334,1.3641666666666667,109.95833333333333,1.4770833333333335,156.04166666666666,84.45833333333333
2025-07-06,117.97083333333335,58.69583333333333,660.7083333333334,33.6625,11.083333333333334,96.75,1.33125,119.29166666666667,0.9958333333333332,152.20833333333334,88.91666666666667
2025-07-07,112.66666666666667,52.375,741.0,26.495833333333334,10.841666666666667,106.91666666666667,1.09375,119.08333333333333,1.4833333333333334,147.08333333333334,84.16666666666667
2025-07-08,75.23333333333333,52.09166666666667,818.4583333333334,36.1,12.637500000000001,96.08333333333333,1.0933333333333333,44.708333333333336,1.2249999999999999,138.75,81.83333333333333
2025-07-09,71.1875,46.99166666666667,622.1666666666666,30.9375,11.15,98.66666666666667,1.16875,48.208333333333336,1.2354166666666666,148.08333333333334,84.5
2025-07-10,42.208333333333336,30.366666666666664,377.625,23.1875,6.566666666666666,78.91666666666667,0.87,23.333333333333332,0.5479166666666667,97.375,67.20833333333333
2025-07-11,61.6625,54.70416666666667,702.6666666666666,38.645833333333336,14.995833333333332,97.29166666666667,0.84375,14.041666666666666,1.6937499999999999,115.25,71.79166666666667
2025-07-12,163.5,80.97083333333333,674.625,45.42916666666667,15.104166666666666,114.20833333333333,1.0083333333333333,166.04166666666666,1.6895833333333332,169.875,100.79166666666667
2025-07-13,61.85,53.333333333333336,1108.7916666666667,39.0,12.145833333333334,74.625,0.74375,16.625,1.1166666666666667,155.58333333333334,93.70833333333333
2025-07-14,43.65,41.891666666666666,1026.6666666666667,34.0625,8.35,75.25,0.4895833333333333,3.125,1.08125,131.25,78.41666666666667
2025-07-15,34.675000000000004,32.516666666666666,623.625,22.775000000000002,7.245833333333334,89.45833333333333,0.7687499999999999,3.875,1.7750000000000001,99.58333333333333,66.45833333333333
2025-07-16,41.833333333333336,35.074999999999996,445.4583333333333,20.329166666666666,7.520833333333333,91.16666666666667,0.86375,13.041666666666666,0.8395833333333332,100.70833333333333,68.5
2025-07-17,92.65416666666665,54.99166666666667,538.375,20.287499999999998,9.854166666666666,105.25,0.89125,72.29166666666667,0.9166666666666666,121.25,75.16666666666667
2025-07-18,77.0625,62.38333333333333,985.1666666666666,38.300000000000004,14.783333333333333,96.375,0.8279166666666667,28.416666666666668,1.40625,151.20833333333334,84.91666666666667
2025-07-19,104.12083333333334,70.16250000000001,1330.2916666666667,47.68333333333334,12.158333333333333,93.83333333333333,0.595,67.91666666666667,2.2916666666666665,161.25,100.29166666666667
2025-07-20,363.5208333333333,86.0625,667.0833333333334,29.208333333333332,9.470833333333333,94.79166666666667,0.7920833333333334,551.6666666666666,1.6854166666666668,198.20833333333334,161.125
2025-07-21,60.96666666666667,35.47083333333333,574.9166666666666,26.079166666666666,10.012500000000001,77.79166666666667,0.7283333333333334,49.791666666666664,0.7604166666666666,132.66666666666666,101.41666666666667
2025-07-22,67.51666666666667,47.237500000000004,500.7083333333333,21.420833333333334,8.200000000000001,97.5,0.9658333333333333,40.416666666666664,1.3270833333333334,112.83333333333333,72.41666666666667
2025-07-23,83.07083333333334,48.9,821.0833333333334,31.308333333333334,9.012500000000001,88.75,1.0566666666666666,65.33333333333333,0.9500000000000001,132.54166666666666,78.79166666666667
2025-07-24,78.08333333333333,51.69166666666666,1060.5833333333333,41.71666666666667,12.083333333333334,78.08333333333333,0.9979166666666667,53.666666666666664,0.7854166666666668,140.54166666666666,81.33333333333333
2025-07-25,88.53333333333335,56.3125,1418.5416666666667,48.237500000000004,12.266666666666666,80.91666666666667,0.9666666666666667,64.54166666666667,1.0958333333333334,132.33333333333334,78.29166666666667
2025-07-26,83.72916666666667,70.52916666666667,1429.75,63.25,12.354166666666666,94.58333333333333,0.8566666666666666,26.541666666666668,1.4604166666666665,161.58333333333334,97.75
2025-07-27,76.47083333333333,68.2625,998.5,56.725,13.025,102.875,0.8341666666666666,16.5,2.01875,163.08333333333334,92.25
2025-07-28,104.12083333333334,74.70833333333333,1024.7083333333333,43.916666666666664,12.404166666666667,104.54166666666667,1.1895833333333334,59.333333333333336,1.3979166666666665,162.54166666666666,96.79166666666667
2025-07-29,96.32083333333333,47.56666666666666,542.0416666666666,17.8125,6.958333333333333,113.08333333333333,1.05375,97.625,1.3541666666666667,153.0,90.5
2025-07-30,114.39166666666667,51.762499999999996,464.625,21.616666666666664,9.487499999999999,103.125,1.01,122.70833333333333,1.5687499999999999,136.75,90.66666666666667
2025-07-31,39.74166666666667,37.604166666666664,500.8333333333333,22.59583333333333,10.975,72.0,0.6570833333333334,4.208333333333333,1.1666666666666667,125.33333333333333,76.79166666666667
2025-08-01,45.73333333333333,45.2875,747.1666666666666,26.016666666666666,13.325000000000001,67.125,0.6191666666666666,0.6666666666666666,0.53125,108.41666666666667,71.25
2025-08-02,48.0,46.9125,851.3333333333334,41.15,9.625,81.41666666666667,0.6758333333333333,2.1666666666666665,1.5250000000000001,127.20833333333333,76.58333333333333
2025-08-03,107.71666666666665,74.95,681.5,45.85,13.416666666666666,102.66666666666667,0.8975,65.79166666666667,1.3270833333333334,155.95833333333334,90.70833333333333
2025-08-04,91.28333333333335,48.99583333333334,667.8333333333334,21.0125,8.9,120.58333333333333,0.8275,83.04166666666667,1.7062499999999998,151.95833333333334,87.33333333333333
2025-08-05,112.72500000000001,50.12916666666666,472.0833333333333,17.841666666666665,7.9875,96.91666666666667,0.7470833333333333,121.45833333333333,1.8458333333333332,134.125,80.5
2025-08-06,138.62916666666666,59.72083333333333,615.625,22.691666666666666,9.825000000000001,101.91666666666667,0.82125,154.04166666666666,1.8041666666666665,143.125,88.375
2025-08-07,135.39583333333334,67.96666666666667,673.4166666666666,37.229166666666664,11.341666666666667,97.33333333333333,0.7229166666666668,131.5,1.8458333333333332,159.58333333333334,99.625
2025-08-08,100.6125,54.07916666666667,600.4583333333334,31.5125,10.691666666666668,97.70833333333333,0.6341666666666667,89.58333333333333,1.9041666666666668,157.625,90.83333333333333
2025-08-09,135.3375,61.824999999999996,700.2916666666666,29.583333333333332,12.279166666666667,104.5,0.7641666666666667,141.41666666666666,1.7874999999999999,147.95833333333334,83.875
2025-08-10,112.75833333333333,58.17083333333333,764.7916666666666,35.94166666666667,12.420833333333334,94.83333333333333,0.7670833333333333,105.0,1.8083333333333333,155.20833333333334,93.0
2025-08-11,103.875,48.14166666666667,630.0416666666666,26.208333333333332,10.295833333333333,82.16666666666667,0.7933333333333333,108.75,1.5479166666666666,148.375,84.33333333333333
2025-08-12,139.125,51.833333333333336,762.1666666666666,19.1375,9.779166666666667,82.41666666666667,0.8966666666666666,172.5,1.2208333333333334,125.625,84.95833333333333
2025-08-13,121.28750000000001,57.9125,614.0,24.791666666666668,12.0,86.125,0.9708333333333333,122.70833333333333,1.21875,147.83333333333334,94.75
2025-08-14,83.14166666666667,48.13333333333333,617.125,33.62916666666667,11.529166666666667,58.541666666666664,0.64625,70.41666666666667,0.19166666666666668,145.33333333333334,84.70833333333333
2025-08-15,66.675,56.65833333333333,679.4166666666666,36.2,13.308333333333332,88.66666666666667,0.7704166666666667,19.375,1.1270833333333334,141.58333333333334,80.875
2025-08-16,71.87916666666666,64.49166666666666,789.3333333333334,31.4375,9.916666666666666,100.625,1.1995833333333332,14.916666666666666,1.4791666666666667,156.125,87.29166666666667
2025-08-17,42.520833333333336,40.40416666666667,521.5,19.829166666666666,6.504166666666666,91.625,1.1225,4.0,1.1333333333333333,145.79166666666666,85.45833333333333
2025-08-18,45.050000000000004,44.25833333333333,535.5833333333334,25.995833333333334,12.295833333333334,69.75,1.0025,1.625,0.9854166666666666,106.5,70.25
2025-08-19,52.90833333333333,51.1625,577.375,35.045833333333334,11.216666666666667,84.95833333333333,0.6708333333333334,3.5,2.0,140.5,81.375
2025-08-20,46.25416666666666,37.44166666666667,601.25,32.74583333333333,8.5875,85.08333333333333,0.5720833333333334,17.166666666666668,1.5770833333333334,121.54166666666667,74.29166666666667
2025-08-21,52.03333333333333,48.79583333333333,676.4583333333334,42.78333333333333,14.450000000000001,106.125,0.4379166666666667,6.25,2.1979166666666665,133.20833333333334,74.16666666666667
2025-08-22,60.51666666666667,57.50416666666666,811.875,44.737500000000004,13.2875,100.375,0.6725,5.25,1.7562499999999999,152.41666666666666,83.625
2025-08-23,37.025,33.895833333333336,500.6666666666667,20.337500000000002,8.700000000000001,94.16666666666667,1.0691666666666666,5.958333333333333,1.1291666666666667,126.08333333333333,76.70833333333333
2025-08-24,28.020833333333332,27.054166666666664,545.8333333333334,29.71666666666667,11.341666666666667,56.291666666666664,0.6783333333333333,1.7083333333333333,0.5375,86.33333333333333,63.291666666666664
2025-08-25,22.6125,22.604166666666668,461.9166666666667,23.6375,5.7625,42.75,0.3416666666666666,0.0,0.27708333333333335,82.04166666666667,61.5
2025-08-26,19.204166666666666,19.037499999999998,420.0,20.120833333333334,4.8625,64.54166666666667,0.42625,0.375,0.4604166666666667,59.541666666666664,35.625
2025-08-27,34.0875,33.375,780.125,26.491666666666664,7.4375,87.04166666666667,0.5379166666666667,1.4583333333333333,1.59375,79.16666666666667,55.166666666666664
2025-08-28,51.59583333333333,50.90833333333333,818.875,34.07083333333333,10.279166666666667,91.83333333333333,0.6933333333333334,1.4583333333333333,1.5229166666666665,133.25,78.58333333333333
2025-08-29,36.00416666666667,35.670833333333334,480.3333333333333,23.520833333333332,7.170833333333333,84.20833333333333,0.8883333333333333,0.5833333333333334,1.3104166666666666,121.54166666666667,75.25
2025-08-30,33.75833333333333,33.43333333333333,598.0416666666666,24.9875,10.408333333333333,73.41666666666667,0.7625000000000001,0.5416666666666666,1.0875000000000001,91.58333333333333,65.20833333333333
2025-08-31,39.75416666666667,39.62083333333333,586.75,28.683333333333334,10.6625,61.541666666666664,0.755,0.0,0.6416666666666667,109.04166666666667,71.375
2025-09-01,21.120833333333334,21.083333333333332,421.9166666666667,13.620833333333332,9.229166666666666,92.75,0.45208333333333334,0.0,1.5770833333333334,93.875,63.208333333333336
2025-09-02,20.958333333333332,20.858333333333334,455.5416666666667,16.283333333333335,8.095833333333333,67.66666666666667,0.43124999999999997,0.0,0.75,66.16666666666667,39.583333333333336
2025-09-03,24.145833333333332,24.0,435.7916666666667,24.650000000000002,8.145833333333334,58.125,0.48875,0.08333333333333333,0.56875,72.5,50.166666666666664
2025-09-04,24.2625,23.870833333333334,630.9166666666666,25.349999999999998,9.283333333333333,61.916666666666664,0.38083333333333336,0.5416666666666666,1.7000000000000002,79.41666666666667,59.916666666666664
2025-09-05,40.112500000000004,39.266666666666666,1240.7916666666667,56.912499999999994,13.129166666666668,79.375,0.22875,0.6666666666666666,2.002083333333333,100.16666666666667,65.08333333333333
2025-09-06,51.15,49.80416666666667,1081.5833333333333,62.61666666666667,14.779166666666667,75.70833333333333,0.34125,1.2083333333333333,1.1500000000000001,131.45833333333334,77.375
2025-09-07,39.354166666666664,38.7,794.9166666666666,34.579166666666666,10.691666666666668,66.41666666666667,0.6733333333333333,1.2916666666666667,0.8020833333333334,121.75,75.29166666666667
2025-09-08,30.829166666666666,30.583333333333332,986.0833333333334,32.6625,7.458333333333333,71.625,0.5904166666666667,0.20833333333333334,1.2125000000000001,97.625,67.41666666666667
2025-09-09,45.86666666666667,45.57916666666667,960.375,43.65,12.716666666666667,83.41666666666667,0.435,0.375,1.60625,115.125,70.125
2025-09-10,34.608333333333334,29.883333333333336,674.7083333333334,26.6375,9.887500000000001,79.83333333333333,0.32125,8.916666666666666,1.8875000000000002,110.875,71.83333333333333
2025-09-11,41.295833333333334,33.43333333333333,844.0833333333334,30.566666666666666,10.829166666666666,74.08333333333333,0.3425,14.791666666666666,1.945833333333333,87.29166666666667,62.958333333333336
2025-09-12,47.1,38.12916666666667,888.7083333333334,41.0625,10.429166666666667,59.625,0.4170833333333333,16.833333333333332,1.7083333333333333,101.29166666666667,68.79166666666667
2025-09-13,49.44583333333333,41.86666666666667,863.5833333333334,50.63333333333333,12.125,65.29166666666667,0.5333333333333333,14.125,1.40625,111.54166666666667,72.04166666666667
2025-09-14,42.30416666666667,36.37916666666667,877.4583333333334,53.275000000000006,11.9375,66.41666666666667,0.435,10.625,1.7020833333333334,115.29166666666667,73.04166666666667
2025-09-15,44.24166666666667,36.329166666666666,894.0,46.25833333333333,11.583333333333334,79.66666666666667,0.47833333333333333,14.333333333333334,1.6458333333333333,112.54166666666667,69.79166666666667
2025-09-16,50.95416666666667,40.25416666666667,670.9166666666666,38.895833333333336,10.983333333333334,86.66666666666667,0.4916666666666667,20.333333333333332,1.59375,114.375,70.08333333333333
2025-09-17,80.00833333333334,52.12916666666666,840.625,47.925000000000004,14.299999999999999,92.33333333333333,0.5220833333333333,53.666666666666664,1.5833333333333333,135.16666666666666,76.875
2025-09-18,64.55416666666666,46.4625,613.2083333333334,33.550000000000004,11.495833333333332,97.45833333333333,0.5175,35.666666666666664,1.5354166666666667,142.125,79.83333333333333
2025-09-19,63.925000000000004,47.416666666666664,712.6666666666666,38.4,13.666666666666666,95.125,0.45458333333333334,31.875,1.5520833333333333,137.54166666666666,77.375
2025-09-20,73.72500000000001,59.49166666666667,1006.9583333333334,54.2875,16.779166666666665,85.25,0.39166666666666666,27.666666666666668,1.6729166666666666,149.0,84.04166666666667
2025-09-21,83.40416666666667,62.475,728.5833333333334,63.237500000000004,18.2375,91.375,0.3954166666666667,40.625,1.5729166666666667,159.29166666666666,88.5
2025-09-22,61.5875,50.958333333333336,626.7083333333334,62.00416666666666,15.616666666666667,74.79166666666667,0.30416666666666664,19.958333333333332,1.6833333333333333,153.08333333333334,87.91666666666667
2025-09-23,45.36666666666667,35.520833333333336,657.4166666666666,50.475,12.529166666666667,79.75,0.23750000000000002,17.791666666666668,1.7770833333333333,119.5,72.125
2025-09-24,50.19166666666666,38.55833333333333,623.8333333333334,50.65833333333333,13.15,77.79166666666667,0.25916666666666666,21.5,1.7354166666666666,109.625,69.29166666666667
2025-09-25,51.38333333333333,38.84166666666667,731.75,50.612500000000004,12.833333333333334,77.625,0.24791666666666667,23.333333333333332,1.7604166666666667,118.04166666666667,71.66666666666667
2025-09-26,55.50416666666666,44.51666666666667,781.3333333333334,45.67083333333333,14.3375,86.29166666666667,0.37125,20.291666666666668,1.5895833333333333,130.20833333333334,76.25
2025-09-27,60.62916666666666,49.46666666666667,898.4583333333334,54.75,15.5625,88.875,0.35625,21.625,1.5374999999999999,135.45833333333334,77.0
2025-09-28,45.5625,40.00833333333333,1117.875,50.9125,12.183333333333332,93.16666666666667,0.3104166666666667,11.208333333333334,1.6791666666666665,131.125,74.20833333333333
2025-09-29,68.77916666666667,55.145833333333336,1125.375,52.15833333333333,18.070833333333333,93.79166666666667,0.5287499999999999,27.0,1.2249999999999999,132.45833333333334,76.54166666666667
2025-09-30,69.39999999999999,55.39166666666667,1104.5416666666667,37.016666666666666,18.787499999999998,120.08333333333333,0.5083333333333334,27.708333333333332,1.2854166666666667,160.75,86.83333333333333
2025-10-01,61.37916666666666,48.975,889.5833333333334,32.387499999999996,14.808333333333332,110.625,0.5854166666666667,24.75,1.2583333333333333,142.20833333333334,79.125
2025-10-02,69.1375,58.90416666666667,888.8333333333334,44.52916666666667,16.504166666666666,100.04166666666667,0.6304166666666667,20.208333333333332,1.2104166666666667,154.125,84.125
2025-10-03,55.362500000000004,49.479166666666664,926.4166666666666,28.712500000000002,15.1,118.91666666666667,0.7491666666666666,11.208333333333334,1.0416666666666667,153.66666666666666,83.95833333333333
2025-10-04,64.97916666666667,58.74166666666667,1333.0416666666667,38.416666666666664,17.3125,97.91666666666667,0.7254166666666667,12.0,1.0895833333333333,146.625,82.91666666666667
2025-10-05,63.625,56.6875,618.0416666666666,41.2375,14.6,93.08333333333333,0.6933333333333334,12.75,1.09375,153.04166666666666,88.25
2025-10-06,45.93333333333334,35.1625,370.4166666666667,29.962500000000002,10.924999999999999,77.58333333333333,0.6683333333333333,20.333333333333332,0.6145833333333334,116.25,73.625
2025-10-07,44.7875,34.800000000000004,658.7916666666666,35.275,8.891666666666667,65.5,0.49374999999999997,18.291666666666668,1.0833333333333333,104.25,69.58333333333333
2025-10-08,49.84166666666667,41.2875,972.125,49.88333333333333,11.558333333333332,66.70833333333333,0.34833333333333333,15.416666666666666,1.2395833333333333,105.16666666666667,69.70833333333333
2025-10-09,59.56666666666666,53.05833333333334,1688.3333333333333,56.35833333333333,15.004166666666668,78.45833333333333,0.2704166666666667,12.208333333333334,1.2666666666666666,137.16666666666666,80.08333333333333
2025-10-10,63.67916666666667,56.666666666666664,1473.7916666666667,60.229166666666664,14.895833333333334,75.08333333333333,0.2579166666666667,13.125,1.3041666666666667,140.33333333333334,81.25
2025-10-11,52.29583333333333,48.1,1084.625,59.49583333333334,14.362499999999999,72.5,0.23,7.958333333333333,1.3916666666666666,147.91666666666666,84.04166666666667
2025-10-12,60.083333333333336,54.24583333333333,1161.4166666666667,47.69166666666666,15.620833333333332,83.25,0.21708333333333332,11.208333333333334,1.3833333333333335,130.125,77.95833333333333
2025-10-13,69.82083333333334,65.97083333333333,1287.125,76.29166666666667,19.875,79.625,0.23208333333333334,7.166666666666667,1.3229166666666667,155.45833333333334,90.16666666666667
2025-10-14,76.92916666666666,73.66250000000001,1453.8333333333333,79.47500000000001,21.683333333333334,74.29166666666667,0.3025,6.125,1.2604166666666667,159.0,97.29166666666667
2025-10-15,68.93333333333334,64.97916666666667,1620.25,56.21666666666667,20.241666666666667,87.75,0.5079166666666667,7.291666666666667,1.0,159.625,93.79166666666667
2025-10-16,80.27499999999999,75.6125,1441.625,70.49166666666666,22.729166666666668,88.33333333333333,0.44250000000000006,8.458333333333334,1.125,164.66666666666666,98.54166666666667
2025-10-17,76.88333333333334,74.4375,1664.0,82.05416666666666,23.666666666666668,84.33333333333333,0.29750000000000004,4.375,1.2395833333333333,164.66666666666666,100.25
2025-10-18,78.57083333333334,76.95,1611.125,89.35416666666667,26.354166666666668,86.625,0.24916666666666668,3.0,1.23125,165.25,100.70833333333333
2025-10-19,76.32916666666667,75.175,1883.25,87.21249999999999,24.416666666666668,75.66666666666667,0.30916666666666665,2.0833333333333335,1.1479166666666665,163.70833333333334,103.125
2025-10-20,65.37916666666666,62.40833333333333,1299.6666666666667,78.6375,19.375,74.45833333333333,0.3145833333333333,5.416666666666667,1.1479166666666667,155.54166666666666,91.70833333333333
2025-10-21,57.520833333333336,54.45416666666667,904.75,59.47083333333333,16.233333333333334,77.125,0.41124999999999995,5.75,1.0229166666666667,152.20833333333334,87.79166666666667
2025-10-22,51.3125,49.36666666666667,1105.9166666666667,56.666666666666664,13.295833333333334,73.33333333333333,0.3125,3.625,1.1479166666666667,131.875,78.54166666666667
2025-10-23,70.02499999999999,66.41666666666667,2013.8333333333333,66.8,16.129166666666666,73.58333333333333,0.3358333333333334,6.625,1.1104166666666666,150.0,87.125
2025-10-24,75.7375,73.04166666666667,1387.2083333333333,72.10416666666667,20.8875,72.875,0.34625,4.833333333333333,1.1208333333333333,158.20833333333334,96.79166666666667
2025-10-25,99.1375,94.47500000000001,1404.8333333333333,78.82083333333334,26.2625,87.125,0.47458333333333336,8.75,1.0145833333333334,167.08333333333334,105.04166666666667
2025-10-26,120.94583333333333,114.71249999999999,1498.0,79.71666666666667,28.275000000000002,92.45833333333333,0.615,11.666666666666666,0.9229166666666666,179.5,125.16666666666667
2025-10-27,113.39999999999999,107.9375,1256.6666666666667,71.87916666666666,27.84583333333333,86.75,0.6483333333333333,10.166666666666666,0.8666666666666667,181.16666666666666,128.0
2025-10-28,121.5,95.05416666666667,1370.375,80.10000000000001,21.90833333333333,69.75,0.5054166666666666,49.5,1.0229166666666667,173.125,119.625
2025-10-29,132.90416666666667,116.6375,1638.625,74.50416666666666,21.333333333333332,79.66666666666667,0.6979166666666666,29.541666666666668,0.9104166666666668,177.16666666666666,125.54166666666667
2025-10-30,127.92916666666667,121.34166666666665,1477.7916666666667,74.86666666666666,24.041666666666668,80.54166666666667,0.6766666666666666,12.375,0.9,185.91666666666666,139.0
2025-10-31,116.78750000000001,110.925,1534.375,60.01666666666666,19.704166666666666,88.875,0.515,10.916666666666666,0.9812500000000001,180.54166666666666,130.83333333333334
2025-11-01,121.14999999999999,114.02499999999999,1559.25,65.49166666666666,17.962500000000002,69.70833333333333,0.5437500000000001,13.083333333333334,0.93125,181.54166666666666,132.33333333333334
2025-11-02,114.95416666666667,108.02499999999999,1813.875,50.729166666666664,17.25,78.54166666666667,0.44625000000000004,12.666666666666666,0.9729166666666668,177.25,125.79166666666667
2025-11-03,120.6125,113.87083333333334,2270.2083333333335,72.1125,24.120833333333334,66.375,0.37000000000000005,12.083333333333334,1.0291666666666666,180.375,130.66666666666666
2025-11-04,73.20416666666667,63.63333333333333,705.4583333333334,29.28333333333333,14.9375,86.16666666666667,0.46375000000000005,17.791666666666668,0.8875000000000001,168.70833333333334,112.875
2025-11-05,59.44166666666666,40.145833333333336,584.7916666666666,20.974999999999998,10.799999999999999,88.95833333333333,0.38458333333333333,35.666666666666664,0.8520833333333333,125.91666666666667,77.125
2025-11-06,35.375,33.612500000000004,850.1666666666666,32.12083333333333,11.758333333333333,74.625,0.17708333333333334,2.9166666666666665,0.9333333333333335,102.45833333333333,69.125
2025-11-07,51.050000000000004,49.35833333333333,1370.0833333333333,49.49166666666667,14.370833333333332,71.625,0.14208333333333334,2.7916666666666665,0.9291666666666667,114.41666666666667,72.95833333333333
2025-11-08,60.52916666666667,58.916666666666664,1598.3333333333333,55.37083333333334,14.995833333333332,68.625,0.20458333333333334,2.7916666666666665,0.8854166666666666,148.58333333333334,84.58333333333333
2025-11-09,62.38333333333333,61.50416666666666,1681.0833333333333,55.17083333333333,13.745833333333332,67.79166666666667,0.18541666666666667,1.4583333333333333,0.9083333333333333,153.20833333333334,89.25
2025-11-10,88.075,86.45416666666667,2232.2083333333335,62.10833333333333,18.420833333333334,63.416666666666664,0.345,2.8333333333333335,0.85,157.04166666666666,95.125
2025-11-11,115.17916666666667,111.69166666666666,1708.625,66.32083333333334,22.1375,67.29166666666667,0.50875,6.25,0.7458333333333332,175.29166666666666,122.79166666666667
2025-11-12,105.29583333333333,102.34166666666665,1470.9166666666667,59.89166666666667,20.345833333333335,71.625,0.3833333333333333,5.083333333333333,0.7833333333333333,177.33333333333334,125.70833333333333
2025-11-13,95.07916666666667,92.32083333333333,1523.75,56.6,18.974999999999998,67.16666666666667,0.28250000000000003,5.083333333333333,0.8041666666666667,174.625,121.91666666666667
2025-11-14,102.9375,98.24583333333334,1785.25,61.05833333333334,22.691666666666666,62.0,0.3116666666666667,8.541666666666666,0.8125,167.0,110.25
2025-11-15,109.85416666666667,105.24166666666667,2014.6666666666667,62.987500000000004,27.46666666666667,60.625,0.3129166666666667,8.458333333333334,0.8125,178.375,127.66666666666667
2025-11-16,101.25416666666666,99.01666666666667,2208.0416666666665,68.33333333333333,26.816666666666666,54.375,0.32749999999999996,4.083333333333333,0.8624999999999999,171.875,117.375
2025-11-17,119.9875,118.75833333333333,2213.0416666666665,75.57083333333334,29.133333333333336,55.375,0.3520833333333333,2.125,0.8416666666666667,176.125,124.25
2025-11-18,142.4,141.42499999999998,2418.9166666666665,76.0625,34.391666666666666,67.29166666666667,0.455,1.8333333333333333,0.7708333333333334,190.70833333333334,146.25
2025-11-19,152.17499999999998,151.4,1987.7916666666667,88.33749999999999,44.229166666666664,76.0,0.5345833333333333,1.2083333333333333,0.71875,197.70833333333334,156.875
2025-11-20,135.34166666666667,134.88750000000002,1913.625,88.925,41.93333333333333,81.08333333333333,0.6004166666666667,1.0,0.6729166666666666,195.04166666666666,152.75
2025-11-21,144.04583333333332,143.41666666666666,1568.8333333333333,72.84166666666667,33.229166666666664,73.58333333333333,0.7979166666666666,1.2083333333333333,0.5895833333333333,193.375,150.33333333333334
2025-11-22,148.79583333333332,147.87916666666666,2177.75,72.50833333333334,34.92916666666667,73.25,0.6816666666666666,1.4583333333333333,0.6333333333333333,199.375,159.125
2025-11-23,145.04583333333332,143.72916666666666,2601.875,89.22500000000001,37.237500000000004,71.0,0.5670833333333333,2.2083333333333335,0.5916666666666667,205.625,164.625
2025-11-24,106.15416666666665,104.8,1941.9583333333333,59.27916666666667,26.608333333333334,78.875,0.36166666666666664,2.5416666666666665,0.6916666666666668,182.0,132.91666666666666
2025-11-25,104.34166666666665,103.07083333333333,1823.3333333333333,56.479166666666664,27.058333333333334,75.04166666666667,0.30416666666666664,2.375,0.7208333333333333,176.08333333333334,123.91666666666667
2025-11-26,117.6875,115.84583333333335,2011.5416666666667,63.45416666666667,32.291666666666664,67.125,0.3325,3.5416666666666665,0.7166666666666667,177.70833333333334,126.45833333333333
2025-11-27,116.16666666666667,114.63333333333333,1725.7083333333333,63.40833333333333,31.46666666666667,72.66666666666667,0.33749999999999997,2.875,0.7229166666666668,181.54166666666666,132.16666666666666
2025-11-28,101.84166666666668,101.12916666666666,1667.0833333333333,59.6,30.633333333333336,77.95833333333333,0.3,1.3333333333333333,0.7395833333333334,179.75,129.54166666666666
2025-11-29,79.83333333333333,78.85833333333333,1973.3333333333333,47.708333333333336,27.695833333333336,86.95833333333333,0.20375,1.875,0.7937500000000001,166.5,109.375
2025-11-30,78.75416666666666,77.90833333333333,1842.1666666666667,50.75833333333333,24.55,78.08333333333333,0.21541666666666667,1.4166666666666667,0.7374999999999999,162.20833333333334,103.0
2025-12-01,92.175,91.14583333333333,2717.3333333333335,54.166666666666664,24.829166666666666,72.45833333333333,0.33375,1.0,0.7000000000000001,162.95833333333334,104.08333333333333
2025-12-02,132.70000000000002,132.22083333333333,2306.625,64.7,33.3125,74.41666666666667,0.5241666666666667,1.0,0.6083333333333333,181.375,132.16666666666666
2025-12-03,129.37916666666666,129.14166666666668,2055.2916666666665,56.14166666666667,31.704166666666666,84.20833333333333,0.36791666666666667,0.4166666666666667,0.6791666666666667,191.83333333333334,148.04166666666666
2025-12-04,98.5125,98.14166666666667,1869.125,58.40416666666667,26.525000000000002,73.95833333333333,0.32583333333333336,0.375,0.6833333333333335,178.83333333333334,128.375
2025-12-05,111.85416666666667,110.21249999999999,2155.6666666666665,68.37083333333334,31.275000000000002,71.16666666666667,0.3045833333333333,0.6666666666666666,0.6645833333333333,176.0,123.875
2025-12-06,86.29166666666667,85.82916666666667,1618.75,36.75416666666667,23.979166666666668,86.41666666666667,0.2704166666666667,0.75,0.6687500000000001,170.95833333333334,116.375
2025-12-07,113.00833333333334,112.04583333333333,2331.1666666666665,55.23333333333333,25.212500000000002,72.54166666666667,0.35375,1.7083333333333333,0.61875,171.04166666666666,116.45833333333333
2025-12-08,93.70416666666667,92.25,1655.9583333333333,48.479166666666664,21.291666666666668,76.79166666666667,0.2625,2.5416666666666665,0.6104166666666667,180.41666666666666,130.625
2025-12-09,66.8,64.13333333333334,1703.5833333333333,44.987500000000004,18.004166666666666,70.20833333333333,0.205,2.5833333333333335,0.6666666666666666,154.83333333333334,92.20833333333333
2025-12-10,94.60416666666667,92.6875,2170.75,61.112500000000004,25.2625,61.375,0.21958333333333335,1.125,0.6416666666666667,162.375,103.25
2025-12-11,146.01250000000002,145.07500000000002,2488.4583333333335,75.41666666666667,37.324999999999996,74.54166666666667,0.32,1.0416666666666667,0.625,187.375,141.20833333333334
2025-12-12,181.60833333333335,180.69583333333333,3688.6666666666665,91.54166666666667,40.55833333333333,77.66666666666667,0.38999999999999996,1.5416666666666667,0.6041666666666666,209.45833333333334,167.625
2025-12-13,164.57500000000002,163.06666666666666,2228.5833333333335,65.6875,37.737500000000004,68.41666666666667,0.52625,2.875,0.4604166666666667,228.0,182.875
2025-12-14,170.09583333333333,166.97916666666666,1863.7083333333333,61.416666666666664,41.40416666666667,82.45833333333333,0.4875,5.875,0.50625,199.375,157.875
2025-12-15,149.04583333333332,145.975,1867.6666666666667,54.63333333333333,37.36666666666667,78.79166666666667,0.39291666666666664,5.666666666666667,0.54375,224.875,180.375
2025-12-16,90.99166666666667,88.60000000000001,1607.25,31.837500000000002,24.7,98.75,0.29875,4.333333333333333,0.65625,178.58333333333334,127.95833333333333
2025-12-17,95.30833333333334,87.925,2091.0,43.11666666666667,20.333333333333332,75.58333333333333,0.24333333333333332,13.75,0.6916666666666668,165.54166666666666,108.0
2025-12-18,162.4625,158.19583333333333,2947.375,68.925,43.69166666666666,78.91666666666667,0.38958333333333334,7.791666666666667,0.5666666666666667,180.79166666666666,131.08333333333334
2025-12-19,164.46666666666667,163.5875,3165.7916666666665,76.31666666666666,42.016666666666666,72.04166666666667,0.42166666666666663,1.3333333333333333,0.625,222.29166666666666,178.33333333333334
2025-12-20,155.42916666666667,153.77916666666667,3617.9166666666665,66.89166666666667,40.50833333333333,65.375,0.48875,3.0416666666666665,0.4916666666666667,209.41666666666666,167.95833333333334
2025-12-21,141.9375,139.57500000000002,1989.2916666666667,48.104166666666664,30.15416666666667,69.125,0.6079166666666667,4.375,0.5104166666666666,198.625,157.70833333333334
2025-12-22,111.8125,109.20833333333333,1951.8333333333333,51.70416666666667,22.90833333333333,51.25,0.635,4.583333333333333,0.4666666666666666,188.33333333333334,142.58333333333334
2025-12-23,60.2125,57.5625,994.0833333333334,31.566666666666666,14.641666666666666,64.25,0.38666666666666666,4.541666666666667,0.5604166666666667,161.5,102.08333333333333
2025-12-24,57.541666666666664,54.77916666666667,1372.7916666666667,37.68333333333333,16.45,64.04166666666667,0.18625,3.4166666666666665,0.6208333333333333,142.16666666666666,82.08333333333333
2025-12-25,78.97500000000001,76.84166666666667,1850.2083333333333,54.57916666666667,22.787499999999998,51.833333333333336,0.1775,0.4166666666666667,0.6020833333333333,155.83333333333334,93.25
2025-12-26,126.33749999999999,123.8125,2534.25,66.27499999999999,39.145833333333336,56.958333333333336,0.26916666666666667,1.3333333333333333,0.6062500000000001,173.25,119.70833333333333
2025-12-27,125.45833333333333,124.31666666666666,2298.75,52.30833333333334,32.512499999999996,71.04166666666667,0.3516666666666666,2.0833333333333335,0.5645833333333333,188.41666666666666,142.75
2025-12-28,143.55416666666667,142.95416666666668,2684.125,64.52083333333333,35.55833333333333,61.541666666666664,0.36874999999999997,0.8333333333333334,0.5854166666666667,189.20833333333334,143.95833333333334
2025-12-29,141.26250000000002,140.75416666666666,2210.0416666666665,68.92916666666666,33.65416666666667,54.041666666666664,0.4370833333333333,0.7083333333333334,0.46458333333333335,193.45833333333334,150.54166666666666
2025-12-30,172.85416666666666,172.52916666666667,2240.625,75.07083333333334,46.887499999999996,68.625,0.49833333333333335,0.375,0.5229166666666667,220.75,176.75
2025-12-31,156.34166666666667,155.65833333333333,2120.2083333333335,57.62083333333334,32.4,53.5,0.68,1.2916666666666667,0.3020833333333333,207.08333333333334,165.79166666666666
2026-01-01,124.3125,121.425,1360.5,33.44583333333333,23.070833333333336,62.125,1.36125,4.875,0.1729166666666667,187.79166666666666,141.66666666666666
2026-01-02,142.34166666666667,138.28333333333333,1497.0833333333333,55.916666666666664,23.704166666666666,50.625,0.6891666666666666,7.125,0.5020833333333333,195.875,153.95833333333334
2026-01-03,137.82916666666668,134.30833333333334,2244.7916666666665,58.19166666666667,24.758333333333336,55.791666666666664,0.5791666666666667,6.166666666666667,0.5354166666666667,190.33333333333334,145.625
2026-01-04,165.05416666666667,160.04583333333332,2036.2916666666667,69.6125,30.90833333333333,50.75,0.8558333333333333,8.833333333333334,0.4666666666666666,196.45833333333334,154.75
2026-01-05,192.26250000000002,186.8083333333333,2041.0833333333333,66.27499999999999,28.383333333333336,63.875,0.9083333333333333,9.708333333333334,0.4666666666666666,238.25,191.16666666666666
2026-01-06,178.29166666666666,173.53333333333333,2104.7916666666665,54.4625,21.829166666666666,69.29166666666667,0.8191666666666667,8.291666666666666,0.41041666666666665,218.75,175.41666666666666
2026-01-07,206.63333333333333,200.9,2619.0416666666665,80.19583333333334,29.05,64.20833333333333,0.7970833333333333,10.166666666666666,0.39375,226.54166666666666,181.58333333333334
2026-01-08,220.51666666666665,214.6,2742.9166666666665,81.16666666666667,36.52916666666666,56.0,0.71125,10.458333333333334,0.4041666666666666,274.0833333333333,219.66666666666666
2026-01-09,160.53333333333333,156.10416666666666,1805.2916666666667,60.55833333333334,23.566666666666666,56.083333333333336,0.5933333333333334,7.791666666666667,0.4895833333333333,234.70833333333334,188.08333333333334
2026-01-10,152.69583333333333,150.18333333333334,1841.2083333333333,58.875,24.962500000000002,74.375,0.4708333333333334,4.375,0.5541666666666667,199.95833333333334,159.45833333333334
2026-01-11,142.45000000000002,141.1875,2035.9583333333333,50.84166666666667,23.2625,85.45833333333333,0.48458333333333337,2.125,0.6333333333333333,197.45833333333334,156.5
2026-01-12,160.99583333333334,159.56666666666666,3625.8333333333335,60.99166666666667,28.645833333333332,74.58333333333333,0.4216666666666667,2.0416666666666665,0.6291666666666667,194.33333333333334,151.625
2026-01-13,216.85,214.85416666666666,3559.875,80.50833333333334,38.49583333333333,62.458333333333336,0.66125,2.125,0.5708333333333333,242.16666666666666,194.20833333333334
2026-01-14,213.50833333333333,212.63333333333333,3541.5416666666665,72.96249999999999,32.90833333333333,85.08333333333333,0.6495833333333333,1.3333333333333333,0.625,265.0416666666667,212.54166666666666
2026-01-15,234.1291666666667,233.03333333333333,3812.0833333333335,86.46249999999999,27.516666666666666,69.70833333333333,0.5429166666666666,2.0833333333333335,0.6083333333333333,269.125,215.66666666666666
2026-01-16,256.3833333333333,253.65,2955.4583333333335,93.625,45.18333333333334,47.041666666666664,0.5495833333333333,5.041666666666667,0.4895833333333333,297.625,238.45833333333334
2026-01-17,224.32916666666665,220.58333333333334,2294.25,72.21249999999999,38.69583333333333,55.541666666666664,0.38916666666666666,6.708333333333333,0.53125,296.1666666666667,237.375
2026-01-18,185.02916666666667,181.54166666666666,2792.7083333333335,80.52916666666667,36.891666666666666,67.91666666666667,0.4975,6.125,0.5375,233.91666666666666,187.54166666666666
2026-01-19,220.1208333333333,217.67916666666667,2383.4166666666665,92.14999999999999,41.137499999999996,74.625,0.7083333333333334,4.25,0.5020833333333333,264.0833333333333,211.79166666666666
2026-01-20,192.33333333333334,189.97916666666666,2141.0416666666665,76.90416666666667,32.84583333333333,70.25,0.6366666666666667,4.166666666666667,0.50625,249.91666666666666,200.41666666666666
2026-01-21,179.7541666666667,177.35416666666666,2183.75,82.5,35.083333333333336,66.70833333333333,0.48500000000000004,4.291666666666667,0.5979166666666667,231.58333333333334,185.70833333333334
2026-01-22,122.575,120.84166666666665,1728.0416666666667,54.4125,26.041666666666668,72.125,0.6629166666666667,3.0416666666666665,0.5270833333333333,212.95833333333334,170.125
2026-01-23,53.59166666666667,46.354166666666664,627.5833333333334,21.8,12.108333333333334,71.08333333333333,0.57,12.958333333333334,0.5479166666666667,149.95833333333334,94.79166666666667
2026-01-24,77.10416666666667,59.10833333333333,1242.25,34.62916666666667,14.054166666666667,46.125,0.33041666666666664,30.125,0.5958333333333333,142.0,83.20833333333333
2026-01-25,69.47916666666667,68.13333333333334,1354.5416666666667,38.358333333333334,15.745833333333332,64.16666666666667,0.3070833333333333,2.0833333333333335,0.6416666666666667,147.125,84.5
2026-01-26,111.45833333333333,108.4875,1743.8333333333333,58.3375,23.258333333333336,44.666666666666664,0.5845833333333333,1.9166666666666667,0.3875,168.625,112.625
2026-01-27,73.2875,68.70416666666667,759.75,30.208333333333332,13.487499999999999,61.291666666666664,0.6741666666666667,8.125,0.375,166.5,109.375
2026-01-28,90.72500000000001,87.28333333333335,1163.5833333333333,41.949999999999996,20.25,56.083333333333336,0.37625,5.291666666666667,0.6916666666666668,162.5,103.29166666666667
2026-01-29,70.91250000000001,69.38333333333334,1360.0416666666667,45.300000000000004,21.025000000000002,57.583333333333336,0.23291666666666666,1.4166666666666667,0.7208333333333333,164.0,105.75
2026-01-30,85.60416666666667,83.25833333333334,2125.125,60.15,23.2,57.708333333333336,0.255,0.875,0.7270833333333333,157.54166666666666,96.0
2026-01-31,148.13750000000002,146.09583333333333,2318.0833333333335,74.55,26.712500000000002,51.916666666666664,0.5108333333333334,2.125,0.5520833333333334,183.70833333333334,135.70833333333334
2026-02-01,158.78333333333333,156.24166666666667,1166.375,53.29583333333333,18.866666666666667,54.125,0.9395833333333333,4.458333333333333,0.4291666666666667,206.79166666666666,165.58333333333334
2026-02-02,120.14583333333333,116.66666666666667,1067.2916666666667,45.96666666666667,12.216666666666667,41.5,0.7395833333333334,6.083333333333333,0.5375,193.75,150.375
2026-02-03,117.65416666666665,113.61666666666667,1555.125,52.92083333333333,22.616666666666664,72.20833333333333,0.6345833333333334,7.125,0.6416666666666667,175.625,123.54166666666667
2026-02-04,116.19583333333333,111.7625,1097.9166666666667,48.80416666666667,13.129166666666668,54.541666666666664,0.47041666666666665,8.041666666666666,0.75,188.625,143.125
2026-02-05,70.14999999999999,66.66666666666667,1351.2916666666667,42.166666666666664,15.908333333333333,68.75,0.19416666666666668,5.75,0.9,158.75,97.66666666666667
2026-02-06,99.23333333333333,95.67083333333333,1771.9166666666667,67.575,24.145833333333332,62.875,0.425,3.7083333333333335,0.8416666666666667,164.08333333333334,105.75
2026-02-07,68.53750000000001,50.52916666666667,941.0416666666666,36.800000000000004,14.825000000000001,64.5,0.29375,32.875,0.9583333333333334,164.54166666666666,106.54166666666667
2026-02-08,58.25416666666666,52.03333333333333,1061.2916666666667,40.40833333333333,13.625,68.95833333333333,0.1725,9.75,0.9770833333333333,120.29166666666667,75.0
2026-02-09,97.12083333333334,91.80416666666667,1566.6666666666667,64.0125,22.979166666666668,55.25,0.40375,6.291666666666667,0.7604166666666666,159.5,99.5
2026-02-10,82.4375,75.77083333333333,880.7083333333334,29.858333333333334,14.929166666666667,83.16666666666667,0.6379166666666667,9.5,0.6583333333333333,169.16666666666666,113.5
2026-02-11,40.800000000000004,34.53333333333333,646.5,23.329166666666666,9.9625,73.54166666666667,0.28791666666666665,11.583333333333334,0.86875,119.375,76.54166666666667
2026-02-12,45.67083333333333,43.26666666666667,1002.2916666666666,33.78333333333333,13.387500000000001,76.29166666666667,0.16958333333333334,3.5,1.0229166666666667,103.66666666666667,69.625
2026-02-13,70.24583333333334,67.87083333333334,1198.8333333333333,50.7125,17.337500000000002,67.75,0.2275,2.0,0.9874999999999999,149.625,88.54166666666667
2026-02-14,81.02083333333333,77.22083333333333,1289.9166666666667,50.229166666666664,19.5,74.54166666666667,0.2791666666666667,4.916666666666667,0.9187500000000001,161.41666666666666,101.625
2026-02-15,77.45416666666667,68.4125,1441.4583333333333,45.74166666666667,16.254166666666666,75.33333333333333,0.24875,16.875,0.9458333333333333,157.20833333333334,95.29166666666667
2026-02-16,93.3125,81.66666666666667,1336.5,52.35,20.633333333333333,82.41666666666667,0.33166666666666667,19.166666666666668,0.9916666666666667,160.79166666666666,100.45833333333333
2026-02-17,81.95,74.99166666666666,1033.8333333333333,36.2875,21.191666666666666,89.16666666666667,0.5554166666666667,13.083333333333334,0.6583333333333333,159.83333333333334,99.5
2026-02-18,83.00416666666666,77.55,1010.1666666666666,46.95416666666667,18.945833333333333,79.125,0.6308333333333334,10.041666666666666,0.7687499999999999,163.625,105.25
